parent,distance,keytag,importance,biz_ext,type,photos,building,typecode,shopinfo,poiweight,adname,featured_reviews_remake,tel,id,address,space_num,pname,biz_type,cityname,childtype,atag,name,location,shopid,favorite_num,featured_reviews,rating,cost,cost_missing,rating_missing,rating_is_zero,valid_for_model,type_main,cat_level1,cat_level2,tag_list
B0FFH2VWTH,[],烧烤,[],[],餐饮服务;中餐厅;特色/地方风味餐厅,[],[],050118,0,[],上城区,[],17280744194,B0I07DLSY0,新业路228号来福士6层,[],浙江省,diner,杭州市,201,"呼伦贝尔羊肉串,就是呼伦贝尔羊肉串,五花肉,烤肉,羊肉,羊肉串",很久以前羊肉串(杭州来福士店),"120.212917,30.249512",[],[],[],4.6,87,FALSE,FALSE,FALSE,TRUE,餐饮服务;中餐厅;特色/地方风味餐厅,餐饮服务,中餐厅,"['呼伦贝尔羊肉串', '就是呼伦贝尔羊肉串', '五花肉', '烤肉', '羊肉', '羊肉串']"
B0H07X5CU0,[],打边炉,[],[],餐饮服务;中餐厅;火锅店,[],[],050117,0,[],上城区,[],0571-86892889,B0FFLJUT1C,新业路228号来福士中心1幢5001、5002、5004室,[],浙江省,diner,杭州市,202,"牛肉,双人餐",上房火鍋(杭州来福士中心店),"120.212440,30.248310",[],[],[],4.7,487,FALSE,FALSE,FALSE,TRUE,餐饮服务;中餐厅;火锅店,餐饮服务,中餐厅,"['牛肉', '双人餐']"
B0FFH2VWTH,[],牛肉火锅,[],[],餐饮服务;中餐厅;火锅店,[],[],050117,0,[],上城区,[],0571-86091580,B0KRPGKMZH,四季青街道新业路228号杭州来福士中心3层15/16号,[],浙江省,diner,杭州市,201,"牛肉,双人餐",八合里潮汕鲜牛肉火锅(杭州来福士店),"120.212709,30.249027",[],[],[],4.6,105,FALSE,FALSE,FALSE,TRUE,餐饮服务;中餐厅;火锅店,餐饮服务,中餐厅,"['牛肉', '双人餐']"
B0J26CYRI7,[],牛肉火锅,[],[],餐饮服务;中餐厅;中餐厅,[],[],050100,0,[],上城区,[],19705029822,B0LUCUSXJV,民心路与新业路交叉路口往东北约150米中国人寿大厦2号楼2层206室,[],浙江省,diner,杭州市,202,[],泉市鲜活牛肉店(钱江新城店),"120.212096,30.250237",[],[],[],4.7,111,FALSE,FALSE,FALSE,TRUE,餐饮服务;中餐厅;中餐厅,餐饮服务,中餐厅,[]
B0FFH2VWTH,[],自助餐,[],[],餐饮服务;外国餐厅;日本料理,[],[],050202,0,[],上城区,[],0571-86022015,B0I1ODBA7N,新业路228号杭州来福士中心六楼,[],浙江省,diner,杭州市,202,"虎皮凤爪,椒麻大虾,渣渣牛肉锅,热卤猪蹄,小龙虾,云南风味酸菜牛肉锅,双人餐,牛肉,自助餐",牛New寿喜烧(来福士店),"120.212943,30.249170",[],[],[],4.7,172,FALSE,FALSE,FALSE,TRUE,餐饮服务;外国餐厅;日本料理,餐饮服务,外国餐厅,"['虎皮凤爪', '椒麻大虾', '渣渣牛肉锅', '热卤猪蹄', '小龙虾', '云南风味酸菜牛肉锅', '双人餐', '牛肉', '自助餐']"
B0H07X5CU0,[],火锅,[],[],餐饮服务;中餐厅;火锅店,[],[],050117,0,[],上城区,[],0571-88969777;19157816942,B0JKZCUNEC,西子火锅·钱塘江江景餐厅(来福士店),[],浙江省,diner,杭州市,202,"小火锅,牛肉饼,鹅肉,烧鹅,鲍鱼,帝王蟹",西子火锅(来福士店),"120.212391,30.248369",[],[],[],4.7,569,FALSE,FALSE,FALSE,TRUE,餐饮服务;中餐厅;火锅店,餐饮服务,中餐厅,"['小火锅', '牛肉饼', '鹅肉', '烧鹅', '鲍鱼', '帝王蟹']"
B0I1LCMZ0B,[],牛肉火锅,[],[],餐饮服务;中餐厅;火锅店,[],[],050117,0,[],上城区,[],[],B0JB3CEZBS,钱江新城万潮星汇1幢101-102,[],浙江省,diner,杭州市,202,"牛肉火锅,单人餐",小牛滔滔贵州黄牛肉火锅(钱江新城店),"120.209460,30.250520",[],[],[],4.7,92,FALSE,FALSE,FALSE,TRUE,餐饮服务;中餐厅;火锅店,餐饮服务,中餐厅,"['牛肉火锅', '单人餐']"
B0H07X5CU0,[],粤菜,[],[],餐饮服务;中餐厅;中餐厅,[],[],050100,0,[],上城区,[],0571-88370188;18958026398;19357639397,B0HKCUD6MK,来福士中心1幢5801室,[],浙江省,diner,杭州市,202,"帝王蟹两仪,黑松露玻璃乳鸽,黑松露蛋白蒸龙虾,鲍汁焖猪手,黄油蟹,官燕锦鲤布丁,招牌瑶柱炖响螺,龙虾汤蒸帝王蟹,文火雪花牛小排,宫廷鸽吞燕,碳烧牛肋骨,伊比利亚5J火腿,十年花雕醉台山膏蟹,酸汤大鲍翅,招牌鲜果拿破仑,龙虾汤蒸松叶蟹,潮汕生腌小青龙,榄仁桂花阿拉斯加蟹,红胡椒砂锅焗蟹,苏格兰竹蛏皇,黑松露脆皮黄玉参,柠檬,点心,鸡汤,鹅肝,火腿,鸡爪",粤榕轩·君宴,"120.212506,30.248438",[],[],[],4.7,498,FALSE,FALSE,FALSE,TRUE,餐饮服务;中餐厅;中餐厅,餐饮服务,中餐厅,"['帝王蟹两仪', '黑松露玻璃乳鸽', '黑松露蛋白蒸龙虾', '鲍汁焖猪手', '黄油蟹', '官燕锦鲤布丁', '招牌瑶柱炖响螺', '龙虾汤蒸帝王蟹', '文火雪花牛小排', '宫廷鸽吞燕', '碳烧牛肋骨', '伊比利亚5J火腿', '十年花雕醉台山膏蟹', '酸汤大鲍翅', '招牌鲜果拿破仑', '龙虾汤蒸松叶蟹', '潮汕生腌小青龙', '榄仁桂花阿拉斯加蟹', '红胡椒砂锅焗蟹', '苏格兰竹蛏皇', '黑松露脆皮黄玉参', '柠檬', '点心', '鸡汤', '鹅肝', '火腿', '鸡爪']"
B0FFH2VWTH,[],自助餐,[],[],餐饮服务;中餐厅;中餐厅,[],[],050100,0,[],上城区,[],0571-81968111;0571-88127222,B0J2PRDBTW,新业路228号来福士广场中心03层07号,[],浙江省,diner,杭州市,201,"刺身拼盘,牛肉,三文鱼,刺身,寿司,龙虾,芝士,鲍鱼",極上萬膳·日料放题(来福士中心店),"120.212521,30.248316",[],[],[],4.7,349,FALSE,FALSE,FALSE,TRUE,餐饮服务;中餐厅;中餐厅,餐饮服务,中餐厅,"['刺身拼盘', '牛肉', '三文鱼', '刺身', '寿司', '龙虾', '芝士', '鲍鱼']"
B0G3DL3IY3,[],中餐,[],[],餐饮服务;中餐厅;中餐厅,[],[],050100,0,[],上城区,[],0571-85555188,B0H1AC4E5M,解放东路45号高德商场F5层,[],浙江省,diner,杭州市,202,"土豆泥,巧克力,杨枝甘露,牛肉,牛蛙,鲍鱼,奶油,水果茶,红烧肉,下午茶,芋泥,虾仁",3号仓库·创意中国菜(钱江新城店),"120.208308,30.243343",[],[],[],4.7,106,FALSE,FALSE,FALSE,TRUE,餐饮服务;中餐厅;中餐厅,餐饮服务,中餐厅,"['土豆泥', '巧克力', '杨枝甘露', '牛肉', '牛蛙', '鲍鱼', '奶油', '水果茶', '红烧肉', '下午茶', '芋泥', '虾仁']"
B0FFH2VWTH,[],火锅,[],[],餐饮服务;中餐厅;火锅店,[],[],050117,0,[],上城区,[],0571-81965617,B0FFHTLLV3,新业路228号来福士广场4楼L4-20号,[],浙江省,diner,杭州市,201,"鲜牛杂鸳鸯锅,吊龙,牛肉饼,炸腐皮,嫩肉,风味牛舌,薏米马蹄水,五花腱,匙皮肉,双丸拼盘,脚趾肉,肥胼,箭笋片,牛肉春卷,潮汕牛肉片,牛肉",左庭右院鲜牛肉火锅(来福士店),"120.212938,30.249633",[],[],[],4.6,133,FALSE,FALSE,FALSE,TRUE,餐饮服务;中餐厅;火锅店,餐饮服务,中餐厅,"['鲜牛杂鸳鸯锅', '吊龙', '牛肉饼', '炸腐皮', '嫩肉', '风味牛舌', '薏米马蹄水', '五花腱', '匙皮肉', '双丸拼盘', '脚趾肉', '肥胼', '箭笋片', '牛肉春卷', '潮汕牛肉片', '牛肉']"
B0HRGM818L,[],闽菜,[],[],餐饮服务;中餐厅;福建菜,[],[],050110,1,[],上城区,[],0571-87016799,B0I0ZH8S48,解放东路45号高德置地广场A1幢58楼席作·福建会馆,[],浙江省,diner,杭州市,202,"佛跳墙,小酥肉,芋泥,麻油姜母鸭煎南日鲍,鸭肉,福建会馆佛跳墙,特色菜,芋头,蟹肉,鲍鱼,麻薯",席作·福建会馆(杭州高德置地广场店),"120.209135,30.243534",[],[],[],4.7,441,FALSE,FALSE,FALSE,TRUE,餐饮服务;中餐厅;福建菜,餐饮服务,中餐厅,"['佛跳墙', '小酥肉', '芋泥', '麻油姜母鸭煎南日鲍', '鸭肉', '福建会馆佛跳墙', '特色菜', '芋头', '蟹肉', '鲍鱼', '麻薯']"
B0H07X5CU0,[],火锅,[],[],餐饮服务;中餐厅;火锅店,[],[],050117,0,[],上城区,[],0571-85033577;17706718982,B0L275JNIE,杭州来福士中心7层(星光嘉映影城对面),[],浙江省,diner,杭州市,202,双人餐,南马道斑鱼鲜火锅(杭州来福士中心店),"120.213161,30.248700",[],[],[],4.5,120,FALSE,FALSE,FALSE,TRUE,餐饮服务;中餐厅;火锅店,餐饮服务,中餐厅,['双人餐']
B0FFH2VWTH,[],老北京火锅,[],[],餐饮服务;中餐厅;中餐厅,[],[],050100,0,[],上城区,[],[],B0LAK7EFOY,新业路228号杭州来福士中心6F层,[],浙江省,diner,杭州市,201,"奶皮子,汉堡",新京韵·鲜山羊铜锅涮(杭州来福士中心店),"120.212890,30.249066",[],[],[],4.5,112,FALSE,FALSE,FALSE,TRUE,餐饮服务;中餐厅;中餐厅,餐饮服务,中餐厅,"['奶皮子', '汉堡']"
B0HRGM818L,[],自助餐,[],[],餐饮服务;外国餐厅;外国餐厅,[],[],050200,0,[],上城区,[],0571-88076887;18867132257,B0IG5AIQYQ,解放东路高德置地广场A1幢19层,[],浙江省,diner,杭州市,202,"刺身,牛肉,鹅肝",觅隐·千寻,"120.209062,30.243647",[],[],[],4.7,,TRUE,FALSE,FALSE,FALSE,餐饮服务;外国餐厅;外国餐厅,餐饮服务,外国餐厅,"['刺身', '牛肉', '鹅肝']"
B0FFH2VWTH,[],小吃快餐,[],[],餐饮服务;快餐厅;肯德基,[],[],050301,0,[],上城区,[],021-59097778,B0FFHWNPT3,江干区来福士广场BF,[],浙江省,diner,杭州市,201,"海苔岩烧大鸡腿饭,黄金鸡块,鸡米花,KFC芋缘花淇淋,葡式蛋挞,芋缘花淇淋,KFC香辣（劲脆）鸡腿堡,吮指原味鸡,可乐,香辣鸡翅,肯大大鸡排,红豆派,小食拼盘,蔬菜沙拉,醇香土豆泥,薯条,玉米沙拉,伴柠伴桔鲜果茶,现磨咖啡,新奥尔良烤鸡腿堡,KFC老北京鸡肉卷,双人餐,汉堡,鸡肉,下午茶,单人餐",肯德基(杭州来福士店),"120.213034,30.248269",[],[],[],4.4,29,FALSE,FALSE,FALSE,TRUE,餐饮服务;快餐厅;肯德基,餐饮服务,快餐厅,"['海苔岩烧大鸡腿饭', '黄金鸡块', '鸡米花', 'KFC芋缘花淇淋', '葡式蛋挞', '芋缘花淇淋', 'KFC香辣（劲脆）鸡腿堡', '吮指原味鸡', '可乐', '香辣鸡翅', '肯大大鸡排', '红豆派', '小食拼盘', '蔬菜沙拉', '醇香土豆泥', '薯条', '玉米沙拉', '伴柠伴桔鲜果茶', '现磨咖啡', '新奥尔良烤鸡腿堡', 'KFC老北京鸡肉卷', '双人餐', '汉堡', '鸡肉', '下午茶', '单人餐']"
B0LUF144SO,[],浙菜,[],[],餐饮服务;中餐厅;中餐厅,[],[],050100,0,[],上城区,[],0571-87033008,B0MBZMBSML,解放东路18号钱江新城市民中心H座南区F1层,[],浙江省,diner,杭州市,202,[],杭州酒家(钱江新城市民中心店),"120.210275,30.245375",[],[],[],4.5,67,FALSE,FALSE,FALSE,TRUE,餐饮服务;中餐厅;中餐厅,餐饮服务,中餐厅,[]
B0FFH2VWTH,[],江浙菜,[],[],餐饮服务;中餐厅;浙江菜,[],[],050106,0,[],上城区,[],0571-85025766,B0FFHWDNUM,新业路228号来福士中心04层02号,[],浙江省,diner,杭州市,201,"卤大肠,雪菜冬笋蘑菇肉片,虾爆鳝,小笼包,叫花鸡,龙井虾仁,青豆,千岛湖酱鱼头,冬笋肉丝,桂花糖年糕,甜豆,带鱼,雪花肥牛,老鸭煲,馋嘴蛙,大肠,家常菜,东坡肉,臭豆腐,牛肉",杭儿风餐厅(来福士店),"120.212933,30.248010",[],[],[],4.6,135,FALSE,FALSE,FALSE,TRUE,餐饮服务;中餐厅;浙江菜,餐饮服务,中餐厅,"['卤大肠', '雪菜冬笋蘑菇肉片', '虾爆鳝', '小笼包', '叫花鸡', '龙井虾仁', '青豆', '千岛湖酱鱼头', '冬笋肉丝', '桂花糖年糕', '甜豆', '带鱼', '雪花肥牛', '老鸭煲', '馋嘴蛙', '大肠', '家常菜', '东坡肉', '臭豆腐', '牛肉']"
B0H07X5CU0,[],江浙菜,[],[],餐饮服务;餐饮相关场所;餐饮相关,[],[],050000,0,[],上城区,[],0571-85365282;18432566956,B0LUPAYUK5,新业路228号杭州来福士中心6楼,[],浙江省,diner,杭州市,202,宁波菜,阿毛饭店·传统宁波菜(杭州来福士中心店),"120.213032,30.248772",[],[],[],4.7,104,FALSE,FALSE,FALSE,TRUE,餐饮服务;餐饮相关场所;餐饮相关,餐饮服务,餐饮相关场所,['宁波菜']
B0FFH2VWTH,[],湘菜,[],[],餐饮服务;中餐厅;中餐厅,[],[],050100,0,[],上城区,[],18157159089,B0LRBCNOXD,新业路228号杭州来福士中心7F层,[],浙江省,diner,杭州市,201,双人餐,王胜利长沙家菜馆(杭州首店),"120.213261,30.248366",[],[],[],4.6,54,FALSE,FALSE,FALSE,TRUE,餐饮服务;中餐厅;中餐厅,餐饮服务,中餐厅,['双人餐']
B0FFMGPTGP,[],小吃快餐,[],[],餐饮服务;快餐厅;快餐厅,[],[],050300,0,[],上城区,[],021-59097778,B0FFLB8J2I,江干区四季青街道解放东路8号砂之船奥特莱斯人马街030号,[],浙江省,diner,杭州市,202,"下午茶,双人餐,薯条,单人餐,汉堡",肯德基(杭州砂之船奥莱店),"120.212065,30.244229",[],[],[],4.3,24,FALSE,FALSE,FALSE,TRUE,餐饮服务;快餐厅;快餐厅,餐饮服务,快餐厅,"['下午茶', '双人餐', '薯条', '单人餐', '汉堡']"
B0FFH2VWTH,[],海鲜,[],[],餐饮服务;中餐厅;特色/地方风味餐厅,[],[],050118,0,[],上城区,[],0571-87325661,B0FFHXI6LB,新业路228号来福士中心B1层15/16号,[],浙江省,diner,杭州市,201,"双人餐,杨枝甘露",杭越小鲜(杭州来福士中心店),"120.212586,30.248301",[],[],[],4.6,144,FALSE,FALSE,FALSE,TRUE,餐饮服务;中餐厅;特色/地方风味餐厅,餐饮服务,中餐厅,"['双人餐', '杨枝甘露']"
B0H07X5CU0,[],面馆,[],[],餐饮服务;中餐厅;中餐厅,[],[],050100,0,[],上城区,[],18969167090,B0L1RHC11V,新业路228号来福士中心T2栋负一楼,[],浙江省,diner,杭州市,202,重庆小面,鸟鸟私房面(来福士臻选店),"120.213412,30.248543",[],[],[],4.5,25,FALSE,FALSE,FALSE,TRUE,餐饮服务;中餐厅;中餐厅,餐饮服务,中餐厅,['重庆小面']
B0FFH2VWTH,[],江浙菜,[],[],餐饮服务;中餐厅;海鲜酒楼,[],[],050119,1,[],上城区,[],19012818668,B0KKAUL7SU,新业路228号来福士中心04层35号,[],浙江省,diner,杭州市,202,"年糕,小海鲜",向东海·台州菜·小海鲜(杭州来福士中心店),"120.213747,30.248567",[],[],[],4.6,121,FALSE,FALSE,FALSE,TRUE,餐饮服务;中餐厅;海鲜酒楼,餐饮服务,中餐厅,"['年糕', '小海鲜']"
B0FFHSMO63,[],西式快餐,[],[],餐饮服务;快餐厅;快餐厅,[],[],050300,0,[],上城区,[],4009200205,B0HAU4R3UG,解放路45号高德置地广场3幢101室一层L125单元,[],浙江省,diner,杭州市,202,"巨无霸汉堡,安格斯系列,麦辣鸡腿堡,板烧美味三件套,大脆鸡扒麦满分组合,人气美味尽享套餐,麦辣美味三件套,原味板烧鸡腿麦满分组合,可乐鸡翅,麦当劳超值嗨餐,（2-3人餐）,家有金桶（汉堡版）,家有金桶（脆鸡版）,双人餐,薯条,汉堡",麦当劳(杭州高德置地广场餐厅),"120.208103,30.242377",[],[],[],4.5,27,FALSE,FALSE,FALSE,TRUE,餐饮服务;快餐厅;快餐厅,餐饮服务,快餐厅,"['巨无霸汉堡', '安格斯系列', '麦辣鸡腿堡', '板烧美味三件套', '大脆鸡扒麦满分组合', '人气美味尽享套餐', '麦辣美味三件套', '原味板烧鸡腿麦满分组合', '可乐鸡翅', '麦当劳超值嗨餐', '（2-3人餐）', '家有金桶（汉堡版）', '家有金桶（脆鸡版）', '双人餐', '薯条', '汉堡']"
B0FFKOEPES,[],日本料理,[],[],餐饮服务;外国餐厅;日本料理,[],[],050202,1,[],上城区,[],0571-86891889,B0FFK0IPH0,民心路280号平安金融中心悦坊商场4楼401、402,[],浙江省,diner,杭州市,202,"刺身,寿司,自助餐,三文鱼,芝士,牛肉,鹅肝,龙虾",月龙吟(悦坊商场店),"120.213225,30.251446",[],[],[],4.8,349,FALSE,FALSE,FALSE,TRUE,餐饮服务;外国餐厅;日本料理,餐饮服务,外国餐厅,"['刺身', '寿司', '自助餐', '三文鱼', '芝士', '牛肉', '鹅肝', '龙虾']"
B0FFKOEPES,[],烧烤,[],[],餐饮服务;中餐厅;特色/地方风味餐厅,[],[],050118,0,[],上城区,[],18969089703,B0L0YC6MS4,四季青街道民心路280号平安悦坊PAFCLIVING108A-110B,[],浙江省,diner,杭州市,202,[],木屋烧烤(上城平安金融中心店),"120.212461,30.251847",[],[],[],4.5,82,FALSE,FALSE,FALSE,TRUE,餐饮服务;中餐厅;特色/地方风味餐厅,餐饮服务,中餐厅,[]
B0FFH2VWTH,[],粤菜,[],[],餐饮服务;中餐厅;火锅店,[],[],050117,0,[],上城区,[],18905819171,B0IUA74QCG,新业路228号来福士中心4F,[],浙江省,diner,杭州市,201,"点心,牛肉,虾仁,肠粉,鸡肉,广式腊味煲仔饭,红米脆皮鲜虾肠粉,蝴蝶里虾饺皇",蝴蝶里(杭州来福士店),"120.212819,30.249454",[],[],[],4.6,65,FALSE,FALSE,FALSE,TRUE,餐饮服务;中餐厅;火锅店,餐饮服务,中餐厅,"['点心', '牛肉', '虾仁', '肠粉', '鸡肉', '广式腊味煲仔饭', '红米脆皮鲜虾肠粉', '蝴蝶里虾饺皇']"
B0FFJH8759,[],西餐,[],[],餐饮服务;外国餐厅;牛扒店(扒房),[],[],050211,0,[],上城区,[],0571-86953312,B0KKMUJXHB,平安中心,[],浙江省,diner,杭州市,202,"单人餐,牛排",王品牛排(杭州平安悦坊店),"120.212891,30.251051",[],[],[],4.7,246,FALSE,FALSE,FALSE,TRUE,餐饮服务;外国餐厅;牛扒店(扒房),餐饮服务,外国餐厅,"['单人餐', '牛排']"
B0FFJRT15P,[],粤菜,[],[],餐饮服务;餐饮相关场所;餐饮相关,[],[],050000,1,[],上城区,[],0571-88887770;19357068661,B0HKCCCK7F,来福士中心T2幢天璟5401室,[],浙江省,diner,杭州市,202,"酸辣苏格兰蓝龙,四季至尊一品煲,卤水36个月老鹅头,粥水浸蚌仔,玻璃脆皮乳鸽,梅菜肉松扣花胶,实心海参拌老虎菜,潮汕生腌小青龙,古法扣澳洲大鲜鲍,奶油,花胶,鹅肝,拌饭,杨枝甘露,鲍鱼",瑞四季·新潮粤菜(杭州来福士中心店),"120.213767,30.248869",[],[],[],4.6,587,FALSE,FALSE,FALSE,TRUE,餐饮服务;餐饮相关场所;餐饮相关,餐饮服务,餐饮相关场所,"['酸辣苏格兰蓝龙', '四季至尊一品煲', '卤水36个月老鹅头', '粥水浸蚌仔', '玻璃脆皮乳鸽', '梅菜肉松扣花胶', '实心海参拌老虎菜', '潮汕生腌小青龙', '古法扣澳洲大鲜鲍', '奶油', '花胶', '鹅肝', '拌饭', '杨枝甘露', '鲍鱼']"
B0FFJRT15P,[],中餐,[],[],餐饮服务;中餐厅;中餐厅,[],[],050100,1,[],上城区,[],18067979597,B0HK35JW1T,杭州来福士T2幢52楼,[],浙江省,diner,杭州市,202,"拌饭,烤鸭,红烧肉,臭豆腐,牛肉,螃蟹",湖上牧云(杭州来福士中心店),"120.213889,30.248994",[],[],[],4.6,518,FALSE,FALSE,FALSE,TRUE,餐饮服务;中餐厅;中餐厅,餐饮服务,中餐厅,"['拌饭', '烤鸭', '红烧肉', '臭豆腐', '牛肉', '螃蟹']"
B0FFKOEPES,[],西式快餐,[],[],餐饮服务;餐饮相关场所;餐饮相关,[],[],050000,0,[],上城区,[],0571-88492875,B0L36ZA6ZK,平安悦坊(江锦路地铁站B1口步行390米),[],浙江省,diner,杭州市,202,"双人餐,薯条",麦当劳(悦坊商场店),"120.212838,30.250812",[],[],[],4.5,32,FALSE,FALSE,FALSE,TRUE,餐饮服务;餐饮相关场所;餐饮相关,餐饮服务,餐饮相关场所,"['双人餐', '薯条']"
B0H07X5CU0,[],日本料理,[],[],餐饮服务;外国餐厅;日本料理,[],[],050202,0,[],上城区,[],0571-87920618,B0MGHSSW6P,新业路228号来福士L4-21-23,[],浙江省,diner,杭州市,202,寿司,寿司郎(杭州来福士店),"120.213012,30.249549",[],[],[],4.4,107,FALSE,FALSE,FALSE,TRUE,餐饮服务;外国餐厅;日本料理,餐饮服务,外国餐厅,['寿司']
B0FFHSMO63,[],川味小吃,[],[],餐饮服务;中餐厅;中餐厅,[],[],050100,0,[],上城区,[],17816079713,B0L0RS5P7I,四季青街道高德置地广场A3栋商场3层317号,[],浙江省,diner,杭州市,202,冒菜,孔岳冒菜(高德置地店),"120.207318,30.242946",[],[],[],4.5,47,FALSE,FALSE,FALSE,TRUE,餐饮服务;中餐厅;中餐厅,餐饮服务,中餐厅,['冒菜']
B0FFJRT15P,[],私房菜,[],[],餐饮服务;中餐厅;海鲜酒楼,[],[],050119,0,[],上城区,[],0571-88212728,B0ID6R6J0W,来福士T2天璟55楼(康莱德酒店边厅电梯),[],浙江省,diner,杭州市,202,"香煎带子,溏心两头鲍,金露雪蛤,沙蒜豆面,安格斯牛肉粒,冲浪西施舌,小米辽参,樱花虾,炸鲳鱼,和牛芝香挞,酸菜望潮,香煎鲳鱼,原味蒸蛏,火炙黄金螺,点心,黄油",杭台荟·台州海鲜(杭州来福士中心店),"120.213794,30.248886",[],[],[],4.6,414,FALSE,FALSE,FALSE,TRUE,餐饮服务;中餐厅;海鲜酒楼,餐饮服务,中餐厅,"['香煎带子', '溏心两头鲍', '金露雪蛤', '沙蒜豆面', '安格斯牛肉粒', '冲浪西施舌', '小米辽参', '樱花虾', '炸鲳鱼', '和牛芝香挞', '酸菜望潮', '香煎鲳鱼', '原味蒸蛏', '火炙黄金螺', '点心', '黄油']"
B0FFH2VWTH,[],湘菜,[],[],餐饮服务;中餐厅;湖南菜(湘菜),[],[],050108,0,[],上城区,[],19032216930,B0J33AU0NE,新业路228号来福士中心5楼21号(西贝楼上塔哈尔新疆菜对面),[],浙江省,diner,杭州市,201,"现切现炒吊龙,湘式跳跳蛙,高压锅虎皮凤爪（特辣）,擂椒茄子皮蛋,现切现炒黄牛肉,湘味烤鸭,下饭鸡杂,手工脆笋炒腊肉,现切现炒五花趾,农家柴火香干,老坛剁椒鱼头,铁板韭菜鱿鱼,砂锅花菜,五常大米饭,酸菜鱼,香辣大明虾,酸菜炒肥肠,辣椒炒肉,吊龙,特色菜,鸡肉,小炒黄牛肉,现切现炒黄牛肉,豆腐,麻婆豆腐,黄牛肉,辣椒炒肉",鹊拾湘·金奖现炒黄牛肉(杭州来福士店),"120.213299,30.249168",[],[],[],4.5,75,FALSE,FALSE,FALSE,TRUE,餐饮服务;中餐厅;湖南菜(湘菜),餐饮服务,中餐厅,"['现切现炒吊龙', '湘式跳跳蛙', '高压锅虎皮凤爪（特辣）', '擂椒茄子皮蛋', '现切现炒黄牛肉', '湘味烤鸭', '下饭鸡杂', '手工脆笋炒腊肉', '现切现炒五花趾', '农家柴火香干', '老坛剁椒鱼头', '铁板韭菜鱿鱼', '砂锅花菜', '五常大米饭', '酸菜鱼', '香辣大明虾', '酸菜炒肥肠', '辣椒炒肉', '吊龙', '特色菜', '鸡肉', '小炒黄牛肉', '现切现炒黄牛肉', '豆腐', '麻婆豆腐', '黄牛肉', '辣椒炒肉']"
B0FFH2VWTH,[],江浙菜,[],[],餐饮服务;中餐厅;浙江菜|生活服务;美容美发店;美容美发店,[],[],050106|071100,0,[],上城区,[],13866250357;17398046263,B0FFHW4VJC,新业路228号来福士中心4F28号,[],浙江省,diner,杭州市,201,"咸蛋黄鸡翅,糖醋里脊,高山活水煮活鱼,秘制铁板鲈鱼,铁板豆腐,孜然羊肉,第二代家常豆腐,下次还想吃油豉虾,凉拌海带,黄豆闷茄夹,青雪菜牛肉,辣椒小炒肉,西湖糖藕,老成都蒜泥白肉,老成都白切肉,柠檬,豆腐,鸡翅,鸡肉,家常菜,年糕,拌饭,酸菜鱼",新发现·甄选(来福士店),"120.213774,30.249073",[],[],[],4.4,65,FALSE,FALSE,FALSE,TRUE,餐饮服务;中餐厅;浙江菜,餐饮服务,中餐厅,"['咸蛋黄鸡翅', '糖醋里脊', '高山活水煮活鱼', '秘制铁板鲈鱼', '铁板豆腐', '孜然羊肉', '第二代家常豆腐', '下次还想吃油豉虾', '凉拌海带', '黄豆闷茄夹', '青雪菜牛肉', '辣椒小炒肉', '西湖糖藕', '老成都蒜泥白肉', '老成都白切肉', '柠檬', '豆腐', '鸡翅', '鸡肉', '家常菜', '年糕', '拌饭', '酸菜鱼']"
B0FFJJ45ER,[],日本料理,[],[],餐饮服务;餐饮相关场所;餐饮相关,[],[],050000,0,[],上城区,[],0571-86958626,B0KRVCLV73,富春路来福士中心康莱德酒店26层,[],浙江省,diner,杭州市,202,"吸物,造里,先付,主厨套餐,冷钵,扬物,强肴,御食,甘味,双人餐",喜鹤楟日料(来福士康莱德酒店),"120.213770,30.248939",[],[],[],4.6,568,FALSE,FALSE,FALSE,TRUE,餐饮服务;餐饮相关场所;餐饮相关,餐饮服务,餐饮相关场所,"['吸物', '造里', '先付', '主厨套餐', '冷钵', '扬物', '强肴', '御食', '甘味', '双人餐']"
B023B14BN0,[],西式快餐,[],[],餐饮服务;快餐厅;麦当劳,[],[],050302,0,[],上城区,[],0571-86439382,B0FFHIAHF9,解放东路29号(市民中心地铁站N1口步行100米),[],浙江省,diner,杭州市,202,"不素之霸双层牛肉堡精选套餐,不素之霸双层牛肉堡,优品豆浆,原味板烧鸡腿麦满分配脆薯饼,双层阿拉斯加狭鳕鱼堡,培根蛋麦煎饼配脆薯饼,墨西哥烧烤风味鸡腿堡,奥利奥原味麦旋风,奥利奥草莓麦旋风,奶油坚果酱蛋牛堡,小食纷享盒,开心乐园餐,开心乐园餐配小薯条,悠享早晨全餐配配鲜煮咖啡,下午茶,汉堡,薯条,鸡肉,双人餐",麦当劳(钱江新城迪凯银座),"120.211276,30.241721",[],[],[],4.5,35,FALSE,FALSE,FALSE,TRUE,餐饮服务;快餐厅;麦当劳,餐饮服务,快餐厅,"['不素之霸双层牛肉堡精选套餐', '不素之霸双层牛肉堡', '优品豆浆', '原味板烧鸡腿麦满分配脆薯饼', '双层阿拉斯加狭鳕鱼堡', '培根蛋麦煎饼配脆薯饼', '墨西哥烧烤风味鸡腿堡', '奥利奥原味麦旋风', '奥利奥草莓麦旋风', '奶油坚果酱蛋牛堡', '小食纷享盒', '开心乐园餐', '开心乐园餐配小薯条', '悠享早晨全餐配配鲜煮咖啡', '下午茶', '汉堡', '薯条', '鸡肉', '双人餐']"
B023B0A4ZD,[],日式烧烤,[],[],餐饮服务;外国餐厅;日本料理,[],[],050202,0,[],上城区,[],18116032407,B0KUTHBUDZ,701号杭州万象城B2层B268(裕莲茶楼旁边),[],浙江省,diner,杭州市,202,"牛肉,牛肉饼,肉饼,奶油,汉堡",肉肉大米(杭州万象城店),"120.215419,30.251300",[],[],[],4.6,84,FALSE,FALSE,FALSE,TRUE,餐饮服务;外国餐厅;日本料理,餐饮服务,外国餐厅,"['牛肉', '牛肉饼', '肉饼', '奶油', '汉堡']"
B023B0A4ZD,[],西餐,[],[],餐饮服务;外国餐厅;外国餐厅,[],[],050200,0,[],上城区,[],0571-87176166,B0J3SC7JTC,富春路701号杭州万象城B楼B149号,[],浙江省,diner,杭州市,202,"三明治,双人餐,牛排,牛肉,薯条,鸡肉,提拉米苏,蘑菇,下午茶,奶油",O'eat Gastronomy(杭州万象城店),"120.215881,30.251041",[],[],[],4.7,138,FALSE,FALSE,FALSE,TRUE,餐饮服务;外国餐厅;外国餐厅,餐饮服务,外国餐厅,"['三明治', '双人餐', '牛排', '牛肉', '薯条', '鸡肉', '提拉米苏', '蘑菇', '下午茶', '奶油']"
B0FFKOEPES,[],江浙菜,[],[],餐饮服务;餐饮相关场所;餐饮相关,[],[],050000,0,[],上城区,[],0571-86851796,B0FFKPGIYD,民心路280号平安金融中心悦坊商场4楼403,[],浙江省,diner,杭州市,202,"拉菲樱桃鹅肝,波龙麻婆豆腐,椰皇桂圆炖桃胶,葱油江白条,山珍极品牛肉,生醉膏蟹,牛肉,龙虾,豆腐,鸡肉",樨香(钱江新城店),"120.212815,30.251617",[],[],[],4.6,233,FALSE,FALSE,FALSE,TRUE,餐饮服务;餐饮相关场所;餐饮相关,餐饮服务,餐饮相关场所,"['拉菲樱桃鹅肝', '波龙麻婆豆腐', '椰皇桂圆炖桃胶', '葱油江白条', '山珍极品牛肉', '生醉膏蟹', '牛肉', '龙虾', '豆腐', '鸡肉']"
B0FFJH8758,[],粤菜,[],[],餐饮服务;中餐厅;中餐厅,[],[],050100,0,[],上城区,[],0571-88079588;18958009588,B0FFKKQ2MP,民心路280号杭州平安金融中心B座4层,[],浙江省,diner,杭州市,202,"生腌小青龙,贵妃龙虾泡饭,辣汁花螺,小火锅,素菜,蜜汁叉烧,奶油,拿破仑,螃蟹,肥牛",东富酒家(平安金融中心店),"120.212442,30.251655",[],[],[],4.7,450,FALSE,FALSE,FALSE,TRUE,餐饮服务;中餐厅;中餐厅,餐饮服务,中餐厅,"['生腌小青龙', '贵妃龙虾泡饭', '辣汁花螺', '小火锅', '素菜', '蜜汁叉烧', '奶油', '拿破仑', '螃蟹', '肥牛']"
B023B0A4ZD,[],火锅,[],[],餐饮服务;中餐厅;火锅店,[],[],050117,0,[],上城区,[],[],B0L695QA1Y,万象城5层L522号(江锦路地铁站B3口旁),[],浙江省,diner,杭州市,202,[],三出山火锅(杭州万象城店),"120.215513,30.251753",[],[],[],4.7,123,FALSE,FALSE,FALSE,TRUE,餐饮服务;中餐厅;火锅店,餐饮服务,中餐厅,[]
B0FFKOEPES,[],西餐,[],[],餐饮服务;外国餐厅;西餐厅(综合风味),[],[],050201,1,[],上城区,[],0571-85236335,B0LDMC7KOD,民心路280号PAFC LIVING平安悦坊1层112A,[],浙江省,diner,杭州市,202,[],BlueFrog 蓝蛙X 臻选,"120.212472,30.251887",[],[],[],4.6,124,FALSE,FALSE,FALSE,TRUE,餐饮服务;外国餐厅;西餐厅(综合风味),餐饮服务,外国餐厅,[]
B0FFKOEPES,[],粤菜,[],[],餐饮服务;中餐厅;中餐厅,[],[],050100,0,[],上城区,[],0571-86891980,B0FFKS9M0F,平安金融中心1、2幢306室、307室,[],浙江省,diner,杭州市,202,"鸭肉,烤鸭,虾仁,杨枝甘露",文兴酒家(悦坊商场店),"120.212992,30.251464",[],[],[],4.7,260,FALSE,FALSE,FALSE,TRUE,餐饮服务;中餐厅;中餐厅,餐饮服务,中餐厅,"['鸭肉', '烤鸭', '虾仁', '杨枝甘露']"
B023B0A4ZD,[],浙菜,[],[],餐饮服务;中餐厅;中餐厅,[],[],050100,0,[],上城区,[],0571-87290561,B0H6F532Z9,四季青街道富春路701号杭州万象城L6层L678号商铺,[],浙江省,diner,杭州市,201,"家常菜,年糕,特色菜,脆皮大肠,杨枝甘露,特色小吃,豆腐,鸡肉",荣小馆(杭州万象城店),"120.215259,30.251333",[],[],[],4.7,229,FALSE,FALSE,FALSE,TRUE,餐饮服务;中餐厅;中餐厅,餐饮服务,中餐厅,"['家常菜', '年糕', '特色菜', '脆皮大肠', '杨枝甘露', '特色小吃', '豆腐', '鸡肉']"
B0MGFR4TYE,[],西餐,[],[],餐饮服务;餐饮相关场所;餐饮相关,[],[],050000,0,[],上城区,[],0571-86088806,B0K23CSKK6,平安金融中心1-2幢105室A,[],浙江省,diner,杭州市,202,"提拉米苏,下午茶,蘑菇,双人餐,牛肉",The boots泥靴City(杭州平安悦坊店),"120.213048,30.251596",[],[],[],4.6,182,FALSE,FALSE,FALSE,TRUE,餐饮服务;餐饮相关场所;餐饮相关,餐饮服务,餐饮相关场所,"['提拉米苏', '下午茶', '蘑菇', '双人餐', '牛肉']"
B023B0A4ZD,[],江浙菜,[],[],餐饮服务;中餐厅;中餐厅,[],[],050100,0,[],上城区,[],0571-86082680,B0H6PMMNPF,富春路701号万象城L3层L342号商铺,[],浙江省,diner,杭州市,201,"大红袍卤鸭舌,脆皮青柠牛肉,招牌茶香排骨,八宝海胆豆腐,天目神仙鸡汤,富贵芋头煲,私房黄鱼年糕,京式葱爆羊肉,脆皮茶香乳鸽,功夫牛肉生煎包,梅坞茶香大虾,水煮刀口黄牛肉,鲍鱼生炒竹林鸡,梅干菜蒸江鳗,秘制脆皮卷饼肉,神仙鸡煲,脆皮卷饼肉,宁波黄鱼年糕,牛肉,双人餐,排骨,鸡肉",香芙茗楼(万象城店),"120.215314,30.251130",[],[],[],4.7,151,FALSE,FALSE,FALSE,TRUE,餐饮服务;中餐厅;中餐厅,餐饮服务,中餐厅,"['大红袍卤鸭舌', '脆皮青柠牛肉', '招牌茶香排骨', '八宝海胆豆腐', '天目神仙鸡汤', '富贵芋头煲', '私房黄鱼年糕', '京式葱爆羊肉', '脆皮茶香乳鸽', '功夫牛肉生煎包', '梅坞茶香大虾', '水煮刀口黄牛肉', '鲍鱼生炒竹林鸡', '梅干菜蒸江鳗', '秘制脆皮卷饼肉', '神仙鸡煲', '脆皮卷饼肉', '宁波黄鱼年糕', '牛肉', '双人餐', '排骨', '鸡肉']"
B023B0A4ZD,[],自助餐,[],[],餐饮服务;中餐厅;中餐厅,[],[],050100,0,[],上城区,[],18667083559,B0LU1GFGEV,江锦路与富春路交叉口西北80米,[],浙江省,diner,杭州市,202,帝王蟹,雍容荟帝王蟹活龙虾展台自助(杭州万象城黑金店),"120.215725,30.251175",[],[],[],4.7,527,FALSE,FALSE,FALSE,TRUE,餐饮服务;中餐厅;中餐厅,餐饮服务,中餐厅,['帝王蟹']
B023B0A4ZD,[],西餐,[],[],餐饮服务;外国餐厅;外国餐厅,[],[],050200,0,[],上城区,[],0571-86503366;0571-86580566,B0I23SV1LD,富春路701号二期万象城斜对面,[],浙江省,diner,杭州市,202,"熟成55天极佳级大里脊,美国极佳级牛小排,熟成28天极佳级战斧,炙烤辣魔鬼牛排（果木炙烤）,精品黑椒牛排,经典松露惠灵顿牛排,熟成45天极佳级小战斧,牛肉,单人餐,牛排",牛排家(杭州万象城店),"120.214470,30.252889",[],[],[],4.7,318,FALSE,FALSE,FALSE,TRUE,餐饮服务;外国餐厅;外国餐厅,餐饮服务,外国餐厅,"['熟成55天极佳级大里脊', '美国极佳级牛小排', '熟成28天极佳级战斧', '炙烤辣魔鬼牛排（果木炙烤）', '精品黑椒牛排', '经典松露惠灵顿牛排', '熟成45天极佳级小战斧', '牛肉', '单人餐', '牛排']"
B023B0A4ZD,[],小吃快餐,[],[],餐饮服务;餐饮相关场所;餐饮相关,[],[],050000,0,[],上城区,[],13713866746;18413259401,B0LRCDF78K,富春路701号杭州万象城B266号商铺,[],浙江省,diner,杭州市,202,"首创现切杭椒牛肉,香菜牛肉拌川,杭州虾仁爆鳝拌川,鲜牛肉,虾爆鳝面,杭州虾仁爆鳝拌川,首创现切杭椒牛肉拌川",椿芽·鲜牛肉杭州拌川(杭州万象城店),"120.215513,30.251753",[],[],[],4.6,46,FALSE,FALSE,FALSE,TRUE,餐饮服务;餐饮相关场所;餐饮相关,餐饮服务,餐饮相关场所,"['首创现切杭椒牛肉', '香菜牛肉拌川', '杭州虾仁爆鳝拌川', '鲜牛肉', '虾爆鳝面', '杭州虾仁爆鳝拌川', '首创现切杭椒牛肉拌川']"
B023B0A4ZD,[],日式烧烤,[],[],餐饮服务;外国餐厅;日本料理,[],[],050202,0,[],上城区,[],0571-88891786,B0J66NSHB5,富春路701号杭州万象城L3层,[],浙江省,diner,杭州市,202,"单人餐,牛肉,烤肉,鸡肉",黑牛的店(杭州万象城店),"120.215246,30.252532",[],[],[],4.5,253,FALSE,FALSE,FALSE,TRUE,餐饮服务;外国餐厅;日本料理,餐饮服务,外国餐厅,"['单人餐', '牛肉', '烤肉', '鸡肉']"
B023B0A4ZD,[],西餐,[],[],购物服务;服装鞋帽皮具店;服装鞋帽皮具店|餐饮服务;餐饮相关场所;餐饮相关,[],[],061100|050000,0,[],上城区,[],0571-85122162,B0I2CAA3ZB,富春路万象城二期L1层170号商铺,[],浙江省,[],杭州市,201,"套餐,鲜果茶,gaga超级沙拉,招牌菜,精选Gaga牛肉沙拉,肉酱意粉,gaga鲜果茶系列,Brunch系列,小资组合,意面,鸡肉,奶油,果茶,沙拉,牛肉,龙虾,下午茶,烤鸡,薯条,香肠",gaga,"120.214427,30.252947",[],[],[],4.7,140,FALSE,FALSE,FALSE,TRUE,购物服务;服装鞋帽皮具店;服装鞋帽皮具店,购物服务,服装鞋帽皮具店,"['套餐', '鲜果茶', 'gaga超级沙拉', '招牌菜', '精选Gaga牛肉沙拉', '肉酱意粉', 'gaga鲜果茶系列', 'Brunch系列', '小资组合', '意面', '鸡肉', '奶油', '果茶', '沙拉', '牛肉', '龙虾', '下午茶', '烤鸡', '薯条', '香肠']"
B023B0A4ZD,[],北京菜,[],[],餐饮服务;中餐厅;中餐厅,[],[],050100,0,[],上城区,[],0571-86551688;0571-86553688,B0I02UGOMB,富春路701号杭州万象城L3层,[],浙江省,diner,杭州市,202,"烤鸭,烤鸭,北京烤鸭,老北京炸酱面",玖五京菜(杭州万象城店),"120.214647,30.253013",[],[],[],4.7,208,FALSE,FALSE,FALSE,TRUE,餐饮服务;中餐厅;中餐厅,餐饮服务,中餐厅,"['烤鸭', '烤鸭', '北京烤鸭', '老北京炸酱面']"
B023B0A4ZD,[],粤菜,[],[],餐饮服务;中餐厅;中餐厅,[],[],050100,0,[],上城区,[],13067968188,B0L657OP9G,四季青街道富春路701号杭州万象城L338号,[],浙江省,diner,杭州市,202,"拌饭,豆腐,丸子,牛肉丸",潮Marée·潮州菜(杭州万象城店),"120.215703,30.251113",[],[],[],4.5,137,FALSE,FALSE,FALSE,TRUE,餐饮服务;中餐厅;中餐厅,餐饮服务,中餐厅,"['拌饭', '豆腐', '丸子', '牛肉丸']"
B023B0A4ZD,[],日本料理,[],[],餐饮服务;外国餐厅;日本料理,[],[],050202,0,[],上城区,[],[],B0J67HNA62,富春路701号杭州万象城B2层(江锦路地铁站B3口旁),[],浙江省,diner,杭州市,201,[],鮨政·Omakase(杭州万象城店),"120.215911,30.251009",[],[],[],4.6,232,FALSE,FALSE,FALSE,TRUE,餐饮服务;外国餐厅;日本料理,餐饮服务,外国餐厅,[]
B0IA3ZSLIF,[],东南亚菜,[],[],餐饮服务;外国餐厅;外国餐厅,[],[],050200,0,[],上城区,[],19357305377,B0KKOPME0O,富春路701号杭州万象城S1,[],浙江省,diner,杭州市,202,"双人餐,料理",富贵椰Thai Bistro泰式料理(万象城店),"120.214587,30.253292",[],[],[],4.7,134,FALSE,FALSE,FALSE,TRUE,餐饮服务;外国餐厅;外国餐厅,餐饮服务,外国餐厅,"['双人餐', '料理']"
B023B0A4ZD,[],东北菜,[],[],餐饮服务;中餐厅;中餐厅,[],[],050100,0,[],上城区,[],18968053267,B0LAV16QHX,富春路701号杭州万象城5层L537,[],浙江省,diner,杭州市,202,"双人餐,奉天老式锅包肉",奉天小馆·品质东北菜(杭州首店),"120.215937,30.251012",[],[],[],4.6,131,FALSE,FALSE,FALSE,TRUE,餐饮服务;中餐厅;中餐厅,餐饮服务,中餐厅,"['双人餐', '奉天老式锅包肉']"
B023B0A4ZD,[],川菜,[],[],餐饮服务;中餐厅;火锅店,[],[],050117,0,[],上城区,[],4006092822,B0G0AMS6Z6,四季青街道富春路701号万象城购物中心L5层L523商铺,[],浙江省,diner,杭州市,202,"泡椒活蛙,螺丝椒小炒肉,香辣活蛙,沸腾麻婆豆腐,牛肉,肥肠,酸菜鱼,双人餐",太二酸菜鱼(杭州万象城店),"120.216011,30.251418",[],[],[],4.5,80,FALSE,FALSE,FALSE,TRUE,餐饮服务;中餐厅;火锅店,餐饮服务,中餐厅,"['泡椒活蛙', '螺丝椒小炒肉', '香辣活蛙', '沸腾麻婆豆腐', '牛肉', '肥肠', '酸菜鱼', '双人餐']"
B023B14BF5,[],小吃快餐,[],[],餐饮服务;快餐厅;快餐厅,[],[],050300,0,[],上城区,[],021-59097777,B0J2KS5AEY,钱江时代广场2幢104室,[],浙江省,diner,杭州市,202,"汉堡,披萨,牛肉",必胜客(杭州钱江时代店),"120.205663,30.240722",[],[],[],4.3,38,FALSE,FALSE,FALSE,TRUE,餐饮服务;快餐厅;快餐厅,餐饮服务,快餐厅,"['汉堡', '披萨', '牛肉']"
B023B0A4ZD,[],酒吧,[],[],餐饮服务;外国餐厅;外国餐厅,[],[],050200,0,[],上城区,[],0571-89705296;98705296,B0H3DCS1G2,富春路701号杭州万象城B1层东亚银行正下方,[],浙江省,diner,杭州市,202,[],BROWNSTONE布朗石西班牙餐厅酒吧(杭州万象城店),"120.215196,30.253081",[],[],[],4.7,175,FALSE,FALSE,FALSE,TRUE,餐饮服务;外国餐厅;外国餐厅,餐饮服务,外国餐厅,[]
B023B07HMV,[],浙菜,[],[],餐饮服务;中餐厅;浙江菜,[],[],050106,0,[],上城区,[],0571-85171788,B023B14A6F,钱江新城城星路8号(城星路地铁站出入口步行290米),[],浙江省,diner,杭州市,302,"石锅豆腐,红烧肉,黄鱼,澳洲牛肉,虾仁水晶饺,榴莲酥,芒果西米露,豉汁蒸凤爪,马家沟芹菜,泡菜肥牛,海鲜粉丝,东阳薄饼,东阳沃面,乳鸽,鳕鱼r,寿司,鹅肝",锦香来(钱江新城店),"120.209923,30.239339",[],[],[],4.6,251,FALSE,FALSE,FALSE,TRUE,餐饮服务;中餐厅;浙江菜,餐饮服务,中餐厅,"['石锅豆腐', '红烧肉', '黄鱼', '澳洲牛肉', '虾仁水晶饺', '榴莲酥', '芒果西米露', '豉汁蒸凤爪', '马家沟芹菜', '泡菜肥牛', '海鲜粉丝', '东阳薄饼', '东阳沃面', '乳鸽', '鳕鱼r', '寿司', '鹅肝']"
B023B0A4ZD,[],江浙菜,[],[],餐饮服务;中餐厅;中餐厅,[],[],050100,0,[],上城区,[],0571-86065286,B0K3F69BAM,富春路万象城6层(江锦路地铁站B3口旁),[],浙江省,diner,杭州市,202,"五花肉,大虾,小黄鱼,料理,豆腐,绍兴臭豆腐,干炸臭豆腐,奶油,蛋挞,拌饭,特色菜,鹅肝",醉玖兰亭·精细绍兴菜(杭州万象城店),"120.215810,30.251343",[],[],[],4.6,235,FALSE,FALSE,FALSE,TRUE,餐饮服务;中餐厅;中餐厅,餐饮服务,中餐厅,"['五花肉', '大虾', '小黄鱼', '料理', '豆腐', '绍兴臭豆腐', '干炸臭豆腐', '奶油', '蛋挞', '拌饭', '特色菜', '鹅肝']"
B023B0A4ZD,[],小吃快餐,[],[],餐饮服务;快餐厅;快餐厅,[],[],050300,0,[],上城区,[],0571-82202461,B0J1NCFF9B,四季青街道富春路701号杭州万象城二期1层S178、S188号商铺,[],浙江省,diner,杭州市,201,"汉堡,薯条",Shake Shack(杭州万象城店),"120.214562,30.253008",[],[],[],4.7,65,FALSE,FALSE,FALSE,TRUE,餐饮服务;快餐厅;快餐厅,餐饮服务,快餐厅,"['汉堡', '薯条']"
B023B0A4ZD,[],自助餐,[],[],餐饮服务;外国餐厅;日本料理,[],[],050202,0,[],上城区,[],0571-89705797,B023B14KL5,富春路701号杭州万象城4层(江锦路地铁站B3口旁),[],浙江省,diner,杭州市,202,"三文鱼,刺身,鹅肝,单人餐,牛肉,铁板烧",大渔臻选·棠膳(杭州万象城店),"120.216279,30.251467",[],[],[],4.6,274,FALSE,FALSE,FALSE,TRUE,餐饮服务;外国餐厅;日本料理,餐饮服务,外国餐厅,"['三文鱼', '刺身', '鹅肝', '单人餐', '牛肉', '铁板烧']"
B023B0A4ZD,[],面馆,[],[],餐饮服务;中餐厅;中餐厅,[],[],050100,0,[],上城区,[],13167459921,B0KK0UBLM5,万象城5楼池奈对面(江锦路地铁站B1口步行400米),[],浙江省,diner,杭州市,202,本帮面,王繁星面馆(杭州万象城店),"120.216025,30.252049",[],[],[],4.5,38,FALSE,FALSE,FALSE,TRUE,餐饮服务;中餐厅;中餐厅,餐饮服务,中餐厅,['本帮面']
B0FFG8V7QR,[],西餐,[],[],餐饮服务;餐饮相关场所;餐饮相关,[],[],050000,1,[],上城区,[],0571-89995266,B0LG5RXK2D,富春路701号杭州万象城二期1层S180号,[],浙江省,diner,杭州市,202,[],T-yoogee,"120.214720,30.253186",[],[],[],4.7,114,FALSE,FALSE,FALSE,TRUE,餐饮服务;餐饮相关场所;餐饮相关,餐饮服务,餐饮相关场所,[]
B023B14BSN,[],西式快餐,[],[],餐饮服务;快餐厅;快餐厅,[],[],050300,0,[],上城区,[],4001597597,B0JDX9DE93,四季青街道城星路鑫亚钱江国际时代广场3号楼1层102-2、103室,[],浙江省,diner,杭州市,202,"果肉榴莲比萨,经典意式肉酱比萨,金枪鱼海鲜荟萃比萨,经典大阪烧风味海陆比萨,金尊鲍鱼扇贝比萨,照烧风味牛肉土豆比萨,双人餐",达美乐比萨(城星路店),"120.205953,30.239799",[],[],[],4.4,75,FALSE,FALSE,FALSE,TRUE,餐饮服务;快餐厅;快餐厅,餐饮服务,快餐厅,"['果肉榴莲比萨', '经典意式肉酱比萨', '金枪鱼海鲜荟萃比萨', '经典大阪烧风味海陆比萨', '金尊鲍鱼扇贝比萨', '照烧风味牛肉土豆比萨', '双人餐']"
B023B14BSN,[],中餐,[],[],餐饮服务;中餐厅;中餐厅,[],[],050100,0,[],上城区,[],0571-87897098,B0H35Z1ONX,钱江国际时代广场3号楼4楼(城星路地铁站C1口旁),[],浙江省,diner,杭州市,202,"牛肉,鸡汤,大包,特色菜",升鼎荟,"120.206078,30.239608",[],[],[],4.7,253,FALSE,FALSE,FALSE,TRUE,餐饮服务;中餐厅;中餐厅,餐饮服务,中餐厅,"['牛肉', '鸡汤', '大包', '特色菜']"
B023B0A4ZD,[],中餐,[],[],餐饮服务;中餐厅;中餐厅,[],[],050100,0,[],上城区,[],19357677100,B0KK5SFP2F,富春路701号杭州万象城东门扶梯上二楼2107号商铺(劳力士楼上),[],浙江省,diner,杭州市,202,"奶油,黑三剁,鸡肉,牛肉,小锅米线",野果yeego(杭州万象城店),"120.216442,30.251854",[],[],[],4.6,143,FALSE,FALSE,FALSE,TRUE,餐饮服务;中餐厅;中餐厅,餐饮服务,中餐厅,"['奶油', '黑三剁', '鸡肉', '牛肉', '小锅米线']"
B023B14F4Q,[],海鲜,[],[],餐饮服务;中餐厅;海鲜酒楼,[],[],050119,0,[],上城区,[],15168227217,B0L0O7IQFC,城星路89号尊宝大厦F1层,[],浙江省,diner,杭州市,202,[],舟舢海鲜小馆·舟山小海鲜(钱江新城店),"120.207838,30.238771",[],[],[],4.6,98,FALSE,FALSE,FALSE,TRUE,餐饮服务;中餐厅;海鲜酒楼,餐饮服务,中餐厅,[]
[],[],西式快餐,[],[],餐饮服务;快餐厅;麦当劳,[],[],050302,0,[],上城区,[],0571-86601017,B0GRGORPX2,尊宝大厦(城星路地铁站D口步行200米),[],浙江省,diner,杭州市,[],"人气美味尽享套餐,原味板烧鸡腿麦满分组合,板烧美味三件套,家有金桶（脆鸡版）,麦辣美味三件套,麦当劳超值嗨餐,（2-3人餐）,大脆鸡扒麦满分组合,家有金桶（汉堡版）,可乐鸡翅,巨无霸汉堡,安格斯系列,麦辣鸡腿堡,双人餐,芝士,薯条,汉堡",麦当劳(杭州麦当劳江干区尊宝大厦餐厅),"120.207978,30.238561",[],[],[],4.4,31,FALSE,FALSE,FALSE,TRUE,餐饮服务;快餐厅;麦当劳,餐饮服务,快餐厅,"['人气美味尽享套餐', '原味板烧鸡腿麦满分组合', '板烧美味三件套', '家有金桶（脆鸡版）', '麦辣美味三件套', '麦当劳超值嗨餐', '（2-3人餐）', '大脆鸡扒麦满分组合', '家有金桶（汉堡版）', '可乐鸡翅', '巨无霸汉堡', '安格斯系列', '麦辣鸡腿堡', '双人餐', '芝士', '薯条', '汉堡']"
B0FFGHSK21,[],居酒屋,[],[],餐饮服务;外国餐厅;日本料理,[],[],050202,1,[],上城区,[],19558183134,B0JUVM60D8,城星路89号尊宝大厦F1层,[],浙江省,diner,杭州市,202,"烧鸟,奶油,居酒屋,鸡肉",尹目·烧鸟居酒屋,"120.207547,30.239063",[],[],[],4.6,144,FALSE,FALSE,FALSE,TRUE,餐饮服务;外国餐厅;日本料理,餐饮服务,外国餐厅,"['烧鸟', '奶油', '居酒屋', '鸡肉']"
B023B1FB36,[],中餐,[],[],餐饮服务;中餐厅;中餐厅,[],[],050100,0,[],上城区,[],18958060897,B0L1MRI0SP,四季青街道之江路1078号城市阳台(西南角),[],浙江省,diner,杭州市,302,[],楼外楼(城市阳台店),"120.216349,30.240843",[],[],[],4.5,104,FALSE,FALSE,FALSE,TRUE,餐饮服务;中餐厅;中餐厅,餐饮服务,中餐厅,[]
B0FFG97BO3,[],中餐,[],[],餐饮服务;中餐厅;中餐厅,[],[],050100,0,[],上城区,[],0571-89729700,B0FFH3NBYK,钱江路1366号杭州柏悦酒店37层,[],浙江省,diner,杭州市,202,"炸烹大花虾,桂花糖排,三门膏蟹,澳洲牛肉粒,黄鱼面,石锅海胆老豆腐,龙井焦糖炖蛋,西湖醋鱼,酱油炒饭,辣醉花螺,下午茶,牛肉",杭州柏悦酒店悦轩中餐厅,"120.214952,30.253766",[],[],[],4.7,631,FALSE,FALSE,FALSE,TRUE,餐饮服务;中餐厅;中餐厅,餐饮服务,中餐厅,"['炸烹大花虾', '桂花糖排', '三门膏蟹', '澳洲牛肉粒', '黄鱼面', '石锅海胆老豆腐', '龙井焦糖炖蛋', '西湖醋鱼', '酱油炒饭', '辣醉花螺', '下午茶', '牛肉']"
B023B14EFD,[],海鲜,[],[],餐饮服务;中餐厅;中餐厅,[],[],050100,0,[],上城区,[],15558135559,B0I1CM7F6H,东方君悦大厦西南门2幢一楼,[],浙江省,diner,杭州市,202,"松叶蟹,果木烤鸭,鳝丝,十五年陈皮烧甲鱼,金华两头乌红烧肉,油条虾仁,黄贡椒蒸白条,双人餐,杨枝甘露,羊肉,辣椒炒肉,湖南辣椒小炒肉,定胜糕",東喜記·名厨浙宴(钱江店),"120.219795,30.251292",[],[],[],4.7,159,FALSE,FALSE,FALSE,TRUE,餐饮服务;中餐厅;中餐厅,餐饮服务,中餐厅,"['松叶蟹', '果木烤鸭', '鳝丝', '十五年陈皮烧甲鱼', '金华两头乌红烧肉', '油条虾仁', '黄贡椒蒸白条', '双人餐', '杨枝甘露', '羊肉', '辣椒炒肉', '湖南辣椒小炒肉', '定胜糕']"
B0FFG6BAUX,[],中餐,[],[],餐饮服务;中餐厅;中餐厅,[],[],050100,0,[],上城区,[],15336579877,B0J1MZXG5Z,市民街99号世包国际中心西2楼,[],浙江省,diner,杭州市,202,"牛肉,鸡肉,米粉",瓷·忆赣菜中心(杭州),"120.206014,30.237076",[],[],[],4.8,119,FALSE,FALSE,FALSE,TRUE,餐饮服务;中餐厅;中餐厅,餐饮服务,中餐厅,"['牛肉', '鸡肉', '米粉']"
[],[],江浙菜,[],[],餐饮服务;中餐厅;中餐厅,[],[],050100,0,[],上城区,[],0571-88959520;19012828775,B0FFH17MH4,钱江新城二号城市阳台,[],浙江省,diner,杭州市,[],"鹅肝店头烧,虎跑泉水牛肉,香隐醉膏蟹,燕麦岩米鲍鱼盅,茄汁海苔豆腐,迷迭香鲥鱼,香隐妃子笑,经典黄鱼焖年糕,江南酒香四宝,京味宫爆虾球,双人餐",香隐钱塘(江景餐厅),"120.220242,30.247008",[],[],[],4.6,278,FALSE,FALSE,FALSE,TRUE,餐饮服务;中餐厅;中餐厅,餐饮服务,中餐厅,"['鹅肝店头烧', '虎跑泉水牛肉', '香隐醉膏蟹', '燕麦岩米鲍鱼盅', '茄汁海苔豆腐', '迷迭香鲥鱼', '香隐妃子笑', '经典黄鱼焖年糕', '江南酒香四宝', '京味宫爆虾球', '双人餐']"
B0FFG41IS3,[],火锅,[],[],餐饮服务;中餐厅;火锅店,[],[],050117,1,[],上城区,[],0571-28105191;0571-86088832,B0FFJRI5VZ,新塘路108号天虹购物中心A座5楼506号,[],浙江省,diner,杭州市,201,"招牌虾滑,番茄锅底,捞派毛肚,精品肥牛,捞派麻辣滑牛肉,牛油麻辣锅底,捞派巴沙鱼片,小酥肉,捞派豆花,炸豆衣卷,捞派黄喉,鸭血,西瓜,番茄火锅,血旺,捞派鸭肠,网红调料,捞派捞面,脱骨鸭掌,猪脑花,自选小料,优品牛肉丸,单人餐,双人餐,牛肉",海底捞火锅(杭州天虹购物中心店),"120.208894,30.264303",[],[],[],4.8,120,FALSE,FALSE,FALSE,TRUE,餐饮服务;中餐厅;火锅店,餐饮服务,中餐厅,"['招牌虾滑', '番茄锅底', '捞派毛肚', '精品肥牛', '捞派麻辣滑牛肉', '牛油麻辣锅底', '捞派巴沙鱼片', '小酥肉', '捞派豆花', '炸豆衣卷', '捞派黄喉', '鸭血', '西瓜', '番茄火锅', '血旺', '捞派鸭肠', '网红调料', '捞派捞面', '脱骨鸭掌', '猪脑花', '自选小料', '优品牛肉丸', '单人餐', '双人餐', '牛肉']"
[],[],海鲜餐厅,[],[],餐饮服务;中餐厅;海鲜酒楼,[],[],050119,0,[],上城区,[],0571-86959797,B023B13L10,新塘路33号华润万家庆春店4层(庆春东路口),[],浙江省,diner,杭州市,[],"川汤琵琶虾,榴莲酥,虾蛄,蒜蓉扇贝,广式蒸多宝鱼,象拔蚌赤身,清蒸螃蟹,椒盐土豆牛仔骨,蒜蓉龙虾,白灼基围虾,澳龙三吃（刺身,黄酒蒸梭子蟹,鲍鱼浓汤,北极贝,双人餐",藏鲜工坊(庆春店),"120.207509,30.260091",[],[],[],4.8,120,FALSE,FALSE,FALSE,TRUE,餐饮服务;中餐厅;海鲜酒楼,餐饮服务,中餐厅,"['川汤琵琶虾', '榴莲酥', '虾蛄', '蒜蓉扇贝', '广式蒸多宝鱼', '象拔蚌赤身', '清蒸螃蟹', '椒盐土豆牛仔骨', '蒜蓉龙虾', '白灼基围虾', '澳龙三吃（刺身', '黄酒蒸梭子蟹', '鲍鱼浓汤', '北极贝', '双人餐']"
B023B14BUV,[],中餐,[],[],餐饮服务;中餐厅;中餐厅,[],[],050100,0,[],上城区,[],18258808814,B0I6GCPARN,五星路188号荣安中心F1层,[],浙江省,diner,杭州市,202,"双人餐,素菜",路小缦·九段厨林(钱江新城店),"120.210149,30.237303",[],[],[],4.6,128,FALSE,FALSE,FALSE,TRUE,餐饮服务;中餐厅;中餐厅,餐饮服务,中餐厅,"['双人餐', '素菜']"
B023B09Y9H,[],自助餐,[],[],餐饮服务;餐饮相关场所;餐饮相关,[],[],050000,0,[],上城区,[],18157138062,B0LRYKV40L,景昙路18-26号银泰百货6层,[],浙江省,diner,杭州市,202,"单人餐,烤肉",姜胖胖韩式自助烤肉(庆春银泰店),"120.204868,30.260025",[],[],[],4.5,79,FALSE,FALSE,FALSE,TRUE,餐饮服务;餐饮相关场所;餐饮相关,餐饮服务,餐饮相关场所,"['单人餐', '烤肉']"
B0FFHLTRRX,[],烤肉,[],[],餐饮服务;餐饮相关场所;餐饮相关,[],[],050000,0,[],上城区,[],19012830180,B0L335AFVE,景昙路9号西子国际中心一层101-10店铺,[],浙江省,diner,杭州市,202,烤肉,喜牛吉烤肉·和牛放题(501城市广场店),"120.203649,30.259442",[],[],[],4.6,101,FALSE,FALSE,FALSE,TRUE,餐饮服务;餐饮相关场所;餐饮相关,餐饮服务,餐饮相关场所,['烤肉']
B023B19SH7,[],中餐,[],[],餐饮服务;中餐厅;中餐厅,[],[],050100,0,[],上城区,[],13735464242,B0HGKUGX7Y,太平门直街260号三新银座1楼(庆春广场B出口),[],浙江省,diner,杭州市,202,"黑胶铁板牛仔骨,小管烧年糕,蒜蓉粉丝蒸波龙,广式老虎斑,海鲜毛血旺,盐水黄香螺,三鲜煲,一品绝味黄鱼,倒立梭子蟹,高压锅生蚝,苔菜米馒头,东海一锅鲜,鲳鱼烧年糕,油淋脆海鲜,焦香蚕豆煲,椒盐皮皮虾,海鲜炒粉干,东海三鲜,海鲜大排档,鸡肉,大排档,牛肉,生蚝",黄龙海鲜大排档(庆春店),"120.202680,30.259083",[],[],[],4.8,134,FALSE,FALSE,FALSE,TRUE,餐饮服务;中餐厅;中餐厅,餐饮服务,中餐厅,"['黑胶铁板牛仔骨', '小管烧年糕', '蒜蓉粉丝蒸波龙', '广式老虎斑', '海鲜毛血旺', '盐水黄香螺', '三鲜煲', '一品绝味黄鱼', '倒立梭子蟹', '高压锅生蚝', '苔菜米馒头', '东海一锅鲜', '鲳鱼烧年糕', '油淋脆海鲜', '焦香蚕豆煲', '椒盐皮皮虾', '海鲜炒粉干', '东海三鲜', '海鲜大排档', '鸡肉', '大排档', '牛肉', '生蚝']"
B0FFGY069T,[],日本料理,[],[],餐饮服务;外国餐厅;日本料理,[],[],050202,0,[],上城区,[],0571-85377772;0571-85377775,B0FFLMXS6X,四季青街道景昙路9号西子国际中心A座3楼301-91(501城市广场),[],浙江省,diner,杭州市,202,"天妇罗,海螺,海胆,牡丹虾,蟹宝,北极贝,刺身,寿司,三文鱼,牛肉,鹅肝,自助餐",竹哩·井原里,"120.203570,30.258180",[],[],[],4.7,410,FALSE,FALSE,FALSE,TRUE,餐饮服务;外国餐厅;日本料理,餐饮服务,外国餐厅,"['天妇罗', '海螺', '海胆', '牡丹虾', '蟹宝', '北极贝', '刺身', '寿司', '三文鱼', '牛肉', '鹅肝', '自助餐']"
B023B13KPC,[],火锅鸡,[],[],餐饮服务;中餐厅;中餐厅,[],[],050100,0,[],上城区,[],13306534408;13600530901,B0IAGZ6UYI,新塘路58号新媒体大厦107室,[],浙江省,diner,杭州市,202,"招牌地锅鸡,地锅锡林格勒羊肉,鸡加牛骨,鸡加排骨锅,干豆角,地锅排骨,加点五花肉,特色地锅鸡,安徽臭鳜鱼,爆款,锡林格勒冰煮羊,老鹅锅,千岛湖螺丝,霸王别鸡,铁锅炖大鹅,地锅鸡,肥肠鸡,猪肚筒骨鸡,安徽臭桂鱼,花干（豆腐干）,小鸡炖蘑菇,双人餐,鸡肉",大俺徽地锅鸡(太平门直街),"120.209013,30.260733",[],[],[],4.7,62,FALSE,FALSE,FALSE,TRUE,餐饮服务;中餐厅;中餐厅,餐饮服务,中餐厅,"['招牌地锅鸡', '地锅锡林格勒羊肉', '鸡加牛骨', '鸡加排骨锅', '干豆角', '地锅排骨', '加点五花肉', '特色地锅鸡', '安徽臭鳜鱼', '爆款', '锡林格勒冰煮羊', '老鹅锅', '千岛湖螺丝', '霸王别鸡', '铁锅炖大鹅', '地锅鸡', '肥肠鸡', '猪肚筒骨鸡', '安徽臭桂鱼', '花干（豆腐干）', '小鸡炖蘑菇', '双人餐', '鸡肉']"
B0FFG6BAUX,[],粤菜,[],[],餐饮服务;中餐厅;中餐厅,[],[],050100,0,[],上城区,[],17767193369,B0J0LUQWXE,市民街99号世包国际中心西塔楼F41层,[],浙江省,diner,杭州市,202,"脆炸鲜虾藕夹,梅汁银雪鱼,花生牛乳冻,咸菜炒麦穗鱿,石锅鲜椒雪花牛肉,辣汁血蛤,卤水36月狮头老鹅头,潮式五香炸粿肉,海肠捞饭,鱼香汁金沙参,油卤鲍鱼,港式叉烧包,砂锅葱香炒鲍鱼,芭乐布丁,油浸虾籽罗氏虾,脆皮叉烧,梅干菜饼,玻璃乳鸽,炭烧潮州薄壳小响螺,下午茶,乳鸽,脆皮叉烧,海肠捞饭,拌饭,螃蟹",云顶玺宴·现代潮粤菜,"120.206344,30.237024",[],[],[],4.7,380,FALSE,FALSE,FALSE,TRUE,餐饮服务;中餐厅;中餐厅,餐饮服务,中餐厅,"['脆炸鲜虾藕夹', '梅汁银雪鱼', '花生牛乳冻', '咸菜炒麦穗鱿', '石锅鲜椒雪花牛肉', '辣汁血蛤', '卤水36月狮头老鹅头', '潮式五香炸粿肉', '海肠捞饭', '鱼香汁金沙参', '油卤鲍鱼', '港式叉烧包', '砂锅葱香炒鲍鱼', '芭乐布丁', '油浸虾籽罗氏虾', '脆皮叉烧', '梅干菜饼', '玻璃乳鸽', '炭烧潮州薄壳小响螺', '下午茶', '乳鸽', '脆皮叉烧', '海肠捞饭', '拌饭', '螃蟹']"
B023B09YVI,[],中餐,[],[],餐饮服务;中餐厅;中餐厅,[],[],050100,0,[],上城区,[],0571-87009111;15868834040,B0L2HDALAI,民心路100号万银国际F3层,[],浙江省,diner,杭州市,202,[],临江鲜(江鲜·蒸菜·精致浙菜),"120.218827,30.251705",[],[],[],4.6,250,FALSE,FALSE,FALSE,TRUE,餐饮服务;中餐厅;中餐厅,餐饮服务,中餐厅,[]
B023B1ACZV,[],烤肉,[],[],餐饮服务;中餐厅;中餐厅,[],[],050100,0,[],上城区,[],19357221157,B0K0NMGDMO,新塘路57号(景芳地铁站D5口步行140米),[],浙江省,diner,杭州市,202,"熟制牛舌,鸡腿肉,浇汁肥牛,大油边,酸菜,蒜香五花肉,招牌必点鲜羊肉,东北大冷面,黄油面包,招牌传统牛肉,三味牛肋条,赞比利黑猪五花肉,松阪肉,东北大拌菜,鲜羊肉,牛舌",东北杨光?碳烤鲜牛肉(天虹店),"120.207538,30.261872",[],[],[],4.7,69,FALSE,FALSE,FALSE,TRUE,餐饮服务;中餐厅;中餐厅,餐饮服务,中餐厅,"['熟制牛舌', '鸡腿肉', '浇汁肥牛', '大油边', '酸菜', '蒜香五花肉', '招牌必点鲜羊肉', '东北大冷面', '黄油面包', '招牌传统牛肉', '三味牛肋条', '赞比利黑猪五花肉', '松阪肉', '东北大拌菜', '鲜羊肉', '牛舌']"
B023B1DLF7,[],烧烤,[],[],餐饮服务;中餐厅;东北菜|餐饮服务;中餐厅;火锅店,[],[],050113|050117,0,[],上城区,[],15134610789;18258405868,B0FFIWWE3I,新塘路99号凤起时代大厦111室-1,[],浙江省,diner,杭州市,202,"东北大饭包,家常凉菜,压锅肘子,锅包肉,东北炸三样,小铝盆烤肉,无敌下酒菜,东北一锅出,东北菜,烧烤火锅,牛肉,双人餐,羊肉串,锅包肉",兴玉·东北烧烤火锅(新塘店),"120.207486,30.262876",[],[],[],4.7,77,FALSE,FALSE,FALSE,TRUE,餐饮服务;中餐厅;东北菜,餐饮服务,中餐厅,"['东北大饭包', '家常凉菜', '压锅肘子', '锅包肉', '东北炸三样', '小铝盆烤肉', '无敌下酒菜', '东北一锅出', '东北菜', '烧烤火锅', '牛肉', '双人餐', '羊肉串', '锅包肉']"
[],[],江浙菜,[],[],餐饮服务;中餐厅;海鲜酒楼,[],[],050119,0,[],上城区,[],0571-86728509,B0FFHS604W,采荷路6号长风源,[],浙江省,diner,杭州市,[],"杂鱼特色烧,特色炒粉丝,酸菜鱼,紫苏烧青鱼,锅仔里农夫鱼头,腊肉莴笋干,家乡蹄膀,咸肉小香菇,干锅千页豆腐,铜盘杂鱼锅,泡椒目鱼仔,手捏菜毛豆子,家烧鱼泡,地衣,剁椒鱼头,双人餐,鸡肉,单人餐,炒螺蛳,酱爆螺蛳",长风源·寻衢味(20年老店),"120.197564,30.252079",[],[],[],4.7,88,FALSE,FALSE,FALSE,TRUE,餐饮服务;中餐厅;海鲜酒楼,餐饮服务,中餐厅,"['杂鱼特色烧', '特色炒粉丝', '酸菜鱼', '紫苏烧青鱼', '锅仔里农夫鱼头', '腊肉莴笋干', '家乡蹄膀', '咸肉小香菇', '干锅千页豆腐', '铜盘杂鱼锅', '泡椒目鱼仔', '手捏菜毛豆子', '家烧鱼泡', '地衣', '剁椒鱼头', '双人餐', '鸡肉', '单人餐', '炒螺蛳', '酱爆螺蛳']"
[],[],衢州菜,[],[],餐饮服务;餐饮相关场所;餐饮相关,[],[],050000,0,[],上城区,[],17767270698;18413259799,B0I1N58C1R,采荷支路7号石化加油站隔壁,[],浙江省,diner,杭州市,[],"小龙虾,鸭头,鸡肉,土猪肉,牛肉,牛蛙,猪肉,蛋炒饭",四季大树底衢州菜(四季青店),"120.197478,30.250442",[],[],[],4.7,68,FALSE,FALSE,FALSE,TRUE,餐饮服务;餐饮相关场所;餐饮相关,餐饮服务,餐饮相关场所,"['小龙虾', '鸭头', '鸡肉', '土猪肉', '牛肉', '牛蛙', '猪肉', '蛋炒饭']"
B023B09Y9H,[],本地鸡窝火锅,[],[],餐饮服务;中餐厅;中餐厅,[],[],050100,0,[],上城区,[],18072705956,B0LA2RJM4O,四季青街道景昙路18-26号F6层6008-2号,[],浙江省,diner,杭州市,202,"霸王别鸡,土鸡鸡窝,本地鸡窝,乌鸡鸡窝,手撕叫花鸡,手工虾滑,鸡肉",一席地·本地鸡窝(庆春银泰店),"120.204882,30.259901",[],[],[],4.6,65,FALSE,FALSE,FALSE,TRUE,餐饮服务;中餐厅;中餐厅,餐饮服务,中餐厅,"['霸王别鸡', '土鸡鸡窝', '本地鸡窝', '乌鸡鸡窝', '手撕叫花鸡', '手工虾滑', '鸡肉']"
B0FFGDDINA,[],小吃快餐,[],[],餐饮服务;快餐厅;快餐厅,[],[],050300,0,[],上城区,[],0571-86710233;4008988788,B0FFJS2BR7,四季青街道景昙路9号庆春广场站地铁站商业空间A1、A2、A3号商铺,[],浙江省,diner,杭州市,302,"双人餐,汉堡,薯条,单人餐",汉堡王(庆春广场地铁站),"120.205346,30.257939",[],[],[],4.3,27,FALSE,FALSE,FALSE,TRUE,餐饮服务;快餐厅;快餐厅,餐饮服务,快餐厅,"['双人餐', '汉堡', '薯条', '单人餐']"
B023B06IDI,[],重庆火锅,[],[],餐饮服务;中餐厅;火锅店,[],[],050117,0,[],上城区,[],13396554980,B0K3MHTN8N,新塘路35号三新大厦(景芳地铁站D5口步行320米),[],浙江省,diner,杭州市,202,"双人餐,素菜",忙姐重庆老火锅(三新大厦店),"120.206912,30.260625",[],[],[],4.6,106,FALSE,FALSE,FALSE,TRUE,餐饮服务;中餐厅;火锅店,餐饮服务,中餐厅,"['双人餐', '素菜']"
B023B1ACZV,[],肉类,[],[],餐饮服务;中餐厅;潮州菜,[],[],050123,1,[],上城区,[],0571-85456759;13799473556;15968815516,B0FFGB7T9C,新塘路45号元华旺座中心F1层,[],浙江省,diner,杭州市,202,牛肉,潮来福潮汕牛肉店(元华旺座中心店),"120.207556,30.261508",[],[],[],4.7,90,FALSE,FALSE,FALSE,TRUE,餐饮服务;中餐厅;潮州菜,餐饮服务,中餐厅,['牛肉']
B0FFHKCJKO,[],西式快餐,[],[],餐饮服务;快餐厅;麦当劳,[],[],050302,0,[],上城区,[],0571-85377162,B0FFKQZSQ8,景昙路9号杭州大厦501城市广场北门一层126、239、242,[],浙江省,diner,杭州市,201,"麦辣美味三件套,原味板烧鸡腿麦满分组合,麦当劳超值嗨餐,（2-3人餐）,大脆鸡扒麦满分组合,人气美味尽享套餐,麦辣鸡腿堡,安格斯系列,巨无霸汉堡,可乐鸡翅,家有金桶（脆鸡版）,板烧美味三件套,家有金桶（汉堡版）,汉堡,双人餐,薯条",麦当劳(杭州大厦501城市广场店),"120.203434,30.260282",[],[],[],4.6,27,FALSE,FALSE,FALSE,TRUE,餐饮服务;快餐厅;麦当劳,餐饮服务,快餐厅,"['麦辣美味三件套', '原味板烧鸡腿麦满分组合', '麦当劳超值嗨餐', '（2-3人餐）', '大脆鸡扒麦满分组合', '人气美味尽享套餐', '麦辣鸡腿堡', '安格斯系列', '巨无霸汉堡', '可乐鸡翅', '家有金桶（脆鸡版）', '板烧美味三件套', '家有金桶（汉堡版）', '汉堡', '双人餐', '薯条']"
B0FFHLTRRX,[],江浙菜,[],[],餐饮服务;中餐厅;中餐厅,[],[],050100,0,[],上城区,[],0571-86836977,B0K12C6D3Y,景昙路9号西子国际F4层,[],浙江省,diner,杭州市,202,"蟹黄,汤品,蟹肉,大闸蟹,排骨,鸭肉,馄饨老鸭煲",東大方(杭州大厦501店),"120.204001,30.258995",[],[],[],4.6,68,FALSE,FALSE,FALSE,TRUE,餐饮服务;中餐厅;中餐厅,餐饮服务,中餐厅,"['蟹黄', '汤品', '蟹肉', '大闸蟹', '排骨', '鸭肉', '馄饨老鸭煲']"
B0FFG97FK8,[],衢州菜,[],[],餐饮服务;中餐厅;浙江菜,[],[],050106,0,[],上城区,[],13516725870,B0L3MUL7Z4,太平门直街481元华旺座中心1号楼B1层,[],浙江省,diner,杭州市,202,双人餐,衢八鲜?开化山水菜,"120.207175,30.261275",[],[],[],4.7,71,FALSE,FALSE,FALSE,TRUE,餐饮服务;中餐厅;浙江菜,餐饮服务,中餐厅,['双人餐']
B0FFHLTRRX,[],自助餐,[],[],餐饮服务;中餐厅;中餐厅,[],[],050100,0,[],上城区,[],13388614719,B0L2FZ207S,景昙路9号西子国际中心负一楼B101店铺(星巴克旁),[],浙江省,diner,杭州市,202,自助餐,素新风·食养自助餐厅(杭州·501广场店),"120.203822,30.258530",[],[],[],4.6,28,FALSE,FALSE,FALSE,TRUE,餐饮服务;中餐厅;中餐厅,餐饮服务,中餐厅,['自助餐']
B0FFG41IS3,[],烤肉,[],[],餐饮服务;中餐厅;中餐厅,[],[],050100,0,[],上城区,[],18157190863,B0J1KC9BGJ,新塘路108号杭州五福天虹购物中心A座2F层,[],浙江省,diner,杭州市,201,"石锅拌饭,肥牛盖饭,菠萝牛排,厚切猪五花,烤肉,双人餐,牛肉",西塔老太太泥炉烤肉(五福天虹购物中心A座店),"120.208877,30.264579",[],[],[],4.6,108,FALSE,FALSE,FALSE,TRUE,餐饮服务;中餐厅;中餐厅,餐饮服务,中餐厅,"['石锅拌饭', '肥牛盖饭', '菠萝牛排', '厚切猪五花', '烤肉', '双人餐', '牛肉']"
B023B1DJLX,[],烧烤,[],[],餐饮服务;中餐厅;特色/地方风味餐厅,[],[],050118,0,[],上城区,[],0571-85559606,B0G1BS9CUC,四季青街道凤起东路205号天虹购物中心B座1层B123室,[],浙江省,diner,杭州市,201,"鸡翅中,牛肉筋,鸡爪串,小黄鱼,香辣鸡爪,香辣猪蹄,瘦羊肉串,羊腰串,羊肉串,烤肉,素菜,烤串",木屋烧烤(江干天虹店),"120.210450,30.264555",[],[],[],4.6,82,FALSE,FALSE,FALSE,TRUE,餐饮服务;中餐厅;特色/地方风味餐厅,餐饮服务,中餐厅,"['鸡翅中', '牛肉筋', '鸡爪串', '小黄鱼', '香辣鸡爪', '香辣猪蹄', '瘦羊肉串', '羊腰串', '羊肉串', '烤肉', '素菜', '烤串']"
B023B06GP1,[],新疆菜,[],[],餐饮服务;中餐厅;特色/地方风味餐厅,[],[],050118,0,[],上城区,[],15867172450,B0J2LHZ2AO,四季青街道太平门直街525号原和阗玫瑰,[],浙江省,diner,杭州市,320,"单人餐,手抓饭,羊肉,原始抓饭",问疆新疆手抓饭(太平门直街店),"120.210134,30.261127",[],[],[],4.7,45,FALSE,FALSE,FALSE,TRUE,餐饮服务;中餐厅;特色/地方风味餐厅,餐饮服务,中餐厅,"['单人餐', '手抓饭', '羊肉', '原始抓饭']"
B0FFG41IS3,[],海鲜火锅,[],[],餐饮服务;中餐厅;火锅店|住宿服务;住宿服务相关;住宿服务相关,[],[],050117|100000,0,[],上城区,[],0571-86827737,B0H1NK8DD2,新塘路108号杭州天虹购物中心A座四层A号401号,[],浙江省,diner,杭州市,201,"大闸蟹,双人餐",七欣天(杭州新塘天虹店),"120.208876,30.264445",[],[],[],4.6,,TRUE,FALSE,FALSE,FALSE,餐饮服务;中餐厅;火锅店,餐饮服务,中餐厅,"['大闸蟹', '双人餐']"
B023B09Y9H,[],江浙菜,[],[],餐饮服务;中餐厅;江苏菜,[],[],050105,0,[],上城区,[],0571-86533288,B0FFGHO33G,景昙路18-26号杭州银泰世纪百货有限公司1、2层商铺,[],浙江省,diner,杭州市,201,"面包诱惑,鱼头诱惑,绿茶烤肉合拼,牛肉诱惑,花生沙冰,火焰虾,绿茶烤鱼,招牌石锅沸腾饭,老乡浓汤,江南东坡鸡,椒麻鸡,拿破仑,南乳仔排,农家茄子煲,烤肉,烤鸡,牛肉,鱼头,糖醋里脊",绿茶餐厅(庆春银泰店),"120.204637,30.259876",[],[],[],4.4,65,FALSE,FALSE,FALSE,TRUE,餐饮服务;中餐厅;江苏菜,餐饮服务,中餐厅,"['面包诱惑', '鱼头诱惑', '绿茶烤肉合拼', '牛肉诱惑', '花生沙冰', '火焰虾', '绿茶烤鱼', '招牌石锅沸腾饭', '老乡浓汤', '江南东坡鸡', '椒麻鸡', '拿破仑', '南乳仔排', '农家茄子煲', '烤肉', '烤鸡', '牛肉', '鱼头', '糖醋里脊']"
B023B1DJLX,[],烧烤,[],[],餐饮服务;中餐厅;特色/地方风味餐厅,[],[],050118,0,[],上城区,[],19357263166,B0GUSKK978,新塘路108号天虹购物中心B座2F层,[],浙江省,diner,杭州市,201,烤羊肉串,三个蒙古大叔烤羊肉串(五福天虹购物中心B座店),"120.209697,30.264400",[],[],[],4.7,132,FALSE,FALSE,FALSE,TRUE,餐饮服务;中餐厅;特色/地方风味餐厅,餐饮服务,中餐厅,['烤羊肉串']
[],[],江浙菜,[],[],餐饮服务;中餐厅;中餐厅,[],[],050100,0,[],上城区,[],19357300299,B0KAMU5U0R,蜻蜓公园内1层(庆秋弄9号蜻蜓停车楼3号芯筒),[],浙江省,diner,杭州市,[],"西湖藕粉,双人餐,单人餐",苏面坊·蟹黄面·蟹黄火锅(蜻蜓公园店),"120.202249,30.258128",[],[],[],4.6,139,FALSE,FALSE,FALSE,TRUE,餐饮服务;中餐厅;中餐厅,餐饮服务,中餐厅,"['西湖藕粉', '双人餐', '单人餐']"
B0FFHKCJKO,[],西餐,[],[],餐饮服务;外国餐厅;西餐厅(综合风味)|餐饮服务;糕饼店;糕饼店,[],[],050201|050800,0,[],上城区,[],19157774282,B0H1M5YRXK,四季青街道景昙路499号杭州西子国际一层101-17,[],浙江省,diner,杭州市,202,"澳洲安格斯西冷牛排,澳洲和牛m5牛排,烤虾芒果沙拉,芝士茄盒小牛肉,玫瑰雪蟹青虾通心粉,澳洲谷饲安格斯菲力牛排,牛排,薯条,炸鸡,披萨",澳骄小屋 Aussie Kitchen(城东店),"120.203352,30.259232",[],[],[],4.6,135,FALSE,FALSE,FALSE,TRUE,餐饮服务;外国餐厅;西餐厅(综合风味),餐饮服务,外国餐厅,"['澳洲安格斯西冷牛排', '澳洲和牛m5牛排', '烤虾芒果沙拉', '芝士茄盒小牛肉', '玫瑰雪蟹青虾通心粉', '澳洲谷饲安格斯菲力牛排', '牛排', '薯条', '炸鸡', '披萨']"
B023B1ACZV,[],川菜,[],[],餐饮服务;中餐厅;四川菜(川菜),[],[],050102,0,[],上城区,[],19032202178,B0JRBZPG3F,新塘路51号(景芳地铁站D5口步行160米),[],浙江省,diner,杭州市,202,"自贡辣子鸡,回锅肉,火爆腰花,单人餐,双人餐,爆炒腰花",柴米夫妻四川自贡盐帮菜(新塘店),"120.207475,30.261658",[],[],[],4.7,71,FALSE,FALSE,FALSE,TRUE,餐饮服务;中餐厅;四川菜(川菜),餐饮服务,中餐厅,"['自贡辣子鸡', '回锅肉', '火爆腰花', '单人餐', '双人餐', '爆炒腰花']"
B023B02369,[],江浙菜,[],[],餐饮服务;中餐厅;综合酒楼|餐饮服务;中餐厅;浙江菜,[],[],050101|050106,0,[],上城区,[],0571-86995388,B023B02USO,秋涛北路76号中豪大酒店3楼,[],浙江省,diner,杭州市,202,"名家虾饺,花生刨冰,剁椒蒸长江鮰鱼,剁椒鱼头,龙虾汤蒸阿拉斯加雪蟹,糖醋排骨,八宝油条,葡式蛋挞,东坡鸡,芒果冻,泰式飘香榴莲酥,芒果布丁,干锅豇豆,毛蟹,咸肉蒸春笋,素菜,龙虾,杭州酱鸭",名人名家·浙菜(秋涛北路店),"120.200808,30.260712",[],[],[],4.7,120,FALSE,FALSE,FALSE,TRUE,餐饮服务;中餐厅;综合酒楼,餐饮服务,中餐厅,"['名家虾饺', '花生刨冰', '剁椒蒸长江鮰鱼', '剁椒鱼头', '龙虾汤蒸阿拉斯加雪蟹', '糖醋排骨', '八宝油条', '葡式蛋挞', '东坡鸡', '芒果冻', '泰式飘香榴莲酥', '芒果布丁', '干锅豇豆', '毛蟹', '咸肉蒸春笋', '素菜', '龙虾', '杭州酱鸭']"
B0FFHLJXPM,[],中餐,[],[],餐饮服务;中餐厅;中餐厅,[],[],050100,0,[],上城区,[],0571-87818369;17300930008,B0GK9LQ51Y,新塘路61号,[],浙江省,diner,杭州市,202,"家烧老鹅,鸡肉,豆腐,双人餐,特色菜",开化食府(新塘路店)(暂停营业),"120.207338,30.262099",[],[],[],4.7,79,FALSE,FALSE,FALSE,TRUE,餐饮服务;中餐厅;中餐厅,餐饮服务,中餐厅,"['家烧老鹅', '鸡肉', '豆腐', '双人餐', '特色菜']"
[],[],江浙菜,[],[],餐饮服务;中餐厅;浙江菜,[],[],050106,0,[],上城区,[],0571-88252313,B0HAHLMXXP,双菱路116号(庆菱路地铁站A1口步行370米),[],浙江省,diner,杭州市,[],"文火谷饲牛肉配荷叶饼,鳕鱼杨梅虾球,特色湖蟹煲,萧山土三鲜,陈年花雕醉湖蟹,招牌豉油虾,椒麻牛舌,家常菜,特色菜,臭豆腐,酸菜鱼,鸡肉,堂食,虾球,糖醋里脊,豆腐,香炸臭豆腐,绍兴臭豆腐",新周记·巷子里的江南味(庆春店),"120.195727,30.259430",[],[],[],4.7,93,FALSE,FALSE,FALSE,TRUE,餐饮服务;中餐厅;浙江菜,餐饮服务,中餐厅,"['文火谷饲牛肉配荷叶饼', '鳕鱼杨梅虾球', '特色湖蟹煲', '萧山土三鲜', '陈年花雕醉湖蟹', '招牌豉油虾', '椒麻牛舌', '家常菜', '特色菜', '臭豆腐', '酸菜鱼', '鸡肉', '堂食', '虾球', '糖醋里脊', '豆腐', '香炸臭豆腐', '绍兴臭豆腐']"
B023B09Y9H,[],小吃快餐,[],[],餐饮服务;快餐厅;肯德基,[],[],050301,0,[],上城区,[],0571-66668888;0571-86533298,B023B13MXL,太平门直街银泰百货一楼,[],浙江省,diner,杭州市,201,"香辣鸡翅,蔬菜沙拉,醇香土豆泥,薯条,KFC芋缘花淇淋,葡式蛋挞,芋缘花淇淋,KFC香辣（劲脆）鸡腿堡,吮指原味鸡,可乐,伴柠伴桔鲜果茶,现磨咖啡,新奥尔良烤鸡腿堡,红豆派,鸡米花,玉米沙拉,海苔岩烧大鸡腿饭,黄金鸡块,KFC老北京鸡肉卷,小食拼盘,肯大大鸡排,单人餐,双人餐,汉堡",肯德基(庆春银泰店),"120.205050,30.260304",[],[],[],4.4,43,FALSE,FALSE,FALSE,TRUE,餐饮服务;快餐厅;肯德基,餐饮服务,快餐厅,"['香辣鸡翅', '蔬菜沙拉', '醇香土豆泥', '薯条', 'KFC芋缘花淇淋', '葡式蛋挞', '芋缘花淇淋', 'KFC香辣（劲脆）鸡腿堡', '吮指原味鸡', '可乐', '伴柠伴桔鲜果茶', '现磨咖啡', '新奥尔良烤鸡腿堡', '红豆派', '鸡米花', '玉米沙拉', '海苔岩烧大鸡腿饭', '黄金鸡块', 'KFC老北京鸡肉卷', '小食拼盘', '肯大大鸡排', '单人餐', '双人餐', '汉堡']"
B0FFGXSYN1,[],大排档,[],[],餐饮服务;中餐厅;中餐厅,[],[],050100,0,[],上城区,[],15641286111,B0LD0KC05Y,凤起东路358号天星龙大厦B座,[],浙江省,diner,杭州市,202,"大排档,海肠捞饭",杨记旺角香港大排档,"120.208675,30.263425",[],[],[],4.7,159,FALSE,FALSE,FALSE,TRUE,餐饮服务;中餐厅;中餐厅,餐饮服务,中餐厅,"['大排档', '海肠捞饭']"
B0H2UAPE8M,[],中餐,[],[],餐饮服务;中餐厅;中餐厅,[],[],050100,1,[],上城区,[],0571-89890016;0571-89890017,B0IU6707V2,三新路37号中豪·江河时代4楼,[],浙江省,diner,杭州市,202,"大肠,红烧肉,酸汤鱼,鱼鲜,毛血旺,排骨,虾爆鳝片,炒饭,茄子,蟹黄,葱包烩,精品佛跳墙",钱塘宴(江河汇店),"120.220044,30.261220",[],[],[],4.8,157,FALSE,FALSE,FALSE,TRUE,餐饮服务;中餐厅;中餐厅,餐饮服务,中餐厅,"['大肠', '红烧肉', '酸汤鱼', '鱼鲜', '毛血旺', '排骨', '虾爆鳝片', '炒饭', '茄子', '蟹黄', '葱包烩', '精品佛跳墙']"
B023B09Y9H,[],江浙菜,[],[],餐饮服务;中餐厅;中餐厅,[],[],050100,0,[],上城区,[],0571-86533988,B0FFHF9VSV,景昙路18-26号庆春银泰6楼6F-06商铺,[],浙江省,diner,杭州市,201,"蛋黄鸡翅,糖醋里脊,石锅牛蛙,一品开背虾,铁板茄子,鱼羊鲜,蒜泥凤爪,杂粮炖海参,七星海鲈鱼,话梅花生,倒笃蒸梭子蟹,香酥脆卷,天水豆腐,东坡肉,剁椒鱼头,双人餐,鸡肉,家常菜,鸡翅,酸菜鱼",新白鹿餐厅(庆春银泰店),"120.204950,30.260272",[],[],[],4.6,65,FALSE,FALSE,FALSE,TRUE,餐饮服务;中餐厅;中餐厅,餐饮服务,中餐厅,"['蛋黄鸡翅', '糖醋里脊', '石锅牛蛙', '一品开背虾', '铁板茄子', '鱼羊鲜', '蒜泥凤爪', '杂粮炖海参', '七星海鲈鱼', '话梅花生', '倒笃蒸梭子蟹', '香酥脆卷', '天水豆腐', '东坡肉', '剁椒鱼头', '双人餐', '鸡肉', '家常菜', '鸡翅', '酸菜鱼']"
[],[],特色小吃,[],[],地名地址信息;普通地名;村庄级地名|餐饮服务;中餐厅;中餐厅,[],[],190108|050100,2,[],上城区,[],19941198117,B0H1RAAM0Q,太平门直街475号(景芳地铁站D5口步行310米),[],浙江省,[],杭州市,[],"北乡汤圆,小笼包,双人餐,单人餐",王阿盖手工小吃(庆春银泰店),"120.206968,30.261084",[],[],[],4.6,27,FALSE,FALSE,FALSE,TRUE,地名地址信息;普通地名;村庄级地名,地名地址信息,普通地名,"['北乡汤圆', '小笼包', '双人餐', '单人餐']"
B0FFG97FK8,[],小吃快餐,[],[],餐饮服务;中餐厅;中餐厅,[],[],050100,0,[],上城区,[],0571-86947063,B0FFFXY9JU,太平门直街477号两岸咖啡新塘路店对面,[],浙江省,diner,杭州市,202,"鲜肉手工包,牛肉粉丝汤,招牌鸭血汤,生煎包,西湖牛肉羹,虾肉小笼包,鲜肉锅贴,点心,牛肉,特色小吃,肉包,堂食",新丰小吃(太平门直街分店),"120.207147,30.261096",[],[],[],4.5,17,FALSE,FALSE,FALSE,TRUE,餐饮服务;中餐厅;中餐厅,餐饮服务,中餐厅,"['鲜肉手工包', '牛肉粉丝汤', '招牌鸭血汤', '生煎包', '西湖牛肉羹', '虾肉小笼包', '鲜肉锅贴', '点心', '牛肉', '特色小吃', '肉包', '堂食']"
B023B19SJI,[],创意菜,[],[],餐饮服务;餐饮相关场所;餐饮相关,[],[],050000,0,[],上城区,[],0571-87026930,B0FFKMLR4R,庆春东路68号国有资本投资大厦F1层,[],浙江省,diner,杭州市,202,"蘑菇,酸辣粉丝,素菜,单人餐,炒饭,素食,豆腐",庆春食堂(国有资本投资大厦店),"120.193475,30.257888",[],[],[],4.8,97,FALSE,FALSE,FALSE,TRUE,餐饮服务;餐饮相关场所;餐饮相关,餐饮服务,餐饮相关场所,"['蘑菇', '酸辣粉丝', '素菜', '单人餐', '炒饭', '素食', '豆腐']"
B023B08WT0,[],东北菜,[],[],餐饮服务;中餐厅;中餐厅,[],[],050100,0,[],上城区,[],0571-88299857,B0JRVHNB1L,凤起东路358号新塘路和交叉口B座裙楼一层116号,[],浙江省,diner,杭州市,202,"东北大拉皮,煎饼盒子,857农场炖大鹅,857农场铁锅炖大鹅,锅包肉,红烧三道鳞,蘸酱菜,熘肉段,村头虫草大公鸡,铁锅炖大鹅,双人餐,铁锅炖鱼,铁锅炖,锅包肉",857铁锅炖 东北饭儿,"120.208426,30.262933",[],[],[],4.7,71,FALSE,FALSE,FALSE,TRUE,餐饮服务;中餐厅;中餐厅,餐饮服务,中餐厅,"['东北大拉皮', '煎饼盒子', '857农场炖大鹅', '857农场铁锅炖大鹅', '锅包肉', '红烧三道鳞', '蘸酱菜', '熘肉段', '村头虫草大公鸡', '铁锅炖大鹅', '双人餐', '铁锅炖鱼', '铁锅炖', '锅包肉']"
B023B1DJLX,[],烧烤,[],[],餐饮服务;中餐厅;中餐厅,[],[],050100,0,[],上城区,[],0571-86026089,B0H1BC71L5,新塘路108号天虹购物中心B座4层B445,[],浙江省,diner,杭州市,201,"堂食,小酥肉,烤鱼,龙虾,年糕,油条,羊肉串",炉鱼(杭州天虹购物中心店),"120.209799,30.265079",[],[],[],4.5,73,FALSE,FALSE,FALSE,TRUE,餐饮服务;中餐厅;中餐厅,餐饮服务,中餐厅,"['堂食', '小酥肉', '烤鱼', '龙虾', '年糕', '油条', '羊肉串']"
B023B1DJLX,[],烤肉,[],[],餐饮服务;中餐厅;中餐厅,[],[],050100,0,[],上城区,[],19357628063,B0L6HRHVCS,凤起东路205号杭州五福天虹购物中心B座4楼,[],浙江省,diner,杭州市,201,"厚切小排肥牛,牛舌,阿根廷红虾,澳洲原切M级和牛,酸菜牛肉,蒜香牛排,青花椒猪舌,酸菜牛肋条,白牛百叶,拌鸡皮,椒麻牛肋条,静腌黑椒牛排,蒜香牛肉,青花椒牛排,山野薄荷肋条,山野薄荷牛肉,山野鲍菇牛肉,大片雪花上脑,黑椒牛肋条,柠檬牛肉,山野原味牛肉,烤肉自助,单人自助,烤肉,小火锅,鲜切牛肉",八合田鲜切牛肉烤肉自助(杭州五福天虹购物中心店),"120.209893,30.264390",[],[],[],4.4,78,FALSE,FALSE,FALSE,TRUE,餐饮服务;中餐厅;中餐厅,餐饮服务,中餐厅,"['厚切小排肥牛', '牛舌', '阿根廷红虾', '澳洲原切M级和牛', '酸菜牛肉', '蒜香牛排', '青花椒猪舌', '酸菜牛肋条', '白牛百叶', '拌鸡皮', '椒麻牛肋条', '静腌黑椒牛排', '蒜香牛肉', '青花椒牛排', '山野薄荷肋条', '山野薄荷牛肉', '山野鲍菇牛肉', '大片雪花上脑', '黑椒牛肋条', '柠檬牛肉', '山野原味牛肉', '烤肉自助', '单人自助', '烤肉', '小火锅', '鲜切牛肉']"
B023B1DVL3,[],烤肉,[],[],餐饮服务;餐饮相关场所;餐饮相关,[],[],050000,0,[],上城区,[],19906857213,B0K33H4LT4,新塘路111号2号楼107一楼商铺(距地铁景芳站C口步行150m),[],浙江省,diner,杭州市,202,"重庆辣子鸡,龙虾,烤鱼",玖十八烤鱼酒馆·龙虾·烧烤(芳塘店),"120.206891,30.264781",[],[],[],4.7,79,FALSE,FALSE,FALSE,TRUE,餐饮服务;餐饮相关场所;餐饮相关,餐饮服务,餐饮相关场所,"['重庆辣子鸡', '龙虾', '烤鱼']"
[],[],小龙虾,[],[],餐饮服务;中餐厅;中餐厅,[],[],050100,0,[],上城区,[],15669063120,B0L3XC1FXZ,采荷路37号院荷塘悦色一楼(由37号院进入直走到底左边),[],浙江省,diner,杭州市,[],[],老头儿油爆虾·巷子里的烟火味(采荷店),"120.193456,30.251106",[],[],[],4.6,75,FALSE,FALSE,FALSE,TRUE,餐饮服务;中餐厅;中餐厅,餐饮服务,中餐厅,[]
B023B1DJLX,[],烧烤,[],[],餐饮服务;中餐厅;特色/地方风味餐厅,[],[],050118,0,[],上城区,[],18968009026,B0IUKUZ1N9,新塘路108号天虹购物广场b座负一层头牌鹤岗小串,[],浙江省,diner,杭州市,201,"头牌鲜羊肉串,头牌鲜牛串,烤面包片,烧烤撸,头牌老涮肚,麻辣猪脑花,头牌皇家豆腐,双人餐,牛肉,羊肉串,五花肉,大排档,烤串,麻辣烫",头牌鹤岗小串(天虹店),"120.210524,30.265431",[],[],[],4.6,74,FALSE,FALSE,FALSE,TRUE,餐饮服务;中餐厅;特色/地方风味餐厅,餐饮服务,中餐厅,"['头牌鲜羊肉串', '头牌鲜牛串', '烤面包片', '烧烤撸', '头牌老涮肚', '麻辣猪脑花', '头牌皇家豆腐', '双人餐', '牛肉', '羊肉串', '五花肉', '大排档', '烤串', '麻辣烫']"
[],[],小龙虾,[],[],餐饮服务;中餐厅;海鲜酒楼,[],[],050119,0,[],上城区,[],0571-86090809,B0MGFR58NT,新塘路63-2号(亚朵酒店隔壁)景芳站D5出口,[],浙江省,diner,杭州市,[],小龙虾,红盔甲·小龙虾(钱江新城店),"120.207649,30.262126",[],[],[],4.7,175,FALSE,FALSE,FALSE,TRUE,餐饮服务;中餐厅;海鲜酒楼,餐饮服务,中餐厅,['小龙虾']
B023B1DJLX,[],串串香,[],[],餐饮服务;中餐厅;火锅店,[],[],050117,0,[],上城区,[],0571-89801227;18968007956,B0JK2SP0U8,新塘路108号杭州五福天虹购物中心B座107号(近北门),[],浙江省,diner,杭州市,201,双人餐,马路边边火锅串串香(杭州总店),"120.210141,30.265090",[],[],[],4.7,96,FALSE,FALSE,FALSE,TRUE,餐饮服务;中餐厅;火锅店,餐饮服务,中餐厅,['双人餐']
B023B1DVL3,[],主题餐厅,[],[],餐饮服务;中餐厅;中餐厅,[],[],050100,0,[],上城区,[],15837679381,B0KUSCQBDG,新塘路111号110室(景芳地铁站C口步行100米),[],浙江省,diner,杭州市,202,"双人餐,小炒黄牛肉",旷野听风 不想上班(芳塘店),"120.206897,30.264946",[],[],[],4.7,101,FALSE,FALSE,FALSE,TRUE,餐饮服务;中餐厅;中餐厅,餐饮服务,中餐厅,"['双人餐', '小炒黄牛肉']"
B023B1DJLX,[],牛肉火锅,[],[],餐饮服务;餐饮相关场所;餐饮相关,[],[],050000,0,[],上城区,[],13958169063,B0LKCD1D94,新塘路108号天虹购物中心B座4层,[],浙江省,diner,杭州市,202,鲜牛肉火锅,黔家婆酸汤鲜牛肉火锅,"120.210106,30.264851",[],[],[],4.5,61,FALSE,FALSE,FALSE,TRUE,餐饮服务;餐饮相关场所;餐饮相关,餐饮服务,餐饮相关场所,['鲜牛肉火锅']
B023B1DJLX,[],椰子鸡,[],[],餐饮服务;中餐厅;火锅店,[],[],050117,0,[],上城区,[],0571-89801228;17326019193,B0KU7M7BO5,天虹购物中心B座4楼(景芳地铁站D2口步行160米),[],浙江省,diner,杭州市,202,"皮蛋瘦肉粥,椰子鸡,米粉,鸡汤",狐狸爱上椰子鸡(上城天虹店),"120.209596,30.264609",[],[],[],4.6,84,FALSE,FALSE,FALSE,TRUE,餐饮服务;中餐厅;火锅店,餐饮服务,中餐厅,"['皮蛋瘦肉粥', '椰子鸡', '米粉', '鸡汤']"
B023B0A4DI,[],江浙菜,[],[],餐饮服务;中餐厅;中餐厅,[],[],050100,1,[],上城区,[],0571-87882888;13738008726,B0FFHHCDNG,望江街道之江路908号,[],浙江省,diner,杭州市,202,"香茅咖喱煲大虾,拔丝菠萝油条,养生主厨拌色拉,钱江野生白条鱼,多宝鱼,文火小牛肉,小牛骨粉丝,清蒸白条鱼,鲍鱼鱼翅羹,油条虾,湘湖石锅煮豆腐,石锅豆腐,菜泡饭,鱼头的诱惑,韩式石锅辣肥牛,年糕,汉堡,胡辣汤,虾仁,鸡肉,蘑菇",宋宴(之江店),"120.203384,30.228970",[],[],[],4.7,134,FALSE,FALSE,FALSE,TRUE,餐饮服务;中餐厅;中餐厅,餐饮服务,中餐厅,"['香茅咖喱煲大虾', '拔丝菠萝油条', '养生主厨拌色拉', '钱江野生白条鱼', '多宝鱼', '文火小牛肉', '小牛骨粉丝', '清蒸白条鱼', '鲍鱼鱼翅羹', '油条虾', '湘湖石锅煮豆腐', '石锅豆腐', '菜泡饭', '鱼头的诱惑', '韩式石锅辣肥牛', '年糕', '汉堡', '胡辣汤', '虾仁', '鸡肉', '蘑菇']"
B0FFGSE4RS,[],牛肉火锅,[],[],餐饮服务;中餐厅;火锅店,[],[],050117,0,[],上城区,[],[],B0K051V9EQ,婺江路388号近江爵优城1层,[],浙江省,diner,杭州市,202,黄牛肉火锅,蘭记牛府黄牛肉火锅(近江路店),"120.193864,30.234837",[],[],[],4.6,74,FALSE,FALSE,FALSE,TRUE,餐饮服务;中餐厅;火锅店,餐饮服务,中餐厅,['黄牛肉火锅']
B0FFG41IS3,[],云南火锅,[],[],餐饮服务;中餐厅;火锅店,[],[],050117,0,[],上城区,[],18334369255,B0JGMA56DD,新塘路108号杭州天虹购物中心A座4层A栋402,[],浙江省,diner,杭州市,201,"美蛙爱上鱼,原味鲜汤锅底,金汤酸菜锅底,香辣锅底,云南野生菌菇锅底,紫苏锅底,番茄锅底,双人餐,云南特色鲜花饼",仙鱼石缘蒸汽石锅鱼,"120.208859,30.264694",[],[],[],4.6,68,FALSE,FALSE,FALSE,TRUE,餐饮服务;中餐厅;火锅店,餐饮服务,中餐厅,"['美蛙爱上鱼', '原味鲜汤锅底', '金汤酸菜锅底', '香辣锅底', '云南野生菌菇锅底', '紫苏锅底', '番茄锅底', '双人餐', '云南特色鲜花饼']"
B0H2UAPE8M,[],东北菜,[],[],餐饮服务;中餐厅;中餐厅,[],[],050100,0,[],上城区,[],19210608650,B0JAAAIDCB,三新路37号128室(江河汇地铁站C2口步行350米),[],浙江省,diner,杭州市,202,"农村猪肉炖粉条,杀猪菜·东北狠人的饮食崇拜,农家大丰收·东北铁锅炖,小鸡炖蘑菇·姑爷香掉魂,鱼头泡饼,东北菜,锅包肉,哈尔滨锅包肉,小鸡炖蘑菇姑爷香掉魂儿,双人餐",马丫·东北饭儿(中豪江河时代店),"120.219661,30.261110",[],[],[],4.7,73,FALSE,FALSE,FALSE,TRUE,餐饮服务;中餐厅;中餐厅,餐饮服务,中餐厅,"['农村猪肉炖粉条', '杀猪菜·东北狠人的饮食崇拜', '农家大丰收·东北铁锅炖', '小鸡炖蘑菇·姑爷香掉魂', '鱼头泡饼', '东北菜', '锅包肉', '哈尔滨锅包肉', '小鸡炖蘑菇姑爷香掉魂儿', '双人餐']"
B023B175NW,[],浙菜,[],[],餐饮服务;餐饮相关场所;餐饮相关,[],[],050000,1,[],上城区,[],0571-87818799,B0FFJXT9VV,四季青街道凤起东路358号五福天星龙大厦A座3楼,[],浙江省,diner,杭州市,202,"河虾,蒜香排骨,酱鸭,杭州酱鸭,宋嫂鱼羹,葱包烩,虾爆鳝,传统卤鸭,咸蛋黄南瓜,红糖麻糍,拿手菜,麻糍",江南红楼,"120.210909,30.263468",[],[],[],4.6,114,FALSE,FALSE,FALSE,TRUE,餐饮服务;餐饮相关场所;餐饮相关,餐饮服务,餐饮相关场所,"['河虾', '蒜香排骨', '酱鸭', '杭州酱鸭', '宋嫂鱼羹', '葱包烩', '虾爆鳝', '传统卤鸭', '咸蛋黄南瓜', '红糖麻糍', '拿手菜', '麻糍']"
[],[],西式快餐,[],[],餐饮服务;快餐厅;快餐厅,[],[],050300,0,[],上城区,[],0571-87215911;0571-87217911,B0FFJZX69L,彭埠街道地铁4号线景芳地铁站商业空间C3-C5号商铺地下一层,[],浙江省,diner,杭州市,[],"香甜双虾菠萝比萨,英式惠灵顿菲力牛排比萨,可可熔岩芝士流心卷边,美国风情土豆培根比萨,果肉榴莲比萨,经典意式肉酱比萨,金枪鱼海鲜荟萃比萨,黑松露风味菌菇鸡肉比萨,苏丹王榴莲多多给荔比萨,嫩滋肋眼牛排,芝士焗烤嫩汁三文鱼,金尊猫山王榴莲多多比萨,照烧风味牛肉土豆比萨,意大利雪球芝士多肉多芝比萨,新加坡砂煲风味腊肠鸡肉比萨,呼伦贝尔羔羊排,南美肋眼牛排比萨,经典大阪烧风味海陆比萨,西西里风情尊牛多多笋鲜比萨,可可火山饼底,苏丹王榴莲红毛丹比萨,美式豪情牛肉培根菠萝比萨,金尊鲍鱼扇贝比萨,马德里风情牛腩大虾比萨,托斯卡纳风情芝浓三文鱼比萨,冬日暖饮,火山饼底,双人餐",达美乐比萨(景芳路店),"120.208134,30.264390",[],[],[],4.4,75,FALSE,FALSE,FALSE,TRUE,餐饮服务;快餐厅;快餐厅,餐饮服务,快餐厅,"['香甜双虾菠萝比萨', '英式惠灵顿菲力牛排比萨', '可可熔岩芝士流心卷边', '美国风情土豆培根比萨', '果肉榴莲比萨', '经典意式肉酱比萨', '金枪鱼海鲜荟萃比萨', '黑松露风味菌菇鸡肉比萨', '苏丹王榴莲多多给荔比萨', '嫩滋肋眼牛排', '芝士焗烤嫩汁三文鱼', '金尊猫山王榴莲多多比萨', '照烧风味牛肉土豆比萨', '意大利雪球芝士多肉多芝比萨', '新加坡砂煲风味腊肠鸡肉比萨', '呼伦贝尔羔羊排', '南美肋眼牛排比萨', '经典大阪烧风味海陆比萨', '西西里风情尊牛多多笋鲜比萨', '可可火山饼底', '苏丹王榴莲红毛丹比萨', '美式豪情牛肉培根菠萝比萨', '金尊鲍鱼扇贝比萨', '马德里风情牛腩大虾比萨', '托斯卡纳风情芝浓三文鱼比萨', '冬日暖饮', '火山饼底', '双人餐']"
B023B1DJLX,[],肉蟹煲,[],[],餐饮服务;快餐厅;肯德基,[],[],050301,0,[],上城区,[],0571-89801234,B0FFFT8S1X,四季青街道新塘路108号杭州天虹购物中心B座5层B号507B,[],浙江省,diner,杭州市,201,"肉蟹煲,鸡爪,年糕,明虾煲,土豆,牛蛙煲,酱萝卜,蔬菜沙拉,黄金鱼豆腐,巴蜀牛蛙,皮蛋豆腐,爽口泡菜,仔排煲,肉蟹煲加牛蛙,鸡翅煲,豆腐,螃蟹",胖哥俩肉蟹煲(杭州天虹店),"120.209759,30.264644",[],[],[],4.6,83,FALSE,FALSE,FALSE,TRUE,餐饮服务;快餐厅;肯德基,餐饮服务,快餐厅,"['肉蟹煲', '鸡爪', '年糕', '明虾煲', '土豆', '牛蛙煲', '酱萝卜', '蔬菜沙拉', '黄金鱼豆腐', '巴蜀牛蛙', '皮蛋豆腐', '爽口泡菜', '仔排煲', '肉蟹煲加牛蛙', '鸡翅煲', '豆腐', '螃蟹']"
B023B1DJLX,[],徽菜,[],[],餐饮服务;中餐厅;安徽菜(徽菜),[],[],050109,0,[],上城区,[],0571-85357735,B0H0R1B50B,新塘路路108号杭州天虹购物中心商场L5B层B507A铺,[],浙江省,diner,杭州市,201,"热饮,豆腐,徽菜,牛肉,特色菜,鸡爪",小菜园新徽菜(杭州江干天虹店),"120.209676,30.264590",[],[],[],4.5,55,FALSE,FALSE,FALSE,TRUE,餐饮服务;中餐厅;安徽菜(徽菜),餐饮服务,中餐厅,"['热饮', '豆腐', '徽菜', '牛肉', '特色菜', '鸡爪']"
B023B1DVL3,[],中餐,[],[],餐饮服务;中餐厅;中餐厅,[],[],050100,0,[],上城区,[],13396527053,B0KU7OPI8W,新塘路111号109室(景芳地铁站D3口步行90米),[],浙江省,diner,杭州市,202,"蟹粉捞饭,牛肉,鸡肉,土鸡,小龙虾,蟹粉豆腐,炒饭,龙虾,蟹黄捞饭",虾佬九·打边炉·夜宵排档(景芳店),"120.206903,30.264801",[],[],[],4.7,150,FALSE,FALSE,FALSE,TRUE,餐饮服务;中餐厅;中餐厅,餐饮服务,中餐厅,"['蟹粉捞饭', '牛肉', '鸡肉', '土鸡', '小龙虾', '蟹粉豆腐', '炒饭', '龙虾', '蟹黄捞饭']"
B023B1DVL3,[],主题餐厅,[],[],餐饮服务;餐饮相关场所;餐饮相关,[],[],050000,0,[],上城区,[],15837679381,B0K3C7CGTT,新塘路111号1楼111(景芳地铁站C口步行90米),[],浙江省,diner,杭州市,202,"烤串,双人餐,小炒黄牛肉",你今天真好看(芳塘店),"120.206888,30.265034",[],[],[],4.7,111,FALSE,FALSE,FALSE,TRUE,餐饮服务;餐饮相关场所;餐饮相关,餐饮服务,餐饮相关场所,"['烤串', '双人餐', '小炒黄牛肉']"
B0FFG41IS3,[],日本料理,[],[],餐饮服务;外国餐厅;日本料理,[],[],050202,0,[],上城区,[],19012888359,B0MG1MS6WA,新塘路108号五福天虹购物中心A座1层A112号(近景芳地铁站D2口),[],浙江省,diner,杭州市,202,"火焰和牛寿司,蔬菜天妇罗,紫苏鸡腿肉,金鲷活造,明太子西葫芦,居酒屋",鸟剑居酒屋(五福天虹店),"120.208399,30.264585",[],[],[],4.5,118,FALSE,FALSE,FALSE,TRUE,餐饮服务;外国餐厅;日本料理,餐饮服务,外国餐厅,"['火焰和牛寿司', '蔬菜天妇罗', '紫苏鸡腿肉', '金鲷活造', '明太子西葫芦', '居酒屋']"
B023B175NW,[],大排档,[],[],餐饮服务;餐饮相关场所;餐饮相关,[],[],050000,0,[],上城区,[],18667943646;19106520977,B0L1M7HG4S,凤起东路与顺福路交叉口裙楼第一层1-6,[],浙江省,diner,杭州市,202,[],蒲记·潮州夜档(凤起东路店),"120.210148,30.263547",[],[],[],4.6,94,FALSE,FALSE,FALSE,TRUE,餐饮服务;餐饮相关场所;餐饮相关,餐饮服务,餐饮相关场所,[]
B0IGBSJOD3,[],西式快餐,[],[],餐饮服务;快餐厅;麦当劳,[],[],050302,0,[],上城区,[],0571-86721267;4009200205,B0IR9CNJ71,三新路5号江河时代办公中心F1层,[],浙江省,diner,杭州市,202,"双人餐,薯条",麦当劳(中豪·江河时代店),"120.220541,30.261395",[],[],[],4.6,35,FALSE,FALSE,FALSE,TRUE,餐饮服务;快餐厅;麦当劳,餐饮服务,快餐厅,"['双人餐', '薯条']"
B023B1DVL3,[],中餐,[],[],餐饮服务;中餐厅;中餐厅,[],[],050100,0,[],上城区,[],19392961267,B0KUXASDH0,新塘路111号105号商铺(景芳地铁站D3出口),[],浙江省,diner,杭州市,202,"麻辣拌,冰沙,盖饭,豆花,凉面,泡菜",小饮与食·盖饭小吃·中华料理(杭州景芳店),"120.206984,30.264854",[],[],[],4.6,39,FALSE,FALSE,FALSE,TRUE,餐饮服务;中餐厅;中餐厅,餐饮服务,中餐厅,"['麻辣拌', '冰沙', '盖饭', '豆花', '凉面', '泡菜']"
B023B08WAD,[],江浙菜,[],[],餐饮服务;中餐厅;特色/地方风味餐厅,[],[],050118,0,[],上城区,[],0571-86035088;13588717907,B023B16ZSC,景昙路123号(景芳地铁站C口步行470米),[],浙江省,diner,杭州市,320,"上汤螺丝,鱼头工坊双椒,炒粉丝,千岛湖大鱼头,三鲜煲,烤羊排,小龙虾,毛笋干烧肉,稻草鸭,牛杂,酱萝卜,老家红烧肉,红糖麻糍,强盗肉,肉末粉丝,家常菜,牛肉,鱼头,鸡爪,鸡肉,豆腐,葱包烩",张功馆·地道桐庐菜(景芳店),"120.203656,30.266720",[],[],[],4.7,90,FALSE,FALSE,FALSE,TRUE,餐饮服务;中餐厅;特色/地方风味餐厅,餐饮服务,中餐厅,"['上汤螺丝', '鱼头工坊双椒', '炒粉丝', '千岛湖大鱼头', '三鲜煲', '烤羊排', '小龙虾', '毛笋干烧肉', '稻草鸭', '牛杂', '酱萝卜', '老家红烧肉', '红糖麻糍', '强盗肉', '肉末粉丝', '家常菜', '牛肉', '鱼头', '鸡爪', '鸡肉', '豆腐', '葱包烩']"
[],[],江浙菜,[],[],餐饮服务;中餐厅;火锅店,[],[],050117,0,[],上城区,[],0571-87799777;0571-87799797,B0G1FCNNOJ,凯旋路197号,[],浙江省,diner,杭州市,[],"象牙蚌刺身,东星斑刺身,帝王蟹,雪花肥牛,深水虾,老虎斑刺身,帝王蟹刺身,澳洲和牛,兰花蚌,竹蛏王,馄饨,牛肉拼盘,长脚蟹,牛肉粒,绣球菌,牛肉,海鲜火锅",名家海鲜火锅·活蟹生香(凯旋店),"120.190368,30.259782",[],[],[],4.7,255,FALSE,FALSE,FALSE,TRUE,餐饮服务;中餐厅;火锅店,餐饮服务,中餐厅,"['象牙蚌刺身', '东星斑刺身', '帝王蟹', '雪花肥牛', '深水虾', '老虎斑刺身', '帝王蟹刺身', '澳洲和牛', '兰花蚌', '竹蛏王', '馄饨', '牛肉拼盘', '长脚蟹', '牛肉粒', '绣球菌', '牛肉', '海鲜火锅']"
B023B1DJLX,[],中餐,[],[],餐饮服务;中餐厅;中餐厅,[],[],050100,0,[],上城区,[],18668436734;19357112966,B0LDV97C3G,四季青街道新塘路108号杭州天虹购物中心B座1层B130号,[],浙江省,diner,杭州市,201,"牛杂粉,牛杂拼盘,牛筋,秘制牛杂煲,川香牛杂煲,半筋半肉",谢大牛馆·中式卤牛排(景芳店),"120.210166,30.264533",[],[],[],4.6,76,FALSE,FALSE,FALSE,TRUE,餐饮服务;中餐厅;中餐厅,餐饮服务,中餐厅,"['牛杂粉', '牛杂拼盘', '牛筋', '秘制牛杂煲', '川香牛杂煲', '半筋半肉']"
[],[],水产海鲜,[],[],餐饮服务;中餐厅;海鲜酒楼,[],[],050119,1,[],上城区,[],17621170019,B0JGT6QEHN,凯旋路与庆春东路辅路交叉口东北60米,[],浙江省,diner,杭州市,[],"干炒牛河,香辣小龙虾,海鲜盛宴",战友龙虾(上城店),"120.190216,30.258353",[],[],[],4.6,158,FALSE,FALSE,FALSE,TRUE,餐饮服务;中餐厅;海鲜酒楼,餐饮服务,中餐厅,"['干炒牛河', '香辣小龙虾', '海鲜盛宴']"
B023B1DJLX,[],烤鱼,[],[],餐饮服务;中餐厅;四川菜(川菜),[],[],050102,0,[],上城区,[],13429153238;13486140328,B023B0805E,新塘路108号天虹购物中心B座B1层,[],浙江省,diner,杭州市,201,"酸菜鱼,大排档,麻婆豆腐,龙虾,毛血旺,水煮鱼,口水鸡,香辣烤鱼,酸菜鱼,鱼香肉丝,重庆辣子鸡,毛血旺,烤鱼,鱼香肉丝",川娃子菜馆.烤鱼小龙虾(景芳店),"120.210051,30.265381",[],[],[],4.6,73,FALSE,FALSE,FALSE,TRUE,餐饮服务;中餐厅;四川菜(川菜),餐饮服务,中餐厅,"['酸菜鱼', '大排档', '麻婆豆腐', '龙虾', '毛血旺', '水煮鱼', '口水鸡', '香辣烤鱼', '酸菜鱼', '鱼香肉丝', '重庆辣子鸡', '毛血旺', '烤鱼', '鱼香肉丝']"
B0H6FU3OTM,[],杭帮菜,[],[],餐饮服务;中餐厅;浙江菜,[],[],050106,0,[],上城区,[],15068705788,B0L3P5GA34,望潮街道金地威新中心c座一楼,[],浙江省,diner,杭州市,202,[],路小缦·望潮时鲜,"120.194325,30.231575",[],[],[],4.6,127,FALSE,FALSE,FALSE,TRUE,餐饮服务;中餐厅;浙江菜,餐饮服务,中餐厅,[]
B023B1DJLX,[],云南菜,[],[],餐饮服务;中餐厅;云贵菜,[],[],050114,0,[],上城区,[],15123532953,B0LR3SCI6J,新塘路108号杭州五福天虹购物中心商场L4B层B444铺,[],浙江省,diner,杭州市,202,"双人餐,儿童餐",云海肴·汽锅鸡·云南代表菜(五福天虹店),"120.210041,30.264860",[],[],[],4.4,70,FALSE,FALSE,FALSE,TRUE,餐饮服务;中餐厅;云贵菜,餐饮服务,中餐厅,"['双人餐', '儿童餐']"
B023B1DVL3,[],小吃快餐,[],[],餐饮服务;中餐厅;中餐厅,[],[],050100,0,[],上城区,[],18758554932,B0K2BC9DUN,滨江新城时代广场2栋108商铺,[],浙江省,diner,杭州市,202,"小馄饨,排骨,灌汤包,虾仁,鸡肉,工作餐,火锅烧烤,年糕,煎蛋,葱香口水鸡",张十二非遗手工小吃(景芳店),"120.206898,30.264808",[],[],[],4.6,40,FALSE,FALSE,FALSE,TRUE,餐饮服务;中餐厅;中餐厅,餐饮服务,中餐厅,"['小馄饨', '排骨', '灌汤包', '虾仁', '鸡肉', '工作餐', '火锅烧烤', '年糕', '煎蛋', '葱香口水鸡']"
B0FFGY5EMA,[],江浙菜,[],[],餐饮服务;中餐厅;浙江菜,[],[],050106,0,[],上城区,[],0571-87176689,B023B14BE1,新塘路119号世纪联华超市4层,[],浙江省,diner,杭州市,202,"蛋黄鸡翅和蛋黄,糖醋排骨,香烤鲈鱼,蛋黄焗南瓜,三杯鸡,糖排,金牌玉米烙,铁板蛋毯日本豆腐,干锅有机花菜,碎蒸鲈鱼,仔排炒年糕,干锅包心菜,骨头煲,铜盆花蛤,东坡肉,鸡翅,家常菜,糖醋里脊,酸菜鱼",新白鹿(杭州新塘店),"120.206880,30.266839",[],[],[],4.6,65,FALSE,FALSE,FALSE,TRUE,餐饮服务;中餐厅;浙江菜,餐饮服务,中餐厅,"['蛋黄鸡翅和蛋黄', '糖醋排骨', '香烤鲈鱼', '蛋黄焗南瓜', '三杯鸡', '糖排', '金牌玉米烙', '铁板蛋毯日本豆腐', '干锅有机花菜', '碎蒸鲈鱼', '仔排炒年糕', '干锅包心菜', '骨头煲', '铜盆花蛤', '东坡肉', '鸡翅', '家常菜', '糖醋里脊', '酸菜鱼']"
B023B1DJLX,[],东北菜,[],[],餐饮服务;中餐厅;中餐厅,[],[],050100,0,[],上城区,[],0571-87026186;18072753306,B0J3SM1IAH,顺福路303号天虹购物中心B座北门负一楼,[],浙江省,diner,杭州市,202,"东北菜,茄子,烤肉,烤鱼,鸡肉",望江门小龙虾·烧烤(杭州总店),"120.209773,30.265089",[],[],[],4.6,95,FALSE,FALSE,FALSE,TRUE,餐饮服务;中餐厅;中餐厅,餐饮服务,中餐厅,"['东北菜', '茄子', '烤肉', '烤鱼', '鸡肉']"
B023B18CWE,[],江浙菜,[],[],餐饮服务;中餐厅;中餐厅,[],[],050100,0,[],上城区,[],0571-86636943;15825507903,B0FFK19F83,庆春东路80-7号(庆菱路地铁站B口步行70米),[],浙江省,diner,杭州市,202,"江西小笋炒肉,干锅花菜,杭州土三鲜汤,小龙虾,牛肉,家常菜,鸡肉",矮子餐厅(紫晶商务城店),"120.191605,30.257968",[],[],[],4.6,70,FALSE,FALSE,FALSE,TRUE,餐饮服务;中餐厅;中餐厅,餐饮服务,中餐厅,"['江西小笋炒肉', '干锅花菜', '杭州土三鲜汤', '小龙虾', '牛肉', '家常菜', '鸡肉']"
[],[],川菜,[],[],餐饮服务;中餐厅;四川菜(川菜),[],[],050102,0,[],上城区,[],15658060939,B0LD37LGF9,双菱路200号,[],浙江省,diner,杭州市,[],"重庆尖椒鸡,尖椒鳝鱼,招牌麻麻鱼,歌乐山辣子鸡,火爆腰花,自贡鲜锅兔,干豆角炒土猪腊肉,双人餐,火爆腰花,老妈回锅肉,爆炒腰花,素菜",成渝老妈川菜(双菱路店),"120.195686,30.263096",[],[],[],4.6,70,FALSE,FALSE,FALSE,TRUE,餐饮服务;中餐厅;四川菜(川菜),餐饮服务,中餐厅,"['重庆尖椒鸡', '尖椒鳝鱼', '招牌麻麻鱼', '歌乐山辣子鸡', '火爆腰花', '自贡鲜锅兔', '干豆角炒土猪腊肉', '双人餐', '火爆腰花', '老妈回锅肉', '爆炒腰花', '素菜']"
[],[],江浙菜,[],[],餐饮服务;中餐厅;中餐厅,[],[],050100,0,[],上城区,[],0571-86518688;19057281977,B0L25ZCBHG,凯旋路与庆春东路交叉口(庆菱路地铁站B口步行280米),[],浙江省,diner,杭州市,[],"生炒土猪肉,三层楼火锅,农家蒸腊味,姥姥炒土鸡蛋,辣椒炒猪肝,生炒茶油鸡,猪肚烧金花菜,龙门火锅,红烧鳝段,小炒黄牛肉,青菜油豆腐火锅,黄豆焖鸡爪,尖椒炒笋干,猪肚,土菜",风炉故事·遂昌山野土菜(凯旋路店),"120.190214,30.258336",[],[],[],4.7,90,FALSE,FALSE,FALSE,TRUE,餐饮服务;中餐厅;中餐厅,餐饮服务,中餐厅,"['生炒土猪肉', '三层楼火锅', '农家蒸腊味', '姥姥炒土鸡蛋', '辣椒炒猪肝', '生炒茶油鸡', '猪肚烧金花菜', '龙门火锅', '红烧鳝段', '小炒黄牛肉', '青菜油豆腐火锅', '黄豆焖鸡爪', '尖椒炒笋干', '猪肚', '土菜']"
B0FFH352A9,[],江浙菜,[],[],餐饮服务;中餐厅;浙江菜,[],[],050106,0,[],上城区,[],0571-87819330;18969030856,B0FFHS3027,秋涛北路102号院内,[],浙江省,diner,杭州市,202,"三味蒸大白条,蒜蓉小龙虾,脆皮麻香鸡,宁都三杯鸡,云雾龙井虾仁,油焖小龙虾,文火小牛肉蔬菜馍,椒香鸡汁大白条,妙龄乳鸽,沙蒜烧豆面,李白招牌烤鸭,西湖牛肉鱼米羹,姜汁小龙虾,龙虾,杭式葱包烩只,云雾鸳鸯龙井虾仁,北京烤鸭,小龙虾,烤鸭,牛肉,下午茶",李白图书馆餐厅(秋涛北路店),"120.201183,30.264840",[],[],[],4.7,125,FALSE,FALSE,FALSE,TRUE,餐饮服务;中餐厅;浙江菜,餐饮服务,中餐厅,"['三味蒸大白条', '蒜蓉小龙虾', '脆皮麻香鸡', '宁都三杯鸡', '云雾龙井虾仁', '油焖小龙虾', '文火小牛肉蔬菜馍', '椒香鸡汁大白条', '妙龄乳鸽', '沙蒜烧豆面', '李白招牌烤鸭', '西湖牛肉鱼米羹', '姜汁小龙虾', '龙虾', '杭式葱包烩只', '云雾鸳鸯龙井虾仁', '北京烤鸭', '小龙虾', '烤鸭', '牛肉', '下午茶']"
[],[],火锅,[],[],餐饮服务;中餐厅;特色/地方风味餐厅,[],[],050118,0,[],上城区,[],18158402189,B023B1BTTY,凤起东路43号-2,[],浙江省,diner,杭州市,[],麻辣烫,重庆小天鹅麻辣烫(凤起路店),"120.194108,30.263603",[],[],[],4.7,41,FALSE,FALSE,FALSE,TRUE,餐饮服务;中餐厅;特色/地方风味餐厅,餐饮服务,中餐厅,['麻辣烫']
B0FFGY5EMA,[],小吃快餐,[],[],餐饮服务;快餐厅;肯德基,[],[],050301,0,[],上城区,[],021-59097778,B023B0BCQB,江干区景芳路与新塘路交汇处西南角新城时代广场一层,[],浙江省,diner,杭州市,202,"玉米沙拉,鸡米花,KFC老北京鸡肉卷,小食拼盘,KFC芋缘花淇淋,葡式蛋挞,芋缘花淇淋,KFC香辣（劲脆）鸡腿堡,吮指原味鸡,可乐,伴柠伴桔鲜果茶,现磨咖啡,新奥尔良烤鸡腿堡,红豆派,肯大大鸡排,蔬菜沙拉,醇香土豆泥,薯条,香辣鸡翅,海苔岩烧大鸡腿饭,黄金鸡块,汉堡,蛋挞,单人餐,双人餐",肯德基(新塘世纪联华店),"120.207235,30.266437",[],[],[],4.5,34,FALSE,FALSE,FALSE,TRUE,餐饮服务;快餐厅;肯德基,餐饮服务,快餐厅,"['玉米沙拉', '鸡米花', 'KFC老北京鸡肉卷', '小食拼盘', 'KFC芋缘花淇淋', '葡式蛋挞', '芋缘花淇淋', 'KFC香辣（劲脆）鸡腿堡', '吮指原味鸡', '可乐', '伴柠伴桔鲜果茶', '现磨咖啡', '新奥尔良烤鸡腿堡', '红豆派', '肯大大鸡排', '蔬菜沙拉', '醇香土豆泥', '薯条', '香辣鸡翅', '海苔岩烧大鸡腿饭', '黄金鸡块', '汉堡', '蛋挞', '单人餐', '双人餐']"
B023B1DN2U,[],江浙菜,[],[],餐饮服务;中餐厅;中餐厅,[],[],050100,0,[],上城区,[],0571-85101859,B0FFHMVEAY,秋涛路252号(婺江路地铁站D口步行380米),[],浙江省,diner,杭州市,202,"四灶儿小炒王,酒酿馒头配红烧肉,脆皮大肠,熟醉沼虾,酸菜鱼,富贵连连桂鱼捞粉,招牌干炸臭豆腐,鲍鱼烧猪脚,脆皮大肠头,馋嘴牛蛙,生炒鸡,石锅虾仁豆腐,酒酿馒头红烧肉,熟醉湖蟹（一只）,双人餐,鸡肉,私房菜,家常菜,红烧肉,干炸响铃",四灶儿·地道杭帮菜(望江店),"120.188348,30.234043",[],[],[],4.7,87,FALSE,FALSE,FALSE,TRUE,餐饮服务;中餐厅;中餐厅,餐饮服务,中餐厅,"['四灶儿小炒王', '酒酿馒头配红烧肉', '脆皮大肠', '熟醉沼虾', '酸菜鱼', '富贵连连桂鱼捞粉', '招牌干炸臭豆腐', '鲍鱼烧猪脚', '脆皮大肠头', '馋嘴牛蛙', '生炒鸡', '石锅虾仁豆腐', '酒酿馒头红烧肉', '熟醉湖蟹（一只）', '双人餐', '鸡肉', '私房菜', '家常菜', '红烧肉', '干炸响铃']"
[],[],西餐,[],[],餐饮服务;中餐厅;中餐厅,[],[],050100,0,[],滨江区,[],0571-85090777;13362190173,B0J1RAJ5ZU,奥体街97号,[],浙江省,diner,杭州市,[],"流连忘返咖啡,澳洲肉眼佐时蔬配红酒汁,土耳其烤羊排配红酒汁佐时蔬,榴莲披萨,提拉米苏",胡须有你花园·江景餐厅(滨江奥体店),"120.222724,30.228808",[],[],[],4.7,155,FALSE,FALSE,FALSE,TRUE,餐饮服务;中餐厅;中餐厅,餐饮服务,中餐厅,"['流连忘返咖啡', '澳洲肉眼佐时蔬配红酒汁', '土耳其烤羊排配红酒汁佐时蔬', '榴莲披萨', '提拉米苏']"
B0J26CT3B8,[],江浙菜,[],[],餐饮服务;中餐厅;中餐厅,[],[],050100,0,[],萧山区,[],17398011129,B0JK6BLZ4P,盈丰街道金鸡路2469号观云钱塘城T1栋3楼,[],浙江省,diner,杭州市,202,"欢迎新老顾客进店体验,双人餐",观雲宴,"120.234025,30.238220",[],[],[],4.7,298,FALSE,FALSE,FALSE,TRUE,餐饮服务;中餐厅;中餐厅,餐饮服务,中餐厅,"['欢迎新老顾客进店体验', '双人餐']"
B023B09G4Z,[],江浙菜,[],[],餐饮服务;中餐厅;中餐厅,[],[],050100,0,[],上城区,[],0571-87046932,B0FFIPCAIC,解放路2号铭扬大厦2层,[],浙江省,diner,杭州市,202,"亲嘴蛙,西湖醋鱼,倒笃菜炒目鱼丝,金汤翡翠虾滑,冰草,杨梅球,招牌卤鸭,蛋黄翠叶,油醋汁蒸松叶蟹,大白条,杭三鲜,海鲜粉丝,蒜蓉开背虾,蜜汁小金瓜,八宝酱丁,臭豆腐煎毛豆,小管鲜鱿,八宝鱼头,松子桂鱼,椒盐猪手,卤鸭,梭子蟹,野生菌炖本鸡,捞汁花螺,海鲜捞豆面,白切献鸡,东坡肉,霸王别姬,水煮牛杂碎,海皇豆腐,干菜蒸鳗鱼,虾爆鳝,猪手鲍鱼,三道菜,臭豆腐,虾仁,豆沙,酸菜鱼,野生菌,排骨,猪脚,糖醋排骨,面汤,香肠,鱼头,招牌卤鸭",正大酒家(杭州上城区),"120.185810,30.250099",[],[],[],4.6,65,FALSE,FALSE,FALSE,TRUE,餐饮服务;中餐厅;中餐厅,餐饮服务,中餐厅,"['亲嘴蛙', '西湖醋鱼', '倒笃菜炒目鱼丝', '金汤翡翠虾滑', '冰草', '杨梅球', '招牌卤鸭', '蛋黄翠叶', '油醋汁蒸松叶蟹', '大白条', '杭三鲜', '海鲜粉丝', '蒜蓉开背虾', '蜜汁小金瓜', '八宝酱丁', '臭豆腐煎毛豆', '小管鲜鱿', '八宝鱼头', '松子桂鱼', '椒盐猪手', '卤鸭', '梭子蟹', '野生菌炖本鸡', '捞汁花螺', '海鲜捞豆面', '白切献鸡', '东坡肉', '霸王别姬', '水煮牛杂碎', '海皇豆腐', '干菜蒸鳗鱼', '虾爆鳝', '猪手鲍鱼', '三道菜', '臭豆腐', '虾仁', '豆沙', '酸菜鱼', '野生菌', '排骨', '猪脚', '糖醋排骨', '面汤', '香肠', '鱼头', '招牌卤鸭']"
B0JK6YUJX2,[],西式快餐,[],[],餐饮服务;快餐厅;麦当劳,[],[],050302,0,[],上城区,[],0571-86941946;0571-88101141,B0FFFDAVWG,婺江路地铁站D口步行390米,[],浙江省,diner,杭州市,320,"汉堡,薯条",麦当劳(映霞璟庭店),"120.188277,30.235851",[],[],[],4.5,31,FALSE,FALSE,FALSE,TRUE,餐饮服务;快餐厅;麦当劳,餐饮服务,快餐厅,"['汉堡', '薯条']"
B0FFFHB51G,[],烧烤,[],[],餐饮服务;中餐厅;中餐厅,[],[],050100,0,[],上城区,[],17367120887,B0FFLKL891,秋涛路秋涛发展大厦B座1层248-1,[],浙江省,diner,杭州市,202,"LA牛排,手切鲜羊肉,香煎牛舌,烤豆角,烤鳕鱼,秘制大片牛排,烤猪五花,烤鸡珍,奥尔良烤翅,雪花牛肉粒,蒜蓉烤生蚝,烤韭菜,双人餐",鹤之乡·齐齐哈尔烤肉(秋涛路店),"120.187981,30.233711",[],[],[],4.6,91,FALSE,FALSE,FALSE,TRUE,餐饮服务;中餐厅;中餐厅,餐饮服务,中餐厅,"['LA牛排', '手切鲜羊肉', '香煎牛舌', '烤豆角', '烤鳕鱼', '秘制大片牛排', '烤猪五花', '烤鸡珍', '奥尔良烤翅', '雪花牛肉粒', '蒜蓉烤生蚝', '烤韭菜', '双人餐']"
B0HD76PQRE,[],江浙菜,[],[],餐饮服务;中餐厅;中餐厅,[],[],050100,0,[],上城区,[],18334341354;18626873111,B0LDZ9UPU6,雷霆路90号(近江地铁站C2口步行360米),[],浙江省,diner,杭州市,202,"鱼子酱鲍鱼炖蛋,凉拌牛腱,农家小炒肉,波士顿龙虾（蒜蓉粉丝蒸）,龙井虾仁,蒜香排骨,西湖醋鱼,土猪酱肉茭白蒸香干,农家炒本鸡,肉末虾皮水蒸蛋,干炸响铃,干炸带鱼,酸菜鱼,五香牛腱（内蒙空运）,凉拌东北木耳,剁椒鸦片鱼头,尖椒鲍鱼炒肉片,本鸡煲,雪菜蒸小黄鱼,红烧杂鱼,咸枪蟹,温蟹,口蘑菜心,碎蒸东星斑,尖椒毛豆笋干倒笃菜,太湖蟹,干炸臭豆腐,沙田乳鸽,葱油蛏子,黑松露鲍鱼牛筋,干煸鸭舌,青龙仔麻辣豆腐,醉雪蛤,葱油沙蛤,避风塘长脚蟹,红烧土猪肉夹饼,秘制河虾,糖醋里脊,小炒黄牛肉,白切鸡,酱香鸭舌,梭子蟹倒立蒸,抱腌清蒸大白条（半条）,加州象拔蚌,干锅八爪鱼,清蒸青龙仔,鲍鱼焖猪爪,生炒甲鱼,椒盐海龙鱼,海鲜炒米粉,极品鲍鱼汤,清蒸野鸭,老鸭煲,香辣牛蛙,鲍鱼佛跳墙（位上）,蛋黄南瓜,牡蛎煎蛋,椒麻黄瓜,自制酱鸭（老鸭）,小龙虾,鲍鱼扣饭,脆皮大肠,尖椒倒笃菜炒目鱼丝,干菜蒸江鳗,牛杂毛血旺,蔬菜沙拉,醉虾,家烧田鸡（口感略硬）,基围虾,三文鱼刺身,蒜蓉粉丝大扇贝,沙蛤冬瓜汤,鸡腰爆鳝段,沙蒜豆面,海花烧羮,脆皮大肠",菲乐餐厅(望江城投店),"120.193977,30.229652",[],[],[],4.7,128,FALSE,FALSE,FALSE,TRUE,餐饮服务;中餐厅;中餐厅,餐饮服务,中餐厅,"['鱼子酱鲍鱼炖蛋', '凉拌牛腱', '农家小炒肉', '波士顿龙虾（蒜蓉粉丝蒸）', '龙井虾仁', '蒜香排骨', '西湖醋鱼', '土猪酱肉茭白蒸香干', '农家炒本鸡', '肉末虾皮水蒸蛋', '干炸响铃', '干炸带鱼', '酸菜鱼', '五香牛腱（内蒙空运）', '凉拌东北木耳', '剁椒鸦片鱼头', '尖椒鲍鱼炒肉片', '本鸡煲', '雪菜蒸小黄鱼', '红烧杂鱼', '咸枪蟹', '温蟹', '口蘑菜心', '碎蒸东星斑', '尖椒毛豆笋干倒笃菜', '太湖蟹', '干炸臭豆腐', '沙田乳鸽', '葱油蛏子', '黑松露鲍鱼牛筋', '干煸鸭舌', '青龙仔麻辣豆腐', '醉雪蛤', '葱油沙蛤', '避风塘长脚蟹', '红烧土猪肉夹饼', '秘制河虾', '糖醋里脊', '小炒黄牛肉', '白切鸡', '酱香鸭舌', '梭子蟹倒立蒸', '抱腌清蒸大白条（半条）', '加州象拔蚌', '干锅八爪鱼', '清蒸青龙仔', '鲍鱼焖猪爪', '生炒甲鱼', '椒盐海龙鱼', '海鲜炒米粉', '极品鲍鱼汤', '清蒸野鸭', '老鸭煲', '香辣牛蛙', '鲍鱼佛跳墙（位上）', '蛋黄南瓜', '牡蛎煎蛋', '椒麻黄瓜', '自制酱鸭（老鸭）', '小龙虾', '鲍鱼扣饭', '脆皮大肠', '尖椒倒笃菜炒目鱼丝', '干菜蒸江鳗', '牛杂毛血旺', '蔬菜沙拉', '醉虾', '家烧田鸡（口感略硬）', '基围虾', '三文鱼刺身', '蒜蓉粉丝大扇贝', '沙蛤冬瓜汤', '鸡腰爆鳝段', '沙蒜豆面', '海花烧羮', '脆皮大肠']"
B0FFGAR2D3,[],海鲜,[],[],餐饮服务;中餐厅;海鲜酒楼,[],[],050119,0,[],萧山区,[],17805765656,B0LKJS1206,博奥路2628号(深蓝国际中心一楼),[],浙江省,diner,杭州市,202,小海鲜,台舟半岛·台州菜·小海鲜(奥体店),"120.232537,30.236005",[],[],[],4.6,140,FALSE,FALSE,FALSE,TRUE,餐饮服务;中餐厅;海鲜酒楼,餐饮服务,中餐厅,['小海鲜']
B023B09OSR,[],江浙菜,[],[],餐饮服务;中餐厅;中餐厅,[],[],050100,0,[],上城区,[],13456758847,B0FFG8E4MV,钱潮路618号铭鑫大厦一楼,[],浙江省,diner,杭州市,202,"甲鱼脚圈,石磨豆腐,酒酿馒头,土烧鱼头,蒜香烤虾,肉末龙须,鸿运当头,红糖麻糍,紫苏河杂鱼,高山竹林鸡,富春老鸭煲,山椒牛蛙,紫苏螺丝,农家扣肉,鸡爪,富春江老鸭煲,豆腐,鸡肉,卤鸭翅",张功馆·地道桐庐菜(钱潮店),"120.214082,30.269192",[],[],[],4.7,82,FALSE,FALSE,FALSE,TRUE,餐饮服务;中餐厅;中餐厅,餐饮服务,中餐厅,"['甲鱼脚圈', '石磨豆腐', '酒酿馒头', '土烧鱼头', '蒜香烤虾', '肉末龙须', '鸿运当头', '红糖麻糍', '紫苏河杂鱼', '高山竹林鸡', '富春老鸭煲', '山椒牛蛙', '紫苏螺丝', '农家扣肉', '鸡爪', '富春江老鸭煲', '豆腐', '鸡肉', '卤鸭翅']"
B0FFGAR2D3,[],主题餐厅,[],[],餐饮服务;餐饮相关场所;餐饮相关,[],[],050000,0,[],萧山区,[],18817926682,B0KDRAYUTM,深蓝国际一号楼潮韵路12号一楼商铺,[],浙江省,diner,杭州市,202,"双人餐,小炒黄牛肉",旷野听风不想上班(奥体店),"120.232659,30.236157",[],[],[],4.7,82,FALSE,FALSE,FALSE,TRUE,餐饮服务;餐饮相关场所;餐饮相关,餐饮服务,餐饮相关场所,"['双人餐', '小炒黄牛肉']"
[],[],浙菜,[],[],餐饮服务;中餐厅;中餐厅,[],[],050100,0,[],上城区,[],15157017627,B0FFM60FPZ,凯旋路206号二楼201室,[],浙江省,diner,杭州市,[],"先进醉河虾,特色牛排骨,鸭头鸭掌拼盘,田鸡爆炒,常山将军鱼浓汤,炒粉干,米粉,羊肉,家常菜,鸡肉,堂食,牛肉,豆腐",陈先进鱼馆(凤起店),"120.191371,30.263588",[],[],[],4.7,86,FALSE,FALSE,FALSE,TRUE,餐饮服务;中餐厅;中餐厅,餐饮服务,中餐厅,"['先进醉河虾', '特色牛排骨', '鸭头鸭掌拼盘', '田鸡爆炒', '常山将军鱼浓汤', '炒粉干', '米粉', '羊肉', '家常菜', '鸡肉', '堂食', '牛肉', '豆腐']"
B0HD76PQRE,[],西式快餐,[],[],餐饮服务;快餐厅;麦当劳,[],[],050302,0,[],上城区,[],0571-82424839,B0KU91UKX4,雷霆路90号杭州城投大厦(近江地铁站D口步行300米),[],浙江省,diner,杭州市,202,"双人餐,薯条",麦当劳(杭州城投大厦店),"120.194603,30.229937",[],[],[],4.5,32,FALSE,FALSE,FALSE,TRUE,餐饮服务;快餐厅;麦当劳,餐饮服务,快餐厅,"['双人餐', '薯条']"
B0LRZ53G9L,[],烧烤,[],[],餐饮服务;中餐厅;特色/地方风味餐厅,[],[],050118,0,[],萧山区,[],15504542928,B0LRD9793M,钱江世纪公园A区14幢1单元,[],浙江省,diner,杭州市,201,东北锅包肉,带你去趟佳木斯·非遗烧烤(杭州首店),"120.238378,30.243351",[],[],[],4.7,81,FALSE,FALSE,FALSE,TRUE,餐饮服务;中餐厅;特色/地方风味餐厅,餐饮服务,中餐厅,['东北锅包肉']
[],[],西餐,[],[],餐饮服务;外国餐厅;外国餐厅,[],[],050200,0,[],上城区,[],15606600255,B0MACDVP5J,始版桥未来社区杭罐1958GL104,[],浙江省,diner,杭州市,[],[],BM南法餐厅(杭罐1958店),"120.186628,30.238596",[],[],[],4.6,121,FALSE,FALSE,FALSE,TRUE,餐饮服务;外国餐厅;外国餐厅,餐饮服务,外国餐厅,[]
B0LRZ53G9L,[],烤肉,[],[],餐饮服务;中餐厅;中餐厅,[],[],050100,0,[],萧山区,[],19106563687,B0K3NDN8QB,钱江世纪公园A区14幢13单元,[],浙江省,diner,杭州市,202,"鲜切猪五花,牛肋条,炭烤鳗鱼,爆辣拌冷面,特味四拼,葱花牛肉,双人餐,烤肉,牛肉",六丁火烤肉(杭州首店),"120.237772,30.243646",[],[],[],4.7,92,FALSE,FALSE,FALSE,TRUE,餐饮服务;中餐厅;中餐厅,餐饮服务,中餐厅,"['鲜切猪五花', '牛肋条', '炭烤鳗鱼', '爆辣拌冷面', '特味四拼', '葱花牛肉', '双人餐', '烤肉', '牛肉']"
[],[],烧烤,[],[],餐饮服务;中餐厅;中餐厅,[],[],050100,0,[],上城区,[],19560405612,B0L6UCT6UA,景昙路161-1,[],浙江省,diner,杭州市,[],"老式锅包肉,撸串",碳二鹤岗小串(景芳店),"120.203390,30.270961",[],[],[],4.7,75,FALSE,FALSE,FALSE,TRUE,餐饮服务;中餐厅;中餐厅,餐饮服务,中餐厅,"['老式锅包肉', '撸串']"
B023B0BG9F,[],江浙菜,[],[],餐饮服务;中餐厅;浙江菜,[],[],050106,0,[],上城区,[],0571-86075715,B023B0BG9U,雷霆路60号长城大厦2层,[],浙江省,diner,杭州市,202,"外婆茶香鸡,外婆家红烧肉,龙井绿茶饼,奶香青豆泥,糖醋里脊,外婆小牛肉,咸蛋黄南瓜,面包诱惑,珊瑚虾,蒜蓉蒸扇贝,外婆大鱼头,西湖醋鱼块,麻婆豆腐,馋嘴蛙,宋嫂鱼羹,牛肉,红烧肉,鸡肉,家常菜,酸菜鱼",外婆家(杭州望江店),"120.193205,30.228922",[],[],[],4.6,51,FALSE,FALSE,FALSE,TRUE,餐饮服务;中餐厅;浙江菜,餐饮服务,中餐厅,"['外婆茶香鸡', '外婆家红烧肉', '龙井绿茶饼', '奶香青豆泥', '糖醋里脊', '外婆小牛肉', '咸蛋黄南瓜', '面包诱惑', '珊瑚虾', '蒜蓉蒸扇贝', '外婆大鱼头', '西湖醋鱼块', '麻婆豆腐', '馋嘴蛙', '宋嫂鱼羹', '牛肉', '红烧肉', '鸡肉', '家常菜', '酸菜鱼']"
B0FFGAR2D3,[],音乐餐厅,[],[],餐饮服务;餐饮相关场所;餐饮相关,[],[],050000,0,[],萧山区,[],19157722975,B0LGSU35WO,潮韵路16号,[],浙江省,diner,杭州市,202,"爆炒辣子鸡,椒香口水鸡",爱人再见小酒馆(奥体店),"120.232748,30.236191",[],[],[],4.7,95,FALSE,FALSE,FALSE,TRUE,餐饮服务;餐饮相关场所;餐饮相关,餐饮服务,餐饮相关场所,"['爆炒辣子鸡', '椒香口水鸡']"
B0M6H7C11T,[],川菜,[],[],餐饮服务;餐饮相关场所;餐饮相关,[],[],050000,0,[],萧山区,[],[],B0HRLDZHT5,钱江世纪公园B区2幢1单元,[],浙江省,diner,杭州市,320,"水煮雪花牛肉,水煮牛肉,俏江南毛血旺,俏江南口水鸡",俏江南(钱江世纪城店),"120.235952,30.243089",[],[],[],4.6,181,FALSE,FALSE,FALSE,TRUE,餐饮服务;餐饮相关场所;餐饮相关,餐饮服务,餐饮相关场所,"['水煮雪花牛肉', '水煮牛肉', '俏江南毛血旺', '俏江南口水鸡']"
[],[],鱼火锅,[],[],餐饮服务;中餐厅;中餐厅,[],[],050100,0,[],上城区,[],18758035001,B0GKJH011F,景西路景芳二区39幢F-2号,[],浙江省,diner,杭州市,[],"爆款,小炒黄牛肉,酸萝卜炒鸡胗,小酥肉,张大厨烤鸭,柠檬凤爪,柠檬鱼,牛肉,豆腐,柠檬,双人餐,酸菜鱼",张大厨老坛柠檬鱼,"120.201762,30.269525",[],[],[],4.6,79,FALSE,FALSE,FALSE,TRUE,餐饮服务;中餐厅;中餐厅,餐饮服务,中餐厅,"['爆款', '小炒黄牛肉', '酸萝卜炒鸡胗', '小酥肉', '张大厨烤鸭', '柠檬凤爪', '柠檬鱼', '牛肉', '豆腐', '柠檬', '双人餐', '酸菜鱼']"
B0LRZ53G9L,[],烧烤,[],[],餐饮服务;中餐厅;中餐厅,[],[],050100,0,[],萧山区,[],[],B0JBORTL3L,观澜路1号钱江世纪公园A区L1层,[],浙江省,diner,杭州市,202,东北老式锅包肉,刘老根·东北烧烤酒场(钱江世纪城店),"120.238179,30.243476",[],[],[],4.7,101,FALSE,FALSE,FALSE,TRUE,餐饮服务;中餐厅;中餐厅,餐饮服务,中餐厅,['东北老式锅包肉']
B0FFGAR2V9,[],潮汕火锅,[],[],餐饮服务;中餐厅;火锅店,[],[],050117,0,[],萧山区,[],18958132529,B0LUVDE1YE,帆影路嘉润公馆6号楼102室1楼,[],浙江省,diner,杭州市,320,"双人餐,牛肉",炉上牛肉档·牛肉粿条·牛腩饭·火锅(萧山嘉润公馆店),"120.235025,30.235995",[],[],[],4.6,47,FALSE,FALSE,FALSE,TRUE,餐饮服务;中餐厅;火锅店,餐饮服务,中餐厅,"['双人餐', '牛肉']"
B0FFH62KRY,[],羊蝎子火锅,[],[],餐饮服务;中餐厅;火锅店|餐饮服务;中餐厅;西北菜,[],[],050117|050115,0,[],上城区,[],18995053376,B0FFLENXN4,昙花庵路万邦大楼底商西北羊肉馆,[],浙江省,diner,杭州市,202,"涮羊肉火锅,炭烤羊腿,新疆大盘鸡,清水全羊煲,手抓羊肉,炭烤羊排,肚包肉,老北京羊蝎子火锅,羊肉火锅,胡辣羊蹄,麻酱毛肚,秘制羊筒骨,羊肉串,羊蝎子火锅,红柳羊肉,涮羊肉,单人餐,火锅烧烤,羊肉,烤肉",西北羊肉馆羊蝎子火锅烧烤(万邦大楼店),"120.214408,30.270475",[],[],[],4.7,74,FALSE,FALSE,FALSE,TRUE,餐饮服务;中餐厅;火锅店,餐饮服务,中餐厅,"['涮羊肉火锅', '炭烤羊腿', '新疆大盘鸡', '清水全羊煲', '手抓羊肉', '炭烤羊排', '肚包肉', '老北京羊蝎子火锅', '羊肉火锅', '胡辣羊蹄', '麻酱毛肚', '秘制羊筒骨', '羊肉串', '羊蝎子火锅', '红柳羊肉', '涮羊肉', '单人餐', '火锅烧烤', '羊肉', '烤肉']"
B0FFKXFIFF,[],海鲜火锅,[],[],餐饮服务;中餐厅;火锅店,[],[],050117,0,[],上城区,[],0571-89807688,B0FFJD59DS,钱潮路636号瑞凯水湘大厦1号楼一楼106室二楼206,[],浙江省,diner,杭州市,202,"兰花蚌,竹蛏王,馄饨,深水虾,雪花肥牛,老虎斑刺身,帝王蟹刺身,澳洲和牛,象牙蚌刺身,东星斑刺身,牛肉拼盘,长脚蟹,牛肉粒,绣球菌,海鲜火锅,点心,牛肉,蟹肉",名家海鲜火锅·活蟹生香(钱潮店)(暂停营业),"120.214126,30.270341",[],[],[],4.7,255,FALSE,FALSE,FALSE,TRUE,餐饮服务;中餐厅;火锅店,餐饮服务,中餐厅,"['兰花蚌', '竹蛏王', '馄饨', '深水虾', '雪花肥牛', '老虎斑刺身', '帝王蟹刺身', '澳洲和牛', '象牙蚌刺身', '东星斑刺身', '牛肉拼盘', '长脚蟹', '牛肉粒', '绣球菌', '海鲜火锅', '点心', '牛肉', '蟹肉']"
B0GRJ9RNWP,[],创意菜,[],[],餐饮服务;餐饮相关场所;餐饮相关,[],[],050000,0,[],萧山区,[],18958080037,B0I33ZRL6H,金鸡路嘉润公馆6栋103室商铺你又瘦了,[],浙江省,diner,杭州市,202,"挺满一盘子的薯条,无人区玫瑰,双人餐,鸡肉,辣炒螺蛳,小炒黄牛肉,薯条,辣炒黄牛肉",你又瘦了小酒馆(奥体店),"120.235094,30.236191",[],[],[],4.7,105,FALSE,FALSE,FALSE,TRUE,餐饮服务;餐饮相关场所;餐饮相关,餐饮服务,餐饮相关场所,"['挺满一盘子的薯条', '无人区玫瑰', '双人餐', '鸡肉', '辣炒螺蛳', '小炒黄牛肉', '薯条', '辣炒黄牛肉']"
[],[],烧烤,[],[],餐饮服务;中餐厅;中餐厅,[],[],050100,0,[],滨江区,[],17357123033,B0K16UPZV7,西兴街道滨盛路莲荷里B1层C16-1号,[],浙江省,diner,杭州市,[],"羊汤,羊肉,羊肉串,鸡肉",办肆小馆徐州烧烤炒菜(莲荷里店),"120.230789,30.228814",[],[],[],4.5,76,FALSE,FALSE,FALSE,TRUE,餐饮服务;中餐厅;中餐厅,餐饮服务,中餐厅,"['羊汤', '羊肉', '羊肉串', '鸡肉']"
B0FFGAR2D3,[],湘菜,[],[],餐饮服务;中餐厅;湖南菜(湘菜),[],[],050108,0,[],萧山区,[],19357582629,B0KDFXAIMY,帆影路22、24、26号,[],浙江省,diner,杭州市,202,双人餐,元气考拉·湖南小炒,"120.233690,30.236028",[],[],[],4.6,49,FALSE,FALSE,FALSE,TRUE,餐饮服务;中餐厅;湖南菜(湘菜),餐饮服务,中餐厅,['双人餐']
B0FFGAR2D3,[],东南亚菜,[],[],餐饮服务;中餐厅;中餐厅,[],[],050100,0,[],萧山区,[],13911673880,B0K1MUQE8Q,潮韵路10号,[],浙江省,diner,杭州市,202,"浓汤,猪肉",一峤·Singapore浓汤蝦面,"120.234232,30.235869",[],[],[],4.6,84,FALSE,FALSE,FALSE,TRUE,餐饮服务;中餐厅;中餐厅,餐饮服务,中餐厅,"['浓汤', '猪肉']"
[],[],烧烤,[],[],餐饮服务;中餐厅;中餐厅,[],[],050100,0,[],滨江区,[],18100188778,B0K3Y5BS5C,飞虹路3号莲荷里负一层B区04商铺,[],浙江省,diner,杭州市,[],"汉堡,双人餐,牛肉,薯条",黑柴山烤房,"120.228118,30.227595",[],[],[],4.5,148,FALSE,FALSE,FALSE,TRUE,餐饮服务;中餐厅;中餐厅,餐饮服务,中餐厅,"['汉堡', '双人餐', '牛肉', '薯条']"
[],[],牛肉,[],[],餐饮服务;中餐厅;中餐厅,[],[],050100,1,[],上城区,[],13486366688;15988837893;18768125727,B0FFHS84HX,景昙路141号(景芳二区北区东门北50米),[],浙江省,diner,杭州市,[],"炒饭,牛肉,酱爆螺丝,炒螺蛳,鸡肉",盐蘸牛肉,"120.203411,30.269936",[],[],[],4.7,49,FALSE,FALSE,FALSE,TRUE,餐饮服务;中餐厅;中餐厅,餐饮服务,中餐厅,"['炒饭', '牛肉', '酱爆螺丝', '炒螺蛳', '鸡肉']"
[],[],中餐,[],[],餐饮服务;中餐厅;浙江菜,[],[],050106,0,[],上城区,[],15306575793,B023B1H0EI,昙花庵路239号,[],浙江省,diner,杭州市,[],"家常菜,双人餐",滋味渊·匠心桐庐菜(景芳店),"120.202073,30.270215",[],[],[],4.7,91,FALSE,FALSE,FALSE,TRUE,餐饮服务;中餐厅;浙江菜,餐饮服务,中餐厅,"['家常菜', '双人餐']"
[],[],农家菜,[],[],餐饮服务;中餐厅;中餐厅,[],[],050100,0,[],上城区,[],0571-85831877,B0J2O7KALB,凯旋路208号1层,[],浙江省,diner,杭州市,[],"钱江源汤瓶鸡,炭火泉水豆腐,农家土香肠,桐村三层楼,开化清水鱼·白汤,钱江源强盗炒,芹江长者虾,苏庄炊粉时蔬,开化清水包头鱼,开化青蛳,马金豆腐干,萝卜丝黄牛肉,苏庄炊粉肉,开化汽糕,大碗土猪肉,老家白腊肉,钱江源山珍,土猪肉,牛肉,鸡肉,拌饭",堂前屋后·开化山里菜(凯旋店),"120.191325,30.264210",[],[],[],4.6,81,FALSE,FALSE,FALSE,TRUE,餐饮服务;中餐厅;中餐厅,餐饮服务,中餐厅,"['钱江源汤瓶鸡', '炭火泉水豆腐', '农家土香肠', '桐村三层楼', '开化清水鱼·白汤', '钱江源强盗炒', '芹江长者虾', '苏庄炊粉时蔬', '开化清水包头鱼', '开化青蛳', '马金豆腐干', '萝卜丝黄牛肉', '苏庄炊粉肉', '开化汽糕', '大碗土猪肉', '老家白腊肉', '钱江源山珍', '土猪肉', '牛肉', '鸡肉', '拌饭']"
B0FFKXFIFF,[],农家菜,[],[],餐饮服务;中餐厅;中餐厅,[],[],050100,0,[],上城区,[],0571-86555988;19057285177,B0LA95Z739,钱潮路636号瑞凯水湘大厦1号楼,[],浙江省,diner,杭州市,202,"黄豆焖鸡爪,农家蒸腊味,猪肚炒金花菜,红烧鳝段,尖椒炒笋干,辣椒炒猪肝,姥姥炒土鸡蛋,小炒黄牛肉,三层楼火锅,生炒茶油鸡,青菜油豆腐火锅,生炒土猪肉,龙门火锅,土菜,猪肚,小炒黄牛肉",风炉故事·遂昌山野土菜(杭州首店),"120.213993,30.270256",[],[],[],4.7,90,FALSE,FALSE,FALSE,TRUE,餐饮服务;中餐厅;中餐厅,餐饮服务,中餐厅,"['黄豆焖鸡爪', '农家蒸腊味', '猪肚炒金花菜', '红烧鳝段', '尖椒炒笋干', '辣椒炒猪肝', '姥姥炒土鸡蛋', '小炒黄牛肉', '三层楼火锅', '生炒茶油鸡', '青菜油豆腐火锅', '生炒土猪肉', '龙门火锅', '土菜', '猪肚', '小炒黄牛肉']"
B0L1ZCO88X,[],创意菜,[],[],餐饮服务;中餐厅;中餐厅,[],[],050100,0,[],萧山区,[],13073618002,B0J27DCQB5,观澜路1号钱江世纪公园D区3幢10-13单元,[],浙江省,diner,杭州市,320,创意菜,今尚饮私房创意菜,"120.237247,30.246719",[],[],[],4.7,186,FALSE,FALSE,FALSE,TRUE,餐饮服务;中餐厅;中餐厅,餐饮服务,中餐厅,['创意菜']
B0GRJ9SQ3L,[],水产海鲜,[],[],餐饮服务;中餐厅;浙江菜,[],[],050106,0,[],萧山区,[],13071837796,B0JUOZ89QY,潮韵路众安里2号楼2F,[],浙江省,diner,杭州市,202,双人餐,海农日记餐厅(奥体店),"120.235007,30.237061",[],[],[],4.6,117,FALSE,FALSE,FALSE,TRUE,餐饮服务;中餐厅;浙江菜,餐饮服务,中餐厅,['双人餐']
[],[],江浙菜,[],[],餐饮服务;中餐厅;中餐厅,[],[],050100,0,[],上城区,[],17857018008;19157915772,B0K06K1YWK,昙花庵路58号(杭州欧凯假日大酒店有限公司)二楼201室,[],浙江省,diner,杭州市,[],"醋溜家鱼头,蒜蓉粉丝蒸长脚蟹,神仙鸡鸡,老杭州卤鸭,红烧羊肉,红烧土猪肉,杭州东坡肉,杭州老鸭煲,鱼头",杭州宴·杭州菜(火车东站店),"120.213582,30.271204",[],[],[],4.7,91,FALSE,FALSE,FALSE,TRUE,餐饮服务;中餐厅;中餐厅,餐饮服务,中餐厅,"['醋溜家鱼头', '蒜蓉粉丝蒸长脚蟹', '神仙鸡鸡', '老杭州卤鸭', '红烧羊肉', '红烧土猪肉', '杭州东坡肉', '杭州老鸭煲', '鱼头']"
B023B0670D,[],江浙菜,[],[],餐饮服务;中餐厅;综合酒楼,[],[],050101,0,[],上城区,[],0571-87810887,B023B05S48,清泰街224号,[],浙江省,diner,杭州市,320,"年糕,拌饭,素菜,肥肠,家常菜,臭豆腐,卤鸭,西湖醋鱼,笋干老鸭煲,东坡肉,大肠,特色菜,糖醋里脊,酸汤肥牛,脆皮大肠",宝中宝食府,"120.180539,30.247432",[],[],[],4.7,127,FALSE,FALSE,FALSE,TRUE,餐饮服务;中餐厅;综合酒楼,餐饮服务,中餐厅,"['年糕', '拌饭', '素菜', '肥肠', '家常菜', '臭豆腐', '卤鸭', '西湖醋鱼', '笋干老鸭煲', '东坡肉', '大肠', '特色菜', '糖醋里脊', '酸汤肥牛', '脆皮大肠']"
B0HU2UUDMK,[],江浙菜,[],[],餐饮服务;中餐厅;中餐厅,[],[],050100,0,[],萧山区,[],0571-86582244,B0L27KIEHV,杭州国际办公中心南区3-1号201-1-2室,[],浙江省,diner,杭州市,202,[],德明饭店(钱江世纪城店),"120.236970,30.239338",[],[],[],4.7,152,FALSE,FALSE,FALSE,TRUE,餐饮服务;中餐厅;中餐厅,餐饮服务,中餐厅,[]
B023B18D0D,[],中餐,[],[],餐饮服务;中餐厅;中餐厅,[],[],050100,0,[],上城区,[],13645716094,B023B06LND,大学路57号(万安桥地铁站E口步行260米),[],浙江省,diner,杭州市,320,"酸菜鱼,鸡肉,钱江肉丝,糖醋里脊,豆腐,家常菜,薯条",天诚小吃(大学路),"120.182372,30.251860",[],[],[],4.6,40,FALSE,FALSE,FALSE,TRUE,餐饮服务;中餐厅;中餐厅,餐饮服务,中餐厅,"['酸菜鱼', '鸡肉', '钱江肉丝', '糖醋里脊', '豆腐', '家常菜', '薯条']"
B0FFGAR2D3,[],西式快餐,[],[],餐饮服务;快餐厅;麦当劳,[],[],050302,0,[],萧山区,[],0571-85151577;4009200205,B0JD5L4O2O,利一路3号深蓝国际中心3栋,[],浙江省,diner,杭州市,202,"双人餐,薯条",麦当劳(碧桂园·深蓝国际店),"120.235108,30.235643",[],[],[],4.5,28,FALSE,FALSE,FALSE,TRUE,餐饮服务;快餐厅;麦当劳,餐饮服务,快餐厅,"['双人餐', '薯条']"
B023B18D0D,[],小吃快餐,[],[],餐饮服务;中餐厅;中餐厅,[],[],050100,0,[],上城区,[],0571-81866167;18958042988,B0FFG4DAN7,大学路51号(旅游职业学校南50米),[],浙江省,diner,杭州市,320,"钱江肉丝,家常菜",文利小吃店(大学路店),"120.182404,30.251920",[],[],[],4.6,56,FALSE,FALSE,FALSE,TRUE,餐饮服务;中餐厅;中餐厅,餐饮服务,中餐厅,"['钱江肉丝', '家常菜']"
[],[],小吃快餐,[],[],餐饮服务;中餐厅;中餐厅,[],[],050100,0,[],滨江区,[],19032201577,B0K3AO8SZ7,飞虹路3号奥体银泰莲荷里B08-1号(亚运会博物馆斜对面),[],浙江省,diner,杭州市,[],"猪肝面,杭派片儿川,雪菜笋黑鱼面,特色猪肚面,特色虾腰片儿川,腰花片儿川,猪肝肉丝拌川,大肠面,虾爆鳝肉丝拌川,番茄汁拌川,番茄笋干虾干面,腰花面,爆鳝面,咸菜尖椒笋干肉丝面,特色虾爆面,茶叶蛋,片儿川,片儿川,特色虾爆鳝面,猪肝茄汁拌川",复兴面王(杭州莲荷里店),"120.228645,30.227472",[],[],[],4.6,28,FALSE,FALSE,FALSE,TRUE,餐饮服务;中餐厅;中餐厅,餐饮服务,中餐厅,"['猪肝面', '杭派片儿川', '雪菜笋黑鱼面', '特色猪肚面', '特色虾腰片儿川', '腰花片儿川', '猪肝肉丝拌川', '大肠面', '虾爆鳝肉丝拌川', '番茄汁拌川', '番茄笋干虾干面', '腰花面', '爆鳝面', '咸菜尖椒笋干肉丝面', '特色虾爆面', '茶叶蛋', '片儿川', '片儿川', '特色虾爆鳝面', '猪肝茄汁拌川']"
B0KB4KNW2Z,[],小吃快餐,[],[],餐饮服务;中餐厅;中餐厅,[],[],050100,0,[],上城区,[],0571-87039263,B023B082GW,解放路62号(近建国路),[],浙江省,diner,杭州市,202,"牛肉粉丝汤,鲜肉手工包,西湖牛肉羹,虾肉小笼包,招牌鸭血汤,生煎包,堂食,大包,点心,甜甜圈,拌面,牛肉,牛肉汤,牛肉粉丝,肉包,菜包,面食,小馄饨",新丰小吃(解放路分店),"120.181006,30.250302",[],[],[],4.4,17,FALSE,FALSE,FALSE,TRUE,餐饮服务;中餐厅;中餐厅,餐饮服务,中餐厅,"['牛肉粉丝汤', '鲜肉手工包', '西湖牛肉羹', '虾肉小笼包', '招牌鸭血汤', '生煎包', '堂食', '大包', '点心', '甜甜圈', '拌面', '牛肉', '牛肉汤', '牛肉粉丝', '肉包', '菜包', '面食', '小馄饨']"
[],[],面馆,[],[],餐饮服务;中餐厅;中餐厅,[],[],050100,0,[],拱墅区,[],18334387801,B0LUTR58TX,刀茅巷57号,[],浙江省,diner,杭州市,[],[],复兴面王(庆春店),"120.185743,30.260287",[],[],[],4.6,35,FALSE,FALSE,FALSE,TRUE,餐饮服务;中餐厅;中餐厅,餐饮服务,中餐厅,[]
B023B06L9N,[],农家菜,[],[],餐饮服务;中餐厅;中餐厅,[],[],050100,0,[],拱墅区,[],0571-87290360;13018904037;13157165371,B0FFIRHCH4,刀茅巷68号,[],浙江省,diner,杭州市,320,"鸭头,豆腐",永梅衢州菜(刀茅巷店),"120.186059,30.260335",[],[],[],4.7,81,FALSE,FALSE,FALSE,TRUE,餐饮服务;中餐厅;中餐厅,餐饮服务,中餐厅,"['鸭头', '豆腐']"
[],[],小吃快餐,[],[],餐饮服务;中餐厅;中餐厅,[],[],050100,0,[],上城区,[],15258969795,B0LG2YE0YC,景昙路195号,[],浙江省,diner,杭州市,[],"肥瘦肉夹馍不加青椒,单人餐,双人餐",陕西罗家凉皮,"120.203346,30.271747",[],[],[],4.7,19,FALSE,FALSE,FALSE,TRUE,餐饮服务;中餐厅;中餐厅,餐饮服务,中餐厅,"['肥瘦肉夹馍不加青椒', '单人餐', '双人餐']"
[],[],小吃快餐,[],[],餐饮服务;餐饮相关场所;餐饮相关,[],[],050000,0,[],上城区,[],15381028355,B0LGK5PZKP,景昙路180号单羊世家羊肉汤,[],浙江省,diner,杭州市,[],单县羊肉汤,单羊世家·单县羊肉汤(景昙店),"120.203675,30.271075",[],[],[],4.7,40,FALSE,FALSE,FALSE,TRUE,餐饮服务;餐饮相关场所;餐饮相关,餐饮服务,餐饮相关场所,['单县羊肉汤']
B0LRZ53G9L,[],串串香,[],[],餐饮服务;中餐厅;火锅店,[],[],050117,0,[],萧山区,[],19967333631,B0K2LLN7EL,钱江世纪城世纪公园A2-6号,[],浙江省,diner,杭州市,202,"手工甜水面,串串,牛肉,鸡汤",鸟鸟好吃店·成都土砂锅串串(杭州总店),"120.242368,30.241730",[],[],[],4.8,75,FALSE,FALSE,FALSE,TRUE,餐饮服务;中餐厅;火锅店,餐饮服务,中餐厅,"['手工甜水面', '串串', '牛肉', '鸡汤']"
[],[],江浙菜,[],[],餐饮服务;中餐厅;中餐厅,[],[],050100,0,[],拱墅区,[],0571-86051717,B0H17H5XMN,醋坊巷16号,[],浙江省,diner,杭州市,[],"文火谷饲牛肉配荷叶饼,陈年花雕醉湖蟹,招牌豉油虾,椒麻牛舌,鳕鱼杨梅虾球,特色湖蟹煲,萧山土三鲜,特色菜,绍兴臭豆腐,家常菜,肉夹馍,虾球,豆腐,牛肉,香炸臭豆腐",新周记·巷子里的江南味(金龙财富店),"120.183118,30.258897",[],[],[],4.7,88,FALSE,FALSE,FALSE,TRUE,餐饮服务;中餐厅;中餐厅,餐饮服务,中餐厅,"['文火谷饲牛肉配荷叶饼', '陈年花雕醉湖蟹', '招牌豉油虾', '椒麻牛舌', '鳕鱼杨梅虾球', '特色湖蟹煲', '萧山土三鲜', '特色菜', '绍兴臭豆腐', '家常菜', '肉夹馍', '虾球', '豆腐', '牛肉', '香炸臭豆腐']"
B0JBOZMSQU,[],中餐,[],[],餐饮服务;中餐厅;中餐厅,[],[],050100,1,[],萧山区,[],0571-87980568;0571-87981913,B0JRXU7R8H,利一路与帆影路口(博览中心地铁站B1口步行200米),[],浙江省,diner,杭州市,202,"龙井虾仁,糖醋里脊,虾仁,三鲜猫耳朵,脆皮乳鸽",知味观味庄(杭州钱江世纪城店),"120.235876,30.234967",[],[],[],4.7,133,FALSE,FALSE,FALSE,TRUE,餐饮服务;中餐厅;中餐厅,餐饮服务,中餐厅,"['龙井虾仁', '糖醋里脊', '虾仁', '三鲜猫耳朵', '脆皮乳鸽']"
B0FFKM2F90,[],火锅鸡,[],[],餐饮服务;中餐厅;中餐厅,[],[],050100,0,[],上城区,[],19357633392,B0JK7HOAFZ,四季青街道杭海路601号三堡产业大厦C座1-37-2号,[],浙江省,diner,杭州市,202,"鸡加牛骨,肥肠鸡,花干（豆腐干）,锡林格勒冰煮羊,地锅锡林格勒羊肉,安徽臭桂鱼,千豆角,地锅排骨,加点五花肉,爆款,霸王别鸡,铁锅炖大鹅4个贴饼,地锅鸡,安徽臭鱖鱼,招牌地锅鸡,老鹅汤,猪肚筒骨鸡,小鸡炖蘑菇,老鹅锅,千岛湖螺丝,鸡加排骨锅,安徽臭桂鱼,双人餐,鸡肉,臭鳜鱼",大俺徽柴火鸡(江和美海洋生活广场店),"120.226924,30.268228",[],[],[],4.6,56,FALSE,FALSE,FALSE,TRUE,餐饮服务;中餐厅;中餐厅,餐饮服务,中餐厅,"['鸡加牛骨', '肥肠鸡', '花干（豆腐干）', '锡林格勒冰煮羊', '地锅锡林格勒羊肉', '安徽臭桂鱼', '千豆角', '地锅排骨', '加点五花肉', '爆款', '霸王别鸡', '铁锅炖大鹅4个贴饼', '地锅鸡', '安徽臭鱖鱼', '招牌地锅鸡', '老鹅汤', '猪肚筒骨鸡', '小鸡炖蘑菇', '老鹅锅', '千岛湖螺丝', '鸡加排骨锅', '安徽臭桂鱼', '双人餐', '鸡肉', '臭鳜鱼']"
B0FFG8ANPI,[],火锅,[],[],餐饮服务;中餐厅;火锅店,[],[],050117,1,[],上城区,[],0571-22934410;0571-81606592,B023B17F4Z,庆春路越界锦和大厦A座5楼,[],浙江省,diner,杭州市,202,"川味果香五花腊肉,双人餐",海底捞火锅(杭州庆春路夜宵主题店),"120.177093,30.257626",[],[],[],4.7,104,FALSE,FALSE,FALSE,TRUE,餐饮服务;中餐厅;火锅店,餐饮服务,中餐厅,"['川味果香五花腊肉', '双人餐']"
B0LRZ53G9L,[],公司,[],[],餐饮服务;中餐厅;中餐厅,[],[],050100,1,[],萧山区,[],0571-56165959;18768163895,B0I1XCRRLQ,钱江世纪城钱江世纪公园A区9幢,[],浙江省,diner,杭州市,201,[],粤江南(杭州店),"120.240045,30.243856",[],[],[],4.3,,TRUE,FALSE,FALSE,FALSE,餐饮服务;中餐厅;中餐厅,餐饮服务,中餐厅,[]
B0LRZ53G9L,[],自助餐,[],[],餐饮服务;中餐厅;火锅店,[],[],050117,0,[],萧山区,[],18557166861,B0KBF5O779,盈丰街道世纪城公园A区4幢6单元,[],浙江省,diner,杭州市,202,"纯正的京味儿,无限量畅吃,秘制酱料,烤肉大串,吃好喝好,长生不老,牛羊肉,牛肉,羊肉,单人餐,烤串",京東盛·老北京铜锅涮肉·烤串(钱江世纪城店),"120.241792,30.241753",[],[],[],4.7,125,FALSE,FALSE,FALSE,TRUE,餐饮服务;中餐厅;火锅店,餐饮服务,中餐厅,"['纯正的京味儿', '无限量畅吃', '秘制酱料', '烤肉大串', '吃好喝好', '长生不老', '牛羊肉', '牛肉', '羊肉', '单人餐', '烤串']"
B0FFF33YR8,[],江浙菜,[],[],餐饮服务;中餐厅;中餐厅,[],[],050100,0,[],萧山区,[],0571-86805077,B0I1PUPLAA,盈丰街道金鸡路2418号炬日大厦1幢202-203室,[],浙江省,diner,杭州市,202,"家烧东海小鲜,时令鲜甜豆,方师傅红烧肉,传统卤鹅,老鸭馄饨煲,虾和牛蛙的故事,东坡香芋煲,老法三鲜锅,红烧肉,水煮肉片,酸汤肥牛,杭三鲜",東大方(杭州奥体中心店),"120.238044,30.237218",[],[],[],4.7,68,FALSE,FALSE,FALSE,TRUE,餐饮服务;中餐厅;中餐厅,餐饮服务,中餐厅,"['家烧东海小鲜', '时令鲜甜豆', '方师傅红烧肉', '传统卤鹅', '老鸭馄饨煲', '虾和牛蛙的故事', '东坡香芋煲', '老法三鲜锅', '红烧肉', '水煮肉片', '酸汤肥牛', '杭三鲜']"
B0M6H7BMDO,[],江浙菜,[],[],餐饮服务;中餐厅;中餐厅,[],[],050100,0,[],萧山区,[],13867476822,B0K0AMVQBK,鸿宁路2541号,[],浙江省,diner,杭州市,201,"招牌菜,招牌烤鸡,乳鸽,龙虾,年糕",世纪澜轩花园餐厅,"120.239853,30.250006",[],[],[],4.7,214,FALSE,FALSE,FALSE,TRUE,餐饮服务;中餐厅;中餐厅,餐饮服务,中餐厅,"['招牌菜', '招牌烤鸡', '乳鸽', '龙虾', '年糕']"
[],[],小吃快餐,[],[],餐饮服务;中餐厅;特色/地方风味餐厅,[],[],050118,0,[],上城区,[],18267607198,B0FFGDZM1J,建国中路130号(万安桥地铁站E口步行70米),[],浙江省,diner,杭州市,[],"拌面,煎饺",楠哥煎饺,"120.180719,30.253217",[],[],[],4.7,19,FALSE,FALSE,FALSE,TRUE,餐饮服务;中餐厅;特色/地方风味餐厅,餐饮服务,中餐厅,"['拌面', '煎饺']"
B0FFHZL6EM,[],火锅,[],[],餐饮服务;餐饮相关场所;餐饮相关,[],[],050000,0,[],萧山区,[],0571-82113662,B0JK47TLNO,奔竞大道470号,[],浙江省,diner,杭州市,320,"屠场鲜毛肚,鲜切吊龙,杨梅冰汤圆,耙卤猪蹄,杨枝甘露,重庆火锅,冰汤圆,牛肉,蛋炒饭",超火锅(杭州萧山总店),"120.244229,30.230739",[],[],[],4.9,130,FALSE,FALSE,FALSE,TRUE,餐饮服务;餐饮相关场所;餐饮相关,餐饮服务,餐饮相关场所,"['屠场鲜毛肚', '鲜切吊龙', '杨梅冰汤圆', '耙卤猪蹄', '杨枝甘露', '重庆火锅', '冰汤圆', '牛肉', '蛋炒饭']"
[],[],烤肉,[],[],餐饮服务;餐饮相关场所;餐饮相关,[],[],050000,0,[],上城区,[],18057121021,B0HAV79N6M,严家路336号运河映巷2楼212-213室,[],浙江省,diner,杭州市,[],"小花秘制牛肉,鸡中翅,五花肉（薄切）,生菜泡菜,纯肉香肠,五花肉,双人餐,牛肉,杨枝甘露",牛小花秘制炭火烤牛肉(新塘路景芳店),"120.206431,30.274041",[],[],[],4.6,84,FALSE,FALSE,FALSE,TRUE,餐饮服务;餐饮相关场所;餐饮相关,餐饮服务,餐饮相关场所,"['小花秘制牛肉', '鸡中翅', '五花肉（薄切）', '生菜泡菜', '纯肉香肠', '五花肉', '双人餐', '牛肉', '杨枝甘露']"
B0IB5SQ5D8,[],烧烤,[],[],餐饮服务;餐饮相关场所;餐饮相关,[],[],050000,0,[],萧山区,[],13336077858,B0LAPOLMC8,盈丰街道民和路866号朝龙汇B1层,[],浙江省,diner,杭州市,202,[],周姐焦烤鸡架·东北烧烤夜宵(朝龙汇店),"120.243828,30.239970",[],[],[],4.7,75,FALSE,FALSE,FALSE,TRUE,餐饮服务;餐饮相关场所;餐饮相关,餐饮服务,餐饮相关场所,[]
B0FFLDA3H0,[],江浙菜,[],[],餐饮服务;中餐厅;中餐厅,[],[],050100,0,[],萧山区,[],0571-82218017,B0FFIJ5DXL,盈丰街道左右商务中心2幢,[],浙江省,diner,杭州市,202,"菜脯焗大黄鱼,菌皇清鸡汤,山泉牛肉,牛油果三文鱼沙律,养胃的胡椒猪肚鸡,芝士板栗南瓜配鱼子酱,牛肉,传承经典之臭豆腐,绍兴臭豆腐",乔村二十八道(钱江世纪城店),"120.255346,30.236941",[],[],[],,,TRUE,TRUE,FALSE,FALSE,餐饮服务;中餐厅;中餐厅,餐饮服务,中餐厅,"['菜脯焗大黄鱼', '菌皇清鸡汤', '山泉牛肉', '牛油果三文鱼沙律', '养胃的胡椒猪肚鸡', '芝士板栗南瓜配鱼子酱', '牛肉', '传承经典之臭豆腐', '绍兴臭豆腐']"
B0JA6CG8WR,[],江浙菜,[],[],餐饮服务;中餐厅;浙江菜,[],[],050106,0,[],上城区,[],13685768766,B0KR0UN1M0,学士路92号(星远里二弄西门旁),[],浙江省,diner,杭州市,320,"双人餐,豆腐,小酥肉,龙井手剥虾仁,龙井虾仁,脆皮大肠",赵府私厨·老杭帮菜(西湖老店),"120.161278,30.255553",[],[],[],,,TRUE,TRUE,FALSE,FALSE,餐饮服务;中餐厅;浙江菜,餐饮服务,中餐厅,"['双人餐', '豆腐', '小酥肉', '龙井手剥虾仁', '龙井虾仁', '脆皮大肠']"
B023B0644G,[],江浙菜,[],[],餐饮服务;中餐厅;浙江菜,[],[],050106,0,[],拱墅区,[],0571-85225980,B0I67ANJ5X,湖墅南路258号,[],浙江省,diner,杭州市,320,"川味臭鳜鱼,招牌干炸臭豆腐,脆皮大肠头,鲍鱼烧猪脚,脆皮大肠,熟醉沼虾,馋嘴蛙,葱油钱江大白条,酒酿馒头红烧肉,熟醉湖蟹（一只）,石锅虾仁豆腐,富贵连连桂鱼捞粉,双人餐,家常菜,私房菜,大肠,红烧肉,卤鸭,脆皮大肠头",四灶儿·地道杭帮菜(湖墅南路店),"120.152887,30.283523",[],[],[],,,TRUE,TRUE,FALSE,FALSE,餐饮服务;中餐厅;浙江菜,餐饮服务,中餐厅,"['川味臭鳜鱼', '招牌干炸臭豆腐', '脆皮大肠头', '鲍鱼烧猪脚', '脆皮大肠', '熟醉沼虾', '馋嘴蛙', '葱油钱江大白条', '酒酿馒头红烧肉', '熟醉湖蟹（一只）', '石锅虾仁豆腐', '富贵连连桂鱼捞粉', '双人餐', '家常菜', '私房菜', '大肠', '红烧肉', '卤鸭', '脆皮大肠头']"
B023B13L9M,[],浙菜,[],[],餐饮服务;中餐厅;中餐厅,[],[],050100,0,[],上城区,[],0571-86070806,B0FFF4XZMX,十五奎巷2-3号(近鼓楼城门),[],浙江省,diner,杭州市,302,"油爆虾,手撕包心菜,招牌鱼头,招牌豉油虾,特色红糖麻糍,碳烤鲈鱼,青柠冰桔茶,娇滴滴的美蛙,川府凉皮,招牌卤鸡爪,葱油秋葵,蒜泥油麦菜,包心菜炒农家粉丝,老成都豆花鱼,芝士焗南瓜,牛肉,虾球,西湖牛肉羹,酸菜鱼,桂花糯米藕,老杭州东坡肉,龙井虾仁,无骨宋嫂鱼羹,周记卤鸭,龙井手剥虾仁",新周记·巷子里的江南味(鼓楼店),"120.170957,30.237690",[],[],[],,,TRUE,TRUE,FALSE,FALSE,餐饮服务;中餐厅;中餐厅,餐饮服务,中餐厅,"['油爆虾', '手撕包心菜', '招牌鱼头', '招牌豉油虾', '特色红糖麻糍', '碳烤鲈鱼', '青柠冰桔茶', '娇滴滴的美蛙', '川府凉皮', '招牌卤鸡爪', '葱油秋葵', '蒜泥油麦菜', '包心菜炒农家粉丝', '老成都豆花鱼', '芝士焗南瓜', '牛肉', '虾球', '西湖牛肉羹', '酸菜鱼', '桂花糯米藕', '老杭州东坡肉', '龙井虾仁', '无骨宋嫂鱼羹', '周记卤鸭', '龙井手剥虾仁']"
B023B07SJZ,[],杭帮菜,[],[],餐饮服务;中餐厅;中餐厅,[],[],050100,0,[],上城区,[],17300930599,B0K6H69PDU,高银街111号(吴山广场地铁站D口步行450米),[],浙江省,diner,杭州市,302,"双人餐,西湖醋鱼,古法杭式酱鸭,小酥肉,豆腐,酸菜鱼,古法东坡肉",赵府私厨·老杭帮菜(河坊街店),"120.168733,30.240555",[],[],[],,,TRUE,TRUE,FALSE,FALSE,餐饮服务;中餐厅;中餐厅,餐饮服务,中餐厅,"['双人餐', '西湖醋鱼', '古法杭式酱鸭', '小酥肉', '豆腐', '酸菜鱼', '古法东坡肉']"
[],[],杭帮菜,[],[],餐饮服务;中餐厅;中餐厅,[],[],050100,0,[],西湖区,[],0571-88326706,B0JBCCFEXB,灵隐路1号,[],浙江省,diner,杭州市,[],"鲍鱼红烧肉,招牌粉丝裹虾,白灼鲜小管,鲜肉红油抄手,绿茶酸奶,石锅鸡汤豆腐,绿茶烤鸡,家烧黄鱼年糕,面包诱惑,状元芋头煲,双人餐,烤鸡,牛肉,红烧肉,鸡肉,西湖牛肉羹,江南卤鸭儿",绿茶餐厅(灵隐路店·品牌旗舰店),"120.128859,30.252428",[],[],[],,,TRUE,TRUE,FALSE,FALSE,餐饮服务;中餐厅;中餐厅,餐饮服务,中餐厅,"['鲍鱼红烧肉', '招牌粉丝裹虾', '白灼鲜小管', '鲜肉红油抄手', '绿茶酸奶', '石锅鸡汤豆腐', '绿茶烤鸡', '家烧黄鱼年糕', '面包诱惑', '状元芋头煲', '双人餐', '烤鸡', '牛肉', '红烧肉', '鸡肉', '西湖牛肉羹', '江南卤鸭儿']"
B0FFG75GG0,[],杭帮菜,[],[],餐饮服务;中餐厅;浙江菜|餐饮服务;中餐厅;特色/地方风味餐厅,[],[],050106|050118,0,[],上城区,[],0571-87379578,B0FFFAC4XP,湖滨街道学士路77号(龙翔桥地铁站B出口步行170米),[],浙江省,diner,杭州市,320,"双人餐,私房菜,龙井虾仁,桂花糕,东坡肉,干炸响铃,江南桂花米糕,西湖醋鱼",吴记餐厅·杭帮菜·私房菜(西湖湖滨店),"120.161840,30.255573",[],[],[],,,TRUE,TRUE,FALSE,FALSE,餐饮服务;中餐厅;浙江菜,餐饮服务,中餐厅,"['双人餐', '私房菜', '龙井虾仁', '桂花糕', '东坡肉', '干炸响铃', '江南桂花米糕', '西湖醋鱼']"
[],[],江浙菜,[],[],餐饮服务;餐饮相关场所;餐饮相关,[],[],050000,0,[],西湖区,[],19032003299,B0LAYU04B8,虎跑路四眼井228号,[],浙江省,diner,杭州市,[],"双人餐,绍兴臭豆腐,牛肉,非遗杭式酱鸭,西湖醋鱼一鱼两吃,桂花糯米藕,龙井虾仁,江南珍品东坡肉,油炸绍兴非遗臭豆腐",入江南·金奖杭帮菜·浙江菜(虎跑店),"120.136067,30.216913",[],[],[],,,TRUE,TRUE,FALSE,FALSE,餐饮服务;餐饮相关场所;餐饮相关,餐饮服务,餐饮相关场所,"['双人餐', '绍兴臭豆腐', '牛肉', '非遗杭式酱鸭', '西湖醋鱼一鱼两吃', '桂花糯米藕', '龙井虾仁', '江南珍品东坡肉', '油炸绍兴非遗臭豆腐']"
B023B06LQB,[],中餐,[],[],餐饮服务;中餐厅;中餐厅,[],[],050100,0,[],上城区,[],0571-85376882,B0G0AZTG34,延安路22号(吴山古玩城对面),[],浙江省,diner,杭州市,202,"脆皮大肠,熟醉沼虾,馋嘴蛙,招牌干炸臭豆腐,鲍鱼烧猪脚,脆皮大肠头,富贵连连桂鱼捞粉,葱油钱江大白条,石锅虾仁豆腐,酒酿馒头红烧肉,熟醉湖蟹（一只）,私房菜,双人餐,红烧肉,脆皮大肠",四灶儿·地道杭帮菜(西湖景区·吴山广场店),"120.164931,30.241211",[],[],[],,,TRUE,TRUE,FALSE,FALSE,餐饮服务;中餐厅;中餐厅,餐饮服务,中餐厅,"['脆皮大肠', '熟醉沼虾', '馋嘴蛙', '招牌干炸臭豆腐', '鲍鱼烧猪脚', '脆皮大肠头', '富贵连连桂鱼捞粉', '葱油钱江大白条', '石锅虾仁豆腐', '酒酿馒头红烧肉', '熟醉湖蟹（一只）', '私房菜', '双人餐', '红烧肉', '脆皮大肠']"
[],[],江浙菜,[],[],餐饮服务;中餐厅;中餐厅,[],[],050100,0,[],上城区,[],0571-87292636,B0HGBSORPI,平海路36号(龙翔桥地铁站D口步行350米),[],浙江省,diner,杭州市,[],"十年花雕熟醉大闸蟹,萧山土三鲜,文火谷饲牛肉配荷叶饼,暖胃胡椒猪肚菌菇汤,手工鲜肉煎饺,雪笋大汤笋壳鱼,香炸东海小黄鱼,文火古饲牛肉配荷叶饼,特色湖蟹煲,招牌豉油虾,老卤牛腩炖牛筋,鲜香椒麻脆舌尖,砂锅鲍鱼焖猪脚,芝士焗南瓜,鳕鱼杨梅虾球,周记卤鸭,三鲜手工石磨豆腐,香茅手撕脆皮鸡,陈年花雕醉湖蟹,椒麻牛舌,金华火腿蒸老鸭,传奇卤大肠,XO浆状元萝卜糕,特色红糖麻糍,招牌红烧鱼头,牛肉,鸡肉,点心,虾球,豆腐",新周记·巷子里的江南味(平海路店),"120.168323,30.254314",[],[],[],,,TRUE,TRUE,FALSE,FALSE,餐饮服务;中餐厅;中餐厅,餐饮服务,中餐厅,"['十年花雕熟醉大闸蟹', '萧山土三鲜', '文火谷饲牛肉配荷叶饼', '暖胃胡椒猪肚菌菇汤', '手工鲜肉煎饺', '雪笋大汤笋壳鱼', '香炸东海小黄鱼', '文火古饲牛肉配荷叶饼', '特色湖蟹煲', '招牌豉油虾', '老卤牛腩炖牛筋', '鲜香椒麻脆舌尖', '砂锅鲍鱼焖猪脚', '芝士焗南瓜', '鳕鱼杨梅虾球', '周记卤鸭', '三鲜手工石磨豆腐', '香茅手撕脆皮鸡', '陈年花雕醉湖蟹', '椒麻牛舌', '金华火腿蒸老鸭', '传奇卤大肠', 'XO浆状元萝卜糕', '特色红糖麻糍', '招牌红烧鱼头', '牛肉', '鸡肉', '点心', '虾球', '豆腐']"
[],[],江浙菜,[],[],餐饮服务;中餐厅;综合酒楼,[],[],050101,0,[],拱墅区,[],0571-87076789,B023B089H4,延安路447号浙江饭店2-3楼(近凤起路),[],浙江省,diner,杭州市,[],"东坡肉,龙井虾仁,西湖醋鱼皇,叫花鸡,宋嫂鱼羹,干炸响铃,小笼包,天香酱鸭,榴莲酥,西湖糖藕,西湖莼菜汤,秘制熏鱼,杭州桂花年糕,虾爆鳝背,片儿川,牛肉,酸菜鱼,点心,脆皮大肠,杭州卤鸭,东坡肉,干炸响铃,宋嫂鱼羹,杭州熏鱼,葱包烩,天香酱鸭,西湖莼菜汤,虾爆鳝背,定胜糕,片儿川",天香楼(延安路店),"120.163316,30.263389",[],[],[],,,TRUE,TRUE,FALSE,FALSE,餐饮服务;中餐厅;综合酒楼,餐饮服务,中餐厅,"['东坡肉', '龙井虾仁', '西湖醋鱼皇', '叫花鸡', '宋嫂鱼羹', '干炸响铃', '小笼包', '天香酱鸭', '榴莲酥', '西湖糖藕', '西湖莼菜汤', '秘制熏鱼', '杭州桂花年糕', '虾爆鳝背', '片儿川', '牛肉', '酸菜鱼', '点心', '脆皮大肠', '杭州卤鸭', '东坡肉', '干炸响铃', '宋嫂鱼羹', '杭州熏鱼', '葱包烩', '天香酱鸭', '西湖莼菜汤', '虾爆鳝背', '定胜糕', '片儿川']"
[],[],江浙菜,[],[],餐饮服务;中餐厅;浙江菜,[],[],050106,0,[],上城区,[],0571-86977817,B0LAORMGUE,西湖街道圣塘景区2号-1,[],浙江省,diner,杭州市,[],双人餐,绿茶餐厅(三潭印月·西湖总店),"120.157824,30.257779",[],[],[],,,TRUE,TRUE,FALSE,FALSE,餐饮服务;中餐厅;浙江菜,餐饮服务,中餐厅,['双人餐']
B023B13L9M,[],中餐,[],[],餐饮服务;中餐厅;中餐厅,[],[],050100,0,[],上城区,[],0571-87921117;0571-87922227,B0FFGAQZD8,虎玉路9号,[],浙江省,diner,杭州市,301,"龙井虾仁,西湖醋鱼皇,干炸响铃,东坡肉,松子鲈鱼,手撕香酥鸭,虾爆鳝背,定胜糕,杭三鲜,宋嫂鱼羹,酱香牛肋骨,小笼包,九曲茶香鸡,油闷春笋,杭州酱鸭,家常菜,虾仁,豆腐,胡辣汤,鸡汤,堂食,红烧肉",中国杭帮菜博物馆(虎玉路店),"120.142503,30.207933",[],[],[],,,TRUE,TRUE,FALSE,FALSE,餐饮服务;中餐厅;中餐厅,餐饮服务,中餐厅,"['龙井虾仁', '西湖醋鱼皇', '干炸响铃', '东坡肉', '松子鲈鱼', '手撕香酥鸭', '虾爆鳝背', '定胜糕', '杭三鲜', '宋嫂鱼羹', '酱香牛肋骨', '小笼包', '九曲茶香鸡', '油闷春笋', '杭州酱鸭', '家常菜', '虾仁', '豆腐', '胡辣汤', '鸡汤', '堂食', '红烧肉']"
B0G0DS7HE6,[],江浙菜,[],[],餐饮服务;中餐厅;中餐厅,[],[],050100,0,[],拱墅区,[],18158111119,B0J19X7PVK,和平德信中心6幢南楼201室,[],浙江省,diner,杭州市,202,"白胡椒猪肚鸡,八宝酱丁,家烧大陈黄鱼,富贵连连桂鱼捞粉,酒酿馒头红烧肉,响油鳝丝,鲍鱼烧猪脚,脆皮大肠头,脆皮大肠,熟醉沼虾,石锅虾仁豆腐,本帮酥鱼,双人餐,私房菜,红烧肉",四灶儿·地道杭帮菜(和平德信店),"120.169383,30.297212",[],[],[],,,TRUE,TRUE,FALSE,FALSE,餐饮服务;中餐厅;中餐厅,餐饮服务,中餐厅,"['白胡椒猪肚鸡', '八宝酱丁', '家烧大陈黄鱼', '富贵连连桂鱼捞粉', '酒酿馒头红烧肉', '响油鳝丝', '鲍鱼烧猪脚', '脆皮大肠头', '脆皮大肠', '熟醉沼虾', '石锅虾仁豆腐', '本帮酥鱼', '双人餐', '私房菜', '红烧肉']"
[],[],中餐,[],[],餐饮服务;中餐厅;中餐厅,[],[],050100,0,[],西湖区,[],15382382265,B0K35AAKAK,宝石山下二弄2-6号5幢-1号,[],浙江省,diner,杭州市,[],"叫花鸡,西湖藕粉,招牌西湖醋鱼,牛肉,虾仁,叫化童鸡,鸡肉,古法东坡肉配酒酿馒头,西湖桂花藕粉",宴湖小馆,"120.152262,30.261212",[],[],[],,,TRUE,TRUE,FALSE,FALSE,餐饮服务;中餐厅;中餐厅,餐饮服务,中餐厅,"['叫花鸡', '西湖藕粉', '招牌西湖醋鱼', '牛肉', '虾仁', '叫化童鸡', '鸡肉', '古法东坡肉配酒酿馒头', '西湖桂花藕粉']"
B0FFH15AT3,[],江浙菜,[],[],餐饮服务;中餐厅;中餐厅,[],[],050100,0,[],拱墅区,[],0571-88115315,B0KKVUMI1H,武林街道环城西路28-13号(温德姆酒店楼下近西湖武林夜市),[],浙江省,diner,杭州市,202,"龙井虾仁,私房土烧鱼头,东坡肉,融合菜,桂花糕,西湖牛肉羹,西湖醋鱼,龙井虾仁,桂花红枣米糕,东坡肉,西湖藕粉",印湖杭味·创意杭帮菜(西湖店),"120.158492,30.262382",[],[],[],,,TRUE,TRUE,FALSE,FALSE,餐饮服务;中餐厅;中餐厅,餐饮服务,中餐厅,"['龙井虾仁', '私房土烧鱼头', '东坡肉', '融合菜', '桂花糕', '西湖牛肉羹', '西湖醋鱼', '龙井虾仁', '桂花红枣米糕', '东坡肉', '西湖藕粉']"
B023B0BDGD,[],江浙菜,[],[],餐饮服务;中餐厅;综合酒楼,[],[],050101,0,[],拱墅区,[],0571-88250808,B023B16BIV,大兜路142号,[],浙江省,diner,杭州市,302,"椒麻鸡,孜然菠菜,卤鸡爪,酸辣包心菜,土豆酸菜炖牛肉,桂花糖年糕,咖喱虾,黄鱼馄饨,辣炒花蛤,葱烧大排,糖醋油条,茄子大肠煲,大鱼吃小鱼,三杯鸡,墨鱼红烧肉,鸡肉,秘制卤鸭,双人餐",江南驿·二十余年创意杭帮味(运河店),"120.145384,30.298710",[],[],[],,,TRUE,TRUE,FALSE,FALSE,餐饮服务;中餐厅;综合酒楼,餐饮服务,中餐厅,"['椒麻鸡', '孜然菠菜', '卤鸡爪', '酸辣包心菜', '土豆酸菜炖牛肉', '桂花糖年糕', '咖喱虾', '黄鱼馄饨', '辣炒花蛤', '葱烧大排', '糖醋油条', '茄子大肠煲', '大鱼吃小鱼', '三杯鸡', '墨鱼红烧肉', '鸡肉', '秘制卤鸭', '双人餐']"
[],[],杭帮菜,[],[],餐饮服务;中餐厅;浙江菜,[],[],050106,0,[],上城区,[],19012776520,B0LDY6GIJ2,湖滨街道长生路33号,[],浙江省,diner,杭州市,[],"东坡肉,不老里下饭菜,干煎带鱼,西湖醋鱼(黄笋壳鱼),马蹄炒芦笋,蒜蓉开背虾,双人餐",不老里·杭州本地菜(西湖长生路店),"120.163097,30.257056",[],[],[],,,TRUE,TRUE,FALSE,FALSE,餐饮服务;中餐厅;浙江菜,餐饮服务,中餐厅,"['东坡肉', '不老里下饭菜', '干煎带鱼', '西湖醋鱼(黄笋壳鱼)', '马蹄炒芦笋', '蒜蓉开背虾', '双人餐']"
B0FFJRBZLA,[],海鲜,[],[],餐饮服务;中餐厅;海鲜酒楼|住宿服务;宾馆酒店;宾馆酒店,[],[],050119|100100,0,[],滨江区,[],0571-87171197;15669925788;18106585677,B0FFJRHZTY,滨盛路1766号星光大道二期5楼,[],浙江省,diner,杭州市,201,"一品香芋煲,豉汁排骨,凤爪,三杯鸡,刺猬包,烧腊粥,海鲜蒸锅,冬菜蒸笋,酸菜炖肚条,三文鱼拼赤贝,养颜冰草,刺身象拔蚌拼三文鱼,东北酸菜肚条,五香牛腱子,刺身三文鱼拼赤贝,鸡肉,双人餐,牛肉",德悦海鲜·包厢宴会(杭州滨江店),"120.206897,30.210998",[],[],[],,,TRUE,TRUE,FALSE,FALSE,餐饮服务;中餐厅;海鲜酒楼,餐饮服务,中餐厅,"['一品香芋煲', '豉汁排骨', '凤爪', '三杯鸡', '刺猬包', '烧腊粥', '海鲜蒸锅', '冬菜蒸笋', '酸菜炖肚条', '三文鱼拼赤贝', '养颜冰草', '刺身象拔蚌拼三文鱼', '东北酸菜肚条', '五香牛腱子', '刺身三文鱼拼赤贝', '鸡肉', '双人餐', '牛肉']"
[],[],江浙菜,[],[],餐饮服务;中餐厅;中餐厅,[],[],050100,0,[],上城区,[],0571-86052526;13507337831,B0KBYZ7285,高银街143-145号,[],浙江省,diner,杭州市,[],"私房土烧鱼头,宋韵神仙鸡煲,松鼠鲈鱼,冰淇淋烤布蕾,桂花红枣米糕,笋干老鸭煲,小炒笋衣,爆辣肥肠,东坡肉,龙井虾仁,秘制烤肉（酥不烂烤肉）,叫花鸡,宋嫂鱼羹,西湖醋鱼,吊烤脆皮鸡,麻辣馋嘴蛙,西湖边性价比杭帮菜菜馆,葱油鲈鱼,小炒黄牛肉,西湖牛肉羹,柠檬酸汤活鲈鱼,油爆大虾,龙井虾仁,东坡肉,西湖牛肉羹,叫化童鸡,家常菜,双人餐,葱包烩,西湖醋鱼,叫花鸡,牛肉,豆腐,鸡肉,桂花红枣米糕,桂花糕",印湖·老底子杭帮菜(河坊街店),"120.167375,30.240536",[],[],[],,,TRUE,TRUE,FALSE,FALSE,餐饮服务;中餐厅;中餐厅,餐饮服务,中餐厅,"['私房土烧鱼头', '宋韵神仙鸡煲', '松鼠鲈鱼', '冰淇淋烤布蕾', '桂花红枣米糕', '笋干老鸭煲', '小炒笋衣', '爆辣肥肠', '东坡肉', '龙井虾仁', '秘制烤肉（酥不烂烤肉）', '叫花鸡', '宋嫂鱼羹', '西湖醋鱼', '吊烤脆皮鸡', '麻辣馋嘴蛙', '西湖边性价比杭帮菜菜馆', '葱油鲈鱼', '小炒黄牛肉', '西湖牛肉羹', '柠檬酸汤活鲈鱼', '油爆大虾', '龙井虾仁', '东坡肉', '西湖牛肉羹', '叫化童鸡', '家常菜', '双人餐', '葱包烩', '西湖醋鱼', '叫花鸡', '牛肉', '豆腐', '鸡肉', '桂花红枣米糕', '桂花糕']"
B0FFHFM5DN,[],江浙菜,[],[],餐饮服务;中餐厅;海鲜酒楼|餐饮服务;中餐厅;浙江菜,[],[],050119|050106,0,[],滨江区,[],0571-89902777;16657045668,B0FFIQI1ES,西兴路399号玲珑府3幢51号,[],浙江省,diner,杭州市,202,"鲍汁猪三宝,金牌澳洲牛肋骨,古法红烧钱塘江鲈鱼,鲍参翅肚羹,鲜露杭椒蒸江白条,特制笋干菜煨钱塘江鲈鱼,钱塘江白条干,砂锅枸杞焗兰州百,油淋脆皮卤大肠,山泉菜蒲头灼鲜虾,手工干菜蒸江鱼钩,铁板牛仔骨,红汤滋补炖甲鱼,手打脆皮年糕,湘味澳舌毛血旺,清蒸白条,手工干菜蒸江鳗,椒麻盐水乳鸽,宫廷文火神仙鸡,蒸蒸日上,滨安鳝鱼绿豆面,西兴臭豆腐拼手工,陈年金华火腿蒸水,手工干菜焖时令笋,金华火腿蒸江鳗,毛血旺,点心,单人餐,西兴臭豆腐拼手工春卷",新滨安·钱塘江鲜·萧山菜·杭帮菜名店(滨江店),"120.226090,30.182768",[],[],[],,,TRUE,TRUE,FALSE,FALSE,餐饮服务;中餐厅;海鲜酒楼,餐饮服务,中餐厅,"['鲍汁猪三宝', '金牌澳洲牛肋骨', '古法红烧钱塘江鲈鱼', '鲍参翅肚羹', '鲜露杭椒蒸江白条', '特制笋干菜煨钱塘江鲈鱼', '钱塘江白条干', '砂锅枸杞焗兰州百', '油淋脆皮卤大肠', '山泉菜蒲头灼鲜虾', '手工干菜蒸江鱼钩', '铁板牛仔骨', '红汤滋补炖甲鱼', '手打脆皮年糕', '湘味澳舌毛血旺', '清蒸白条', '手工干菜蒸江鳗', '椒麻盐水乳鸽', '宫廷文火神仙鸡', '蒸蒸日上', '滨安鳝鱼绿豆面', '西兴臭豆腐拼手工', '陈年金华火腿蒸水', '手工干菜焖时令笋', '金华火腿蒸江鳗', '毛血旺', '点心', '单人餐', '西兴臭豆腐拼手工春卷']"
B023B082T5,[],江浙菜,[],[],餐饮服务;中餐厅;浙江菜,[],[],050106,0,[],上城区,[],0571-87676896,B0FFKFB2NI,南山路147号3A号,[],浙江省,diner,杭州市,302,"鸿运包头鱼,薄饼豉油肉,吃了还想吃的老鸭煲,汤品,徽州臭鳜鱼,黑松露酱虾球,西湖醋鱼,下午茶,奶油,虾仁,鸡肉,小炒黄牛肉,豆腐,黄油,牛肉,龙井虾仁",杭百味·湖景杭帮菜(西湖店),"120.159341,30.246503",[],[],[],,,TRUE,TRUE,FALSE,FALSE,餐饮服务;中餐厅;浙江菜,餐饮服务,中餐厅,"['鸿运包头鱼', '薄饼豉油肉', '吃了还想吃的老鸭煲', '汤品', '徽州臭鳜鱼', '黑松露酱虾球', '西湖醋鱼', '下午茶', '奶油', '虾仁', '鸡肉', '小炒黄牛肉', '豆腐', '黄油', '牛肉', '龙井虾仁']"
[],[],杭帮菜,[],[],餐饮服务;中餐厅;中餐厅,[],[],050100,0,[],上城区,[],0571-87799166,B0K6JSXOAC,平海路78号2层(龙翔桥地铁站D口步行70米),[],浙江省,diner,杭州市,[],"双人餐,江南桂花米糕,叫花鸡,东坡肉,龙井虾仁,西湖醋鱼,叫化童鸡,桂花糕",吴记·寻味江南,"120.165206,30.254370",[],[],[],,,TRUE,TRUE,FALSE,FALSE,餐饮服务;中餐厅;中餐厅,餐饮服务,中餐厅,"['双人餐', '江南桂花米糕', '叫花鸡', '东坡肉', '龙井虾仁', '西湖醋鱼', '叫化童鸡', '桂花糕']"
B0FFFCMNZQ,[],江浙菜,[],[],餐饮服务;中餐厅;中餐厅,[],[],050100,0,[],余杭区,[],18858310727,B0FFLLBMIP,五常街道访溪路66号,[],浙江省,diner,杭州市,302,"蟹粉小笼,云雾秘制醉大头虾,波士顿龙虾,黑蒜素双包,四季蟹粉狮子头,自制酒酿馒头,自贡鲜辣跳跳蛙,云雾鸳鸯龙井虾仁,南宋蟹酿橙,文火小牛肉蔬菜馍,东海大黄鱼,李白蒸湖蟹,青椒麻乳鸽,现焖泰香蟹黄捞饭,湘味黄椒吊龙,大漠风沙烤羊排,蟹粉烩鸡头米,李白招牌烤鸭,花雕红烧肉酱蛋,李白手工生煎包,大陈黄鱼烧年糕,金牌扣肉拼酒酿馒头,海胆洋水白豆腐,煲仔荔浦香芋,云南松茸汽锅鸡,泉水浸牛肉,山核桃牛仔粒,小炒牛肝菌,香煎青膏蟹,椒香鸡汁大白条,双人餐,烤鸭,牛肉,蟹粉豆腐,北京烤鸭,螃蟹",李白图书馆餐厅?杭帮菜名店(西溪湿地店),"120.047748,30.275877",[],[],[],,,TRUE,TRUE,FALSE,FALSE,餐饮服务;中餐厅;中餐厅,餐饮服务,中餐厅,"['蟹粉小笼', '云雾秘制醉大头虾', '波士顿龙虾', '黑蒜素双包', '四季蟹粉狮子头', '自制酒酿馒头', '自贡鲜辣跳跳蛙', '云雾鸳鸯龙井虾仁', '南宋蟹酿橙', '文火小牛肉蔬菜馍', '东海大黄鱼', '李白蒸湖蟹', '青椒麻乳鸽', '现焖泰香蟹黄捞饭', '湘味黄椒吊龙', '大漠风沙烤羊排', '蟹粉烩鸡头米', '李白招牌烤鸭', '花雕红烧肉酱蛋', '李白手工生煎包', '大陈黄鱼烧年糕', '金牌扣肉拼酒酿馒头', '海胆洋水白豆腐', '煲仔荔浦香芋', '云南松茸汽锅鸡', '泉水浸牛肉', '山核桃牛仔粒', '小炒牛肝菌', '香煎青膏蟹', '椒香鸡汁大白条', '双人餐', '烤鸭', '牛肉', '蟹粉豆腐', '北京烤鸭', '螃蟹']"
[],[],杭帮菜,[],[],餐饮服务;中餐厅;中餐厅,[],[],050100,0,[],上城区,[],19975270516,B0JBAK9UXX,学士路91号(龙翔桥地铁站B口步行230米),[],浙江省,diner,杭州市,[],"双人餐,鸡肉,叫化童鸡,叫花鸡,西湖醋鱼,东坡肉",望湖小馆,"120.161196,30.255526",[],[],[],,,TRUE,TRUE,FALSE,FALSE,餐饮服务;中餐厅;中餐厅,餐饮服务,中餐厅,"['双人餐', '鸡肉', '叫化童鸡', '叫花鸡', '西湖醋鱼', '东坡肉']"
[],[],江浙菜,[],[],餐饮服务;餐饮相关场所;餐饮相关,[],[],050000,0,[],钱塘区,[],0571-87968977;18106569467,B0KU7A3HVY,下沙街道海达南路783号金沙湖休闲步行街北楼102室、201室,[],浙江省,diner,杭州市,[],"老鸭馄饨煲,虾和牛蛙的故事,东坡香芋煲,家烧东海小鲜,时令鲜甜豆,方师傅红烧肉,传统卤鹅,熏鱼,煲汤,老豆腐",東大方(杭州金沙湖店),"120.318416,30.308650",[],[],[],,,TRUE,TRUE,FALSE,FALSE,餐饮服务;餐饮相关场所;餐饮相关,餐饮服务,餐饮相关场所,"['老鸭馄饨煲', '虾和牛蛙的故事', '东坡香芋煲', '家烧东海小鲜', '时令鲜甜豆', '方师傅红烧肉', '传统卤鹅', '熏鱼', '煲汤', '老豆腐']"
[],[],江浙菜,[],[],餐饮服务;中餐厅;中餐厅,[],[],050100,0,[],上城区,[],0571-87228377,B0K1T6TDHF,高银街151号(吴山广场地铁站D口步行340米),[],浙江省,diner,杭州市,[],"紫苏鲈鱼,老鸭汤,陈年花雕熟醉虾,手抓羊排,油爆虾,叫花鸡,松子桂鱼,梅干菜蒸江鳗,黑松露香米波斯龙,酱香金钱腱,脆皮大肠,钱江大白条,招牌豉油虾,泉水牛腱子,雪花牛肉冰淇淋,祖母酱汁小牛肉,古法东坡肉,双人餐,私房菜,西湖醋鱼,西湖牛肉羹",杭小厨·地道杭帮菜(河坊街店),"120.167264,30.240582",[],[],[],,,TRUE,TRUE,FALSE,FALSE,餐饮服务;中餐厅;中餐厅,餐饮服务,中餐厅,"['紫苏鲈鱼', '老鸭汤', '陈年花雕熟醉虾', '手抓羊排', '油爆虾', '叫花鸡', '松子桂鱼', '梅干菜蒸江鳗', '黑松露香米波斯龙', '酱香金钱腱', '脆皮大肠', '钱江大白条', '招牌豉油虾', '泉水牛腱子', '雪花牛肉冰淇淋', '祖母酱汁小牛肉', '古法东坡肉', '双人餐', '私房菜', '西湖醋鱼', '西湖牛肉羹']"
B023B06P06,[],杭帮菜,[],[],餐饮服务;餐饮相关场所;餐饮相关|体育休闲服务;体育休闲服务场所;体育休闲服务场所,[],[],050000|080000,0,[],西湖区,[],13967171009,B0FFKN273M,西溪国家湿地公园内河渚街C1-31号,[],浙江省,diner,杭州市,302,"香茅咖喱大虾配芝麻法棍,芙蓉泰国大虾菇,手拆大闸蟹麻婆豆腐,金枕榴莲夜香花泉水汤一位,海肠捞饭,大波龙川香辣子鸡一斤,米汤花胶拆骨土鸡,单人餐,私房菜,双人餐,海肠捞饭",西隐,"120.069939,30.271543",[],[],[],,,TRUE,TRUE,FALSE,FALSE,餐饮服务;餐饮相关场所;餐饮相关,餐饮服务,餐饮相关场所,"['香茅咖喱大虾配芝麻法棍', '芙蓉泰国大虾菇', '手拆大闸蟹麻婆豆腐', '金枕榴莲夜香花泉水汤一位', '海肠捞饭', '大波龙川香辣子鸡一斤', '米汤花胶拆骨土鸡', '单人餐', '私房菜', '双人餐', '海肠捞饭']"
B023B1DIOC,[],杭帮菜,[],[],餐饮服务;中餐厅;中餐厅,[],[],050100,0,[],上城区,[],13735490073,B0FFK16OHC,延安路251-1号湖滨银泰B区1层沿街(鲍师傅旁),[],浙江省,diner,杭州市,202,"泉水牛腱,椒麻三件,龙井虾仁,招牌菜,老鸭煲,九层塔咖喱大虾,鲍鱼红烧肉,古法葱油东海黄鱼,海胆八宝豆腐,鱼鲜浓汤娃娃菜,双人餐,虾仁,叫化童鸡,片儿川,龙井虾仁,叫花鸡,宋嫂鱼羹,甄选东坡肉,西湖牛肉羹,西湖醋鱼",江浙荟(杭州湖滨in77店),"120.163811,30.254879",[],[],[],,,TRUE,TRUE,FALSE,FALSE,餐饮服务;中餐厅;中餐厅,餐饮服务,中餐厅,"['泉水牛腱', '椒麻三件', '龙井虾仁', '招牌菜', '老鸭煲', '九层塔咖喱大虾', '鲍鱼红烧肉', '古法葱油东海黄鱼', '海胆八宝豆腐', '鱼鲜浓汤娃娃菜', '双人餐', '虾仁', '叫化童鸡', '片儿川', '龙井虾仁', '叫花鸡', '宋嫂鱼羹', '甄选东坡肉', '西湖牛肉羹', '西湖醋鱼']"
[],[],杭帮菜,[],[],餐饮服务;餐饮相关场所;餐饮相关,[],[],050000,0,[],萧山区,[],0571-82378805,B0I6BZEJZE,城厢街道滨康路55号1幢1层101-7,[],浙江省,diner,杭州市,[],"蒜蓉粉丝鱿鱼,牛气冲天,土烧千岛湖大鱼头,薄饼烤肉,土鸡烧甲鱼,神仙鸡,鱼头,羊肉,豆腐,酸菜鱼,农家菜,小炒肉,小炒黄牛肉,油条,牛肉,羊排,羊肉串,鸡爪,鸡肉,鸭头,富春笋干老鸭煲",桐湾大院·桐庐菜·夜宵烧烤(滨康路店),"120.227812,30.181526",[],[],[],,,TRUE,TRUE,FALSE,FALSE,餐饮服务;餐饮相关场所;餐饮相关,餐饮服务,餐饮相关场所,"['蒜蓉粉丝鱿鱼', '牛气冲天', '土烧千岛湖大鱼头', '薄饼烤肉', '土鸡烧甲鱼', '神仙鸡', '鱼头', '羊肉', '豆腐', '酸菜鱼', '农家菜', '小炒肉', '小炒黄牛肉', '油条', '牛肉', '羊排', '羊肉串', '鸡爪', '鸡肉', '鸭头', '富春笋干老鸭煲']"
B023B06Y8J,[],江浙菜,[],[],餐饮服务;中餐厅;中餐厅,[],[],050100,0,[],西湖区,[],18867141188,B0FFI5RZMY,教工路2号(与天目山路交叉口),[],浙江省,diner,杭州市,202,"伊家烤鸭,特色牛肋骨,鲍汁扒原只黄花胶,龙井虾仁,元宝虾,双人餐,龙井虾仁",伊家鲜·经典杭帮菜(黄龙店),"120.136819,30.271778",[],[],[],,,TRUE,TRUE,FALSE,FALSE,餐饮服务;中餐厅;中餐厅,餐饮服务,中餐厅,"['伊家烤鸭', '特色牛肋骨', '鲍汁扒原只黄花胶', '龙井虾仁', '元宝虾', '双人餐', '龙井虾仁']"
[],[],江浙菜,[],[],餐饮服务;中餐厅;中餐厅,[],[],050100,0,[],拱墅区,[],0571-88753977,B0FFJO3FUO,延安路346号,[],浙江省,diner,杭州市,[],"特色菜,豆腐,农家菜,料理,红烧肉",東大方(杭州延安路店),"120.164106,30.260478",[],[],[],,,TRUE,TRUE,FALSE,FALSE,餐饮服务;中餐厅;中餐厅,餐饮服务,中餐厅,"['特色菜', '豆腐', '农家菜', '料理', '红烧肉']"
[],[],江浙菜,[],[],餐饮服务;中餐厅;中餐厅,[],[],050100,0,[],上城区,[],0571-85282883,B0H0FZKN6I,吴山路158-1号龙翔桥地铁站D口左侧(工联CC肯德基对面),[],浙江省,diner,杭州市,[],"招牌豉油虾,松子桂鱼,叫花鸡,脆皮大肠,紫苏鲈鱼,老鸭汤,私房桂鱼煲,油爆虾,双人餐,私房菜,龙井虾仁,脆皮大肠,东坡肉",杭小厨·地道杭帮菜(湖滨店),"120.165201,30.254525",[],[],[],,,TRUE,TRUE,FALSE,FALSE,餐饮服务;中餐厅;中餐厅,餐饮服务,中餐厅,"['招牌豉油虾', '松子桂鱼', '叫花鸡', '脆皮大肠', '紫苏鲈鱼', '老鸭汤', '私房桂鱼煲', '油爆虾', '双人餐', '私房菜', '龙井虾仁', '脆皮大肠', '东坡肉']"
B023B06X2W,[],本地鸡窝火锅,[],[],餐饮服务;中餐厅;火锅店,[],[],050117,0,[],上城区,[],0571-87065051,B023B080A6,邮电路23号(近浣纱路)浙江长城资产大1楼23-1室,[],浙江省,diner,杭州市,202,"本地鸡,土鸡补差,滋补榴莲鸡,虾滑,千张结,油条,生菜,油面筋,乌鸡补差,酸梅汁,羊肉卷,土鸡鸡窝,农家年糕,本鸡火锅,蘸料,鸡肉",一席地·本地鸡窝(邮电路店),"120.167109,30.251620",[],[],[],,,TRUE,TRUE,FALSE,FALSE,餐饮服务;中餐厅;火锅店,餐饮服务,中餐厅,"['本地鸡', '土鸡补差', '滋补榴莲鸡', '虾滑', '千张结', '油条', '生菜', '油面筋', '乌鸡补差', '酸梅汁', '羊肉卷', '土鸡鸡窝', '农家年糕', '本鸡火锅', '蘸料', '鸡肉']"
B0FFLH9F7T,[],江浙菜,[],[],餐饮服务;中餐厅;中餐厅,[],[],050100,0,[],上城区,[],0571-87077737,B0GKUGFPS3,东宁路东站万象汇L2层L223号,[],浙江省,diner,杭州市,202,"绿茶炒饭,蒜香蜜汁排骨,鲜肉红油抄手,绿茶酸奶,石锅鸡汤豆腐,绿茶葱香烤肉,面包诱惑,绿茶饼,糖醋里脊,绿茶葱香烤鸡,龙井虾仁,招牌粉丝裹虾,小锅土豆,绿茶烤鸡,排骨,炒饭,红烧肉,酸菜鱼,烤肉,烤鸡,鸡肉,烤鸭,牛肉,虾仁,豆腐",绿茶餐厅(杭州东站万象汇店),"120.217725,30.293504",[],[],[],,,TRUE,TRUE,FALSE,FALSE,餐饮服务;中餐厅;中餐厅,餐饮服务,中餐厅,"['绿茶炒饭', '蒜香蜜汁排骨', '鲜肉红油抄手', '绿茶酸奶', '石锅鸡汤豆腐', '绿茶葱香烤肉', '面包诱惑', '绿茶饼', '糖醋里脊', '绿茶葱香烤鸡', '龙井虾仁', '招牌粉丝裹虾', '小锅土豆', '绿茶烤鸡', '排骨', '炒饭', '红烧肉', '酸菜鱼', '烤肉', '烤鸡', '鸡肉', '烤鸭', '牛肉', '虾仁', '豆腐']"
B023B06HYE,[],江浙菜,[],[],餐饮服务;中餐厅;中餐厅,[],[],050100,0,[],上城区,[],0571-87803978,B0FFL3B9WC,小营街道庆春路149-1号,[],浙江省,diner,杭州市,202,"炒饭,胡辣汤,芝士,虾仁,麻婆豆腐,夫妻肺片,糖醋里脊,东坡肉,酸梅汤,干炸响铃,西湖醋鱼",杭州酒家(庆春路店),"120.173026,30.257647",[],[],[],,,TRUE,TRUE,FALSE,FALSE,餐饮服务;中餐厅;中餐厅,餐饮服务,中餐厅,"['炒饭', '胡辣汤', '芝士', '虾仁', '麻婆豆腐', '夫妻肺片', '糖醋里脊', '东坡肉', '酸梅汤', '干炸响铃', '西湖醋鱼']"
[],[],杭帮菜,[],[],餐饮服务;中餐厅;中餐厅,[],[],050100,0,[],上城区,[],0571-87035899;18156457778,B0JKUHLVPL,高银街47-49号二楼,[],浙江省,diner,杭州市,[],"西湖醋鱼,龙井虾仁,杭州叫花鸡,一品东坡肉,脆皮大肠,叫化童鸡,双人餐,私房菜",新刘记·杭帮菜·私房菜,"120.170306,30.240601",[],[],[],,,TRUE,TRUE,FALSE,FALSE,餐饮服务;中餐厅;中餐厅,餐饮服务,中餐厅,"['西湖醋鱼', '龙井虾仁', '杭州叫花鸡', '一品东坡肉', '脆皮大肠', '叫化童鸡', '双人餐', '私房菜']"
[],[],江浙菜,[],[],餐饮服务;餐饮相关场所;餐饮相关,[],[],050000,0,[],拱墅区,[],15958163655,B0KK4UWUBH,春蓝支路88号中豪希尔顿欢朋酒店3-4楼,[],浙江省,diner,杭州市,[],"油条虾仁,十五年陈皮烧甲鱼,鳝丝,金华两头乌红烧肉,果木烤鸭,松叶蟹,黄贡椒蒸白条,东坡肉配酒酿馒头,双人餐",東喜記·杭帮菜·西湖醋鱼(拱墅店),"120.180357,30.345451",[],[],[],,,TRUE,TRUE,FALSE,FALSE,餐饮服务;餐饮相关场所;餐饮相关,餐饮服务,餐饮相关场所,"['油条虾仁', '十五年陈皮烧甲鱼', '鳝丝', '金华两头乌红烧肉', '果木烤鸭', '松叶蟹', '黄贡椒蒸白条', '东坡肉配酒酿馒头', '双人餐']"
B023B06OT2,[],江浙菜,[],[],餐饮服务;中餐厅;浙江菜,[],[],050106,0,[],上城区,[],0571-87071883,B023B09VBW,庆春路237号西湖国贸中心北门龙翔桥地铁一号线b口出来450米,[],浙江省,diner,杭州市,202,"脆皮大肠,雪花牛肉冰淇淋,祖母酱汁小牛肉,油爆虾,紫苏鲈鱼,老鸭汤,陈年花雕熟醉虾,手抓羊排,松子桂鱼,叫花鸡,梅干菜蒸江鳗,黑松露香米波斯龙,酱香金钱腱,牛肉,虾仁,龙井虾仁,脆皮大肠,西湖牛肉羹,叫化童鸡,东坡肉,叫花鸡,双人餐,鸡肉,家常菜",外婆烧.杭帮菜(西湖店),"120.160051,30.257933",[],[],[],,,TRUE,TRUE,FALSE,FALSE,餐饮服务;中餐厅;浙江菜,餐饮服务,中餐厅,"['脆皮大肠', '雪花牛肉冰淇淋', '祖母酱汁小牛肉', '油爆虾', '紫苏鲈鱼', '老鸭汤', '陈年花雕熟醉虾', '手抓羊排', '松子桂鱼', '叫花鸡', '梅干菜蒸江鳗', '黑松露香米波斯龙', '酱香金钱腱', '牛肉', '虾仁', '龙井虾仁', '脆皮大肠', '西湖牛肉羹', '叫化童鸡', '东坡肉', '叫花鸡', '双人餐', '鸡肉', '家常菜']"
[],[],杭帮菜,[],[],餐饮服务;餐饮相关场所;餐饮相关,[],[],050000,0,[],上城区,[],0571-87781777;13580909606;15397011772,B0L0YR7KNH,万松岭路106-2号,[],浙江省,diner,杭州市,[],"宇宙叉烧,花开富贵,叉烧",西湖一号(No.1 WEST LAKE),"120.156852,30.233193",[],[],[],,,TRUE,TRUE,FALSE,FALSE,餐饮服务;餐饮相关场所;餐饮相关,餐饮服务,餐饮相关场所,"['宇宙叉烧', '花开富贵', '叉烧']"
B023B14NK3,[],江浙菜,[],[],餐饮服务;中餐厅;中餐厅,[],[],050100,0,[],上城区,[],0571-87002788;15750707212,B023B17FPA,延安路98号银泰百货西湖店三层B区,[],浙江省,diner,杭州市,201,"面包诱惑,绿茶烤肉合拼,鱼头诱惑,火焰虾,绿茶烤鱼,绿茶烤鸡,手抓合合菜,牛肉诱惑,客家茄子煲,芝士焗时菌,招牌石锅沸腾饭,古法醋烧鸡,菠萝油条虾,石锅牛蛙,临安定胜糕,烤肉",绿茶餐厅(西湖银泰店),"120.164947,30.244565",[],[],[],,,TRUE,TRUE,FALSE,FALSE,餐饮服务;中餐厅;中餐厅,餐饮服务,中餐厅,"['面包诱惑', '绿茶烤肉合拼', '鱼头诱惑', '火焰虾', '绿茶烤鱼', '绿茶烤鸡', '手抓合合菜', '牛肉诱惑', '客家茄子煲', '芝士焗时菌', '招牌石锅沸腾饭', '古法醋烧鸡', '菠萝油条虾', '石锅牛蛙', '临安定胜糕', '烤肉']"
[],[],江浙菜,[],[],餐饮服务;中餐厅;中餐厅,[],[],050100,0,[],西湖区,[],0571-87031855,B0FFK9EC1J,宝石山下二弄2-6号4幢如家酒店斜对面,[],浙江省,diner,杭州市,[],"龙井虾仁,东坡肉,私房土烧鱼头,叫花鸡,西湖醋鱼,东坡肉,家常菜,豆腐,鸡肉,双人餐,小炒黄牛肉,牛肉,虾仁,龙井虾仁,叫化童鸡,西湖牛肉羹",印湖饭店·传承经典杭帮菜(西湖断桥店),"120.152303,30.261245",[],[],[],,,TRUE,TRUE,FALSE,FALSE,餐饮服务;中餐厅;中餐厅,餐饮服务,中餐厅,"['龙井虾仁', '东坡肉', '私房土烧鱼头', '叫花鸡', '西湖醋鱼', '东坡肉', '家常菜', '豆腐', '鸡肉', '双人餐', '小炒黄牛肉', '牛肉', '虾仁', '龙井虾仁', '叫化童鸡', '西湖牛肉羹']"
B023B06OT2,[],江浙菜,[],[],餐饮服务;中餐厅;中餐厅,[],[],050100,0,[],上城区,[],0571-86979887,B0I1XUMW7L,湖滨路55号,[],浙江省,diner,杭州市,202,"油爆虾,脆皮大肠,雪花牛肉冰淇淋,祖母酱汁小牛肉,老鸭汤,紫苏鲈鱼,陈年花雕熟醉虾,手抓羊排,叫花鸡,松子桂鱼,梅干菜蒸江鳗,黑松露香米波斯龙,酱香金钱腱,醋鱼,双人餐,私房菜,虾仁,西湖醋鱼",湖畔·私房菜·杭帮菜(湖滨店),"120.159607,30.257729",[],[],[],,,TRUE,TRUE,FALSE,FALSE,餐饮服务;中餐厅;中餐厅,餐饮服务,中餐厅,"['油爆虾', '脆皮大肠', '雪花牛肉冰淇淋', '祖母酱汁小牛肉', '老鸭汤', '紫苏鲈鱼', '陈年花雕熟醉虾', '手抓羊排', '叫花鸡', '松子桂鱼', '梅干菜蒸江鳗', '黑松露香米波斯龙', '酱香金钱腱', '醋鱼', '双人餐', '私房菜', '虾仁', '西湖醋鱼']"
B0FFJGF9IH,[],杭帮菜,[],[],餐饮服务;中餐厅;中餐厅,[],[],050100,0,[],西湖区,[],0571-87979889,B0FFI2T2FE,杨公堤18号西湖国宾馆8号楼,[],浙江省,diner,杭州市,202,"片儿川,红烧肉,东坡焖肉,排骨,鸡肉,西湖莼菜汤,定胜糕,宋嫂鱼羹,龙井虾仁,桂花糯米藕,西湖醋鱼,东坡肉",西湖国宾馆紫薇厅,"120.133019,30.234669",[],[],[],,,TRUE,TRUE,FALSE,FALSE,餐饮服务;中餐厅;中餐厅,餐饮服务,中餐厅,"['片儿川', '红烧肉', '东坡焖肉', '排骨', '鸡肉', '西湖莼菜汤', '定胜糕', '宋嫂鱼羹', '龙井虾仁', '桂花糯米藕', '西湖醋鱼', '东坡肉']"
[],[],江浙菜,[],[],餐饮服务;中餐厅;中餐厅,[],[],050100,0,[],西湖区,[],0571-85123318,B0FFJHKQAK,西溪路599号中纪委对面,[],浙江省,diner,杭州市,[],"火蹱炖豆腐,毛笋干扎肉,剁椒千岛湖鱼头,馒头,桂花年糕黄鱼卷,火腿烧笋干,脆皮大肠,猪手焖鲍鱼,白切线鸡,豉油大虾,酒酿蒸时鱼,北京烤鸭,年糕,烤鸭,鲍鱼,剁椒鱼头,蒸双臭,葱包烩,农家菜,羊肉,绍兴臭豆腐,毛笋烧肉",大宅院(西溪路),"120.092557,30.257620",[],[],[],,,TRUE,TRUE,FALSE,FALSE,餐饮服务;中餐厅;中餐厅,餐饮服务,中餐厅,"['火蹱炖豆腐', '毛笋干扎肉', '剁椒千岛湖鱼头', '馒头', '桂花年糕黄鱼卷', '火腿烧笋干', '脆皮大肠', '猪手焖鲍鱼', '白切线鸡', '豉油大虾', '酒酿蒸时鱼', '北京烤鸭', '年糕', '烤鸭', '鲍鱼', '剁椒鱼头', '蒸双臭', '葱包烩', '农家菜', '羊肉', '绍兴臭豆腐', '毛笋烧肉']"
B023B0AC37,[],江浙菜,[],[],餐饮服务;中餐厅;中餐厅,[],[],050100,0,[],萧山区,[],15397128078,B0IATSN3JJ,市心北路38-1号华瑞中心商铺1层,[],浙江省,diner,杭州市,202,"五彩炒雪芽,石锅牛肉雪花仔粒,脆皮牛肋骨,肉饼蒸蟹,蒜蓉波龙拼水晶饺,雪花极品,雪花牛籽粒,白灼黑虎虾,小炒辣子鸡,鲜莲拼马蹄脆莲藕,精品佛跳墙,风干肉蒸进化鸡,豉椒波龙虾丸子,荷塘小炒,小米辽参,马蹄红烧肉,和牛炒饭,香煎团圆饼,麻婆豆腐小青龙,三文鱼姿态,三文鱼,双人餐,牛肉",宴中海·二十年浙菜·萧山宴·市心北路店,"120.267467,30.195398",[],[],[],,,TRUE,TRUE,FALSE,FALSE,餐饮服务;中餐厅;中餐厅,餐饮服务,中餐厅,"['五彩炒雪芽', '石锅牛肉雪花仔粒', '脆皮牛肋骨', '肉饼蒸蟹', '蒜蓉波龙拼水晶饺', '雪花极品', '雪花牛籽粒', '白灼黑虎虾', '小炒辣子鸡', '鲜莲拼马蹄脆莲藕', '精品佛跳墙', '风干肉蒸进化鸡', '豉椒波龙虾丸子', '荷塘小炒', '小米辽参', '马蹄红烧肉', '和牛炒饭', '香煎团圆饼', '麻婆豆腐小青龙', '三文鱼姿态', '三文鱼', '双人餐', '牛肉']"
B023B082T5,[],中餐,[],[],餐饮服务;中餐厅;特色/地方风味餐厅,[],[],050118,0,[],上城区,[],13306711357,B0KK3UXAXO,寄畅兴江南蟹黄面南山路147号,[],浙江省,diner,杭州市,302,"单人餐,青提酒酿冰汤圆,双人餐",寄畅興·江南蟹黄面·非遗杭帮菜(西湖湖景店),"120.158182,30.246608",[],[],[],,,TRUE,TRUE,FALSE,FALSE,餐饮服务;中餐厅;特色/地方风味餐厅,餐饮服务,中餐厅,"['单人餐', '青提酒酿冰汤圆', '双人餐']"
B023B06OT2,[],江浙菜,[],[],餐饮服务;中餐厅;中餐厅,[],[],050100,0,[],上城区,[],0571-85185808,B0JK2HTEUB,长生路66号(西湖国贸靠停车场入口侧),[],浙江省,diner,杭州市,202,"西湖边性价比杭帮菜菜馆,宋韵神仙鸡煲,豆腐,牛肉,双人餐,烤肉,桂花糕,桂花红枣米糕,东坡肉,龙井虾仁,葱包烩,杭三鲜,西湖醋鱼",荷韵西子·老底子杭帮菜(西湖音乐喷泉店),"120.159851,30.257125",[],[],[],,,TRUE,TRUE,FALSE,FALSE,餐饮服务;中餐厅;中餐厅,餐饮服务,中餐厅,"['西湖边性价比杭帮菜菜馆', '宋韵神仙鸡煲', '豆腐', '牛肉', '双人餐', '烤肉', '桂花糕', '桂花红枣米糕', '东坡肉', '龙井虾仁', '葱包烩', '杭三鲜', '西湖醋鱼']"
B023B06P06,[],江浙菜,[],[],餐饮服务;中餐厅;特色/地方风味餐厅,[],[],050118,0,[],西湖区,[],17767052866,B0G1Y5UGG2,蒋墩路与文二西路交叉口西溪湿地北门福堤慢生活街区C1-20号,[],浙江省,diner,杭州市,302,"火焰烤虾,小镇面包,招牌私房鸡,小镇烤肉,小镇桂鱼,李时珍小炒,泰式香煎鲈鱼,泰式凤爪,招牌米椒鱼头,烤羊排,芝士焗番薯,干锅有机花菜,自制米酒,小镇私房汤,港味橙汁排骨,单人餐,双人餐,下午茶,鸡肉,私房菜",汝拉?西溪哩(西溪湿地福堤慢生活街区店),"120.071497,30.274398",[],[],[],,,TRUE,TRUE,FALSE,FALSE,餐饮服务;中餐厅;特色/地方风味餐厅,餐饮服务,中餐厅,"['火焰烤虾', '小镇面包', '招牌私房鸡', '小镇烤肉', '小镇桂鱼', '李时珍小炒', '泰式香煎鲈鱼', '泰式凤爪', '招牌米椒鱼头', '烤羊排', '芝士焗番薯', '干锅有机花菜', '自制米酒', '小镇私房汤', '港味橙汁排骨', '单人餐', '双人餐', '下午茶', '鸡肉', '私房菜']"
[],[],私房菜,[],[],餐饮服务;中餐厅;中餐厅,[],[],050100,0,[],上城区,[],15991114636,B0JALO42LG,西泠印社东门旁(吴山广场地铁站D口步行410米),[],浙江省,diner,杭州市,[],"特色菜,虾仁,龙井虾仁,西湖牛肉羹,叫化童鸡,双人餐,牛肉,私房菜,鸡肉,西湖醋鱼,脆皮大肠,脆片大肠,刘大厨小炒黄牛肉,杭州叫化鸡",杭小馆杭帮菜私房菜(河坊街店),"120.168161,30.240503",[],[],[],,,TRUE,TRUE,FALSE,FALSE,餐饮服务;中餐厅;中餐厅,餐饮服务,中餐厅,"['特色菜', '虾仁', '龙井虾仁', '西湖牛肉羹', '叫化童鸡', '双人餐', '牛肉', '私房菜', '鸡肉', '西湖醋鱼', '脆皮大肠', '脆片大肠', '刘大厨小炒黄牛肉', '杭州叫化鸡']"
B0L19UHETK,[],创意菜,[],[],餐饮服务;中餐厅;中餐厅,[],[],050100,0,[],滨江区,[],0571-56100802;19032219699,B0J0GD4FV5,滨康路CC流量谷北门D幢(独栋庭院/20人超大包厢/200个停车位),[],浙江省,diner,杭州市,202,"章丘葱烧猪手,西湖牛肉羹,椒麻澳舌脆毛肚,红烧宁夏滩羊,堂食,下午茶",十二月令·茶宴·庭院餐厅,"120.183243,30.183728",[],[],[],,,TRUE,TRUE,FALSE,FALSE,餐饮服务;中餐厅;中餐厅,餐饮服务,中餐厅,"['章丘葱烧猪手', '西湖牛肉羹', '椒麻澳舌脆毛肚', '红烧宁夏滩羊', '堂食', '下午茶']"
B023B13L9M,[],创意菜,[],[],餐饮服务;餐饮相关场所;餐饮相关,[],[],050000,0,[],西湖区,[],17328898897,B0KRBDW5T8,天竺路303号,[],浙江省,diner,杭州市,302,"拌饭,牛肉,鸡肉",元古·觀山,"120.103218,30.233421",[],[],[],,,TRUE,TRUE,FALSE,FALSE,餐饮服务;餐饮相关场所;餐饮相关,餐饮服务,餐饮相关场所,"['拌饭', '牛肉', '鸡肉']"
B0FFFCMNZQ,[],粤菜,[],[],餐饮服务;中餐厅;广东菜(粤菜),[],[],050103,0,[],余杭区,[],0571-86113677;17376583677,B0I0AC88HB,西溪湿地访溪路邬家湾街18号,[],浙江省,diner,杭州市,302,"砂窝双黄鱼,炭烧战斧牛排,厚煎牛小排,炭烤牛小排,岭南虾饺皇,下午茶,双人餐,黑松露鹅肝煲仔饭",吾庐有闲,"120.049258,30.269393",[],[],[],,,TRUE,TRUE,FALSE,FALSE,餐饮服务;中餐厅;广东菜(粤菜),餐饮服务,中餐厅,"['砂窝双黄鱼', '炭烧战斧牛排', '厚煎牛小排', '炭烤牛小排', '岭南虾饺皇', '下午茶', '双人餐', '黑松露鹅肝煲仔饭']"
[],[],江浙菜,[],[],餐饮服务;中餐厅;中餐厅,[],[],050100,0,[],西湖区,[],0571-87070777,B0FFJ6620Q,杭大路2号杭州黄龙饭店西门,[],浙江省,diner,杭州市,[],"沸腾东星斑,蒜香东山小管,鹅肝酱配葱油饼,版纳树番茄配临安山核桃,毛豆炒大白蟹,黑松露素菜饺,杭州小笼,脆皮松板肉,脆皮鸡,陈皮冬瓜煮油蛤,豆腐虾多士,玻璃片,招牌红烧肉,清炒蟹粉,浓香菜饭,柿柿如意（时令）,秘制猪手,麻婆豆腐烧龙虾,鸡油白灼螺片,本地酸菜炒高山美女豆,瑶柱银芽炒松叶蟹,秘制叉烧骨,毛筍乾小牛肉,慢煮鲜带子,干炸东海带鱼,麻婆豆腐,丸子,龙虾",玉玲珑餐厅,"120.142098,30.267399",[],[],[],,,TRUE,TRUE,FALSE,FALSE,餐饮服务;中餐厅;中餐厅,餐饮服务,中餐厅,"['沸腾东星斑', '蒜香东山小管', '鹅肝酱配葱油饼', '版纳树番茄配临安山核桃', '毛豆炒大白蟹', '黑松露素菜饺', '杭州小笼', '脆皮松板肉', '脆皮鸡', '陈皮冬瓜煮油蛤', '豆腐虾多士', '玻璃片', '招牌红烧肉', '清炒蟹粉', '浓香菜饭', '柿柿如意（时令）', '秘制猪手', '麻婆豆腐烧龙虾', '鸡油白灼螺片', '本地酸菜炒高山美女豆', '瑶柱银芽炒松叶蟹', '秘制叉烧骨', '毛筍乾小牛肉', '慢煮鲜带子', '干炸东海带鱼', '麻婆豆腐', '丸子', '龙虾']"
[],[],江浙菜,[],[],餐饮服务;中餐厅;四川菜(川菜)|餐饮服务;中餐厅;浙江菜,[],[],050102|050106,0,[],上城区,[],0571-87039792,B0HDDN9HEF,吴山路130号(平海路与交叉口龙翔桥地铁口D口出过马路100米),[],浙江省,diner,杭州市,[],"双人餐,东坡肉,龙井虾仁,西湖醋鱼,南宋定胜糕,杭州卤鸭,脆皮大肠,桂花糕,干炸响铃,春卷",老吴家·老杭州菜·川菜(西湖湖滨店),"120.165137,30.253454",[],[],[],,,TRUE,TRUE,FALSE,FALSE,餐饮服务;中餐厅;四川菜(川菜),餐饮服务,中餐厅,"['双人餐', '东坡肉', '龙井虾仁', '西湖醋鱼', '南宋定胜糕', '杭州卤鸭', '脆皮大肠', '桂花糕', '干炸响铃', '春卷']"
[],[],创意菜,[],[],餐饮服务;中餐厅;中餐厅,[],[],050100,0,[],拱墅区,[],0571-88309217,B0JGZ5C39G,武林路76号(武林金座2层右手边),[],浙江省,diner,杭州市,[],"脆片大肠,牛肉,鸡肉,脆皮大肠,西湖醋鱼,一品东坡肉,双人餐",杭小馆·创意杭帮菜,"120.160859,30.261009",[],[],[],,,TRUE,TRUE,FALSE,FALSE,餐饮服务;中餐厅;中餐厅,餐饮服务,中餐厅,"['脆片大肠', '牛肉', '鸡肉', '脆皮大肠', '西湖醋鱼', '一品东坡肉', '双人餐']"
B0FFFCMNZQ,[],江浙菜,[],[],餐饮服务;中餐厅;潮州菜,[],[],050123,0,[],余杭区,[],0571-85857879;18968092887,B0GRMHYAJO,五常街道访溪路38号-31邬家湾街17号,[],浙江省,diner,杭州市,302,"下午茶,牛肉,鸡肉",西溪芦庄,"120.048287,30.268601",[],[],[],,,TRUE,TRUE,FALSE,FALSE,餐饮服务;中餐厅;潮州菜,餐饮服务,中餐厅,"['下午茶', '牛肉', '鸡肉']"
B0FFG75GG0,[],江浙菜,[],[],餐饮服务;中餐厅;四川菜(川菜)|餐饮服务;中餐厅;浙江菜,[],[],050102|050106,0,[],上城区,[],0571-87821933,B0FFJRTSXV,学士路76号(龙翔桥地铁站B口步行210米),[],浙江省,diner,杭州市,320,"鲍鱼红焖猪脚,白斩鸡,龙井虾仁,西湖醋鱼,刀板香,脆皮西湖醋鱼,养生土鸡汤,烤鸡,龙井茶香酥肉,杭州酱鸭,龙井蒜香排,招牌叫花鸡,豆腐,鸡肉,西湖龙井莲藕粉,双人餐,牛肉,西湖藕粉",一路吃·新杭州杭帮菜菜馆(音乐喷泉店),"120.162048,30.255562",[],[],[],,,TRUE,TRUE,FALSE,FALSE,餐饮服务;中餐厅;四川菜(川菜),餐饮服务,中餐厅,"['鲍鱼红焖猪脚', '白斩鸡', '龙井虾仁', '西湖醋鱼', '刀板香', '脆皮西湖醋鱼', '养生土鸡汤', '烤鸡', '龙井茶香酥肉', '杭州酱鸭', '龙井蒜香排', '招牌叫花鸡', '豆腐', '鸡肉', '西湖龙井莲藕粉', '双人餐', '牛肉', '西湖藕粉']"
B023B0BFNE,[],中餐,[],[],餐饮服务;中餐厅;中餐厅,[],[],050100,0,[],上城区,[],0571-87708608;13767061306;19254106229,B0FFKWBINB,范家路209号,[],浙江省,diner,杭州市,202,"蒜蓉粉丝长脚蟹,东庭香酥肉,东坡肉配酒酿馒头,红焖娃娃鱼,西湖酥醋鱼,老杭州熏鱼,笋干老鸭煲,臭豆腐,面皮,东坡肉,五花肉,西湖酥醋鱼,东坡肉配酒酿馒头,西湖醋鱼",东庭会·宴,"120.199250,30.290416",[],[],[],,,TRUE,TRUE,FALSE,FALSE,餐饮服务;中餐厅;中餐厅,餐饮服务,中餐厅,"['蒜蓉粉丝长脚蟹', '东庭香酥肉', '东坡肉配酒酿馒头', '红焖娃娃鱼', '西湖酥醋鱼', '老杭州熏鱼', '笋干老鸭煲', '臭豆腐', '面皮', '东坡肉', '五花肉', '西湖酥醋鱼', '东坡肉配酒酿馒头', '西湖醋鱼']"
B0FFH6HE4P,[],江浙菜,[],[],餐饮服务;中餐厅;中餐厅,[],[],050100,0,[],上城区,[],0571-88255300,B0FFG0UQES,十五奎巷39号,[],浙江省,diner,杭州市,324,"四灶儿小炒王,脆皮大肠,熟醉沼虾,酒酿馒头红烧肉,熟醉湖蟹（一只）,招牌干炸臭豆腐,鲍鱼烧猪脚,富贵连连桂鱼捞粉,红烧肉,双人餐",四灶儿·地道杭帮菜(鼓楼1店),"120.170116,30.237330",[],[],[],,,TRUE,TRUE,FALSE,FALSE,餐饮服务;中餐厅;中餐厅,餐饮服务,中餐厅,"['四灶儿小炒王', '脆皮大肠', '熟醉沼虾', '酒酿馒头红烧肉', '熟醉湖蟹（一只）', '招牌干炸臭豆腐', '鲍鱼烧猪脚', '富贵连连桂鱼捞粉', '红烧肉', '双人餐']"
[],[],中餐,[],[],餐饮服务;中餐厅;中餐厅,[],[],050100,0,[],西湖区,[],0571-85368566,B0KRYOYS2D,四眼井3号,[],浙江省,diner,杭州市,[],"豆腐,虾仁,西湖醋鱼",杭百味·精选江浙菜(虎跑店),"120.135569,30.217378",[],[],[],,,TRUE,TRUE,FALSE,FALSE,餐饮服务;中餐厅;中餐厅,餐饮服务,中餐厅,"['豆腐', '虾仁', '西湖醋鱼']"
B0FFG97VHX,[],江浙菜,[],[],餐饮服务;中餐厅;中餐厅,[],[],050100,0,[],拱墅区,[],15968103625,B0JRTR1HL1,狮虎桥路4-1号,[],浙江省,diner,杭州市,202,"工作餐,豆腐,家常菜,荷包蛋,臭豆腐,鲈鱼,绍兴臭豆腐,卤鸭,臭豆腐",23号墙门菜,"120.162647,30.266293",[],[],[],,,TRUE,TRUE,FALSE,FALSE,餐饮服务;中餐厅;中餐厅,餐饮服务,中餐厅,"['工作餐', '豆腐', '家常菜', '荷包蛋', '臭豆腐', '鲈鱼', '绍兴臭豆腐', '卤鸭', '臭豆腐']"
B0FFF3AJOP,[],杭帮菜,[],[],餐饮服务;餐饮相关场所;餐饮相关,[],[],050000,0,[],上城区,[],0571-87955810,B0MBGC37BO,长生路35号(龙翔桥地铁站B口步行250米),[],浙江省,diner,杭州市,302,双人餐,醉天青·西湖醋鱼小馆,"120.162808,30.257176",[],[],[],,,TRUE,TRUE,FALSE,FALSE,餐饮服务;餐饮相关场所;餐饮相关,餐饮服务,餐饮相关场所,['双人餐']
B0FFJ2IS8Y,[],江浙菜,[],[],餐饮服务;中餐厅;中餐厅,[],[],050100,0,[],西湖区,[],13777427475,B0IAGD6XZR,三墩镇墩余路600号,[],浙江省,diner,杭州市,309,"蟹粉小笼,椒香鸡汁大白条,大漠风沙烤羊排,花雕红烧肉酱蛋,湘味黄椒吊龙,黑蒜素双包,文火小牛肉蔬菜馍,东海大黄鱼,现焖泰香蟹黄捞饭,四季蟹粉狮子头,煲仔荔浦香芋,西湖牛肉鱼米羹,自制酒酿馒头,蟹粉烩鸡头米,李白蒸湖蟹,金牌扣肉拼酒酿馒头,南宋蟹酿橙,小炒牛肝菌,香煎青膏蟹,青椒麻乳鸽,山核桃牛仔粒,云南松茸汽锅鸡,海胆洋水白豆腐,李白手工生煎包,大陈黄鱼烧年糕,李白招牌烤鸭,云雾秘制醉大头虾,自贡鲜辣跳跳蛙,波士顿龙虾,泉水浸牛肉,云雾鸳鸯龙井虾仁,双人餐,烤鸭,牛肉",李白图书馆餐厅?杭帮菜名店(西湖大学店),"120.038704,30.329575",[],[],[],,,TRUE,TRUE,FALSE,FALSE,餐饮服务;中餐厅;中餐厅,餐饮服务,中餐厅,"['蟹粉小笼', '椒香鸡汁大白条', '大漠风沙烤羊排', '花雕红烧肉酱蛋', '湘味黄椒吊龙', '黑蒜素双包', '文火小牛肉蔬菜馍', '东海大黄鱼', '现焖泰香蟹黄捞饭', '四季蟹粉狮子头', '煲仔荔浦香芋', '西湖牛肉鱼米羹', '自制酒酿馒头', '蟹粉烩鸡头米', '李白蒸湖蟹', '金牌扣肉拼酒酿馒头', '南宋蟹酿橙', '小炒牛肝菌', '香煎青膏蟹', '青椒麻乳鸽', '山核桃牛仔粒', '云南松茸汽锅鸡', '海胆洋水白豆腐', '李白手工生煎包', '大陈黄鱼烧年糕', '李白招牌烤鸭', '云雾秘制醉大头虾', '自贡鲜辣跳跳蛙', '波士顿龙虾', '泉水浸牛肉', '云雾鸳鸯龙井虾仁', '双人餐', '烤鸭', '牛肉']"
[],[],江浙菜,[],[],餐饮服务;中餐厅;中餐厅,[],[],050100,0,[],上城区,[],0571-88391908,B0J3YH3YV7,定安路126-4号(定安路地铁站B口步行100米),[],浙江省,diner,杭州市,[],"招牌鱼头,炒青番茄,红烧肉馒头,熟醉沼虾,小炒黄牛肉,鲍鱼猪脚,竹林生炒鸡,卤味拼盘,酸菜鱼,匠小灶鲜炖鱼头,油爆豉油虾,匠小灶黄鱼烧年糕,石锅芋艿豆腐,生炒仔排,剁椒鱼头,椒麻牛蛙,油爆虾,生炒鸡,双人餐",匠小灶·江浙菜(西湖·定安路店),"120.166644,30.246809",[],[],[],,,TRUE,TRUE,FALSE,FALSE,餐饮服务;中餐厅;中餐厅,餐饮服务,中餐厅,"['招牌鱼头', '炒青番茄', '红烧肉馒头', '熟醉沼虾', '小炒黄牛肉', '鲍鱼猪脚', '竹林生炒鸡', '卤味拼盘', '酸菜鱼', '匠小灶鲜炖鱼头', '油爆豉油虾', '匠小灶黄鱼烧年糕', '石锅芋艿豆腐', '生炒仔排', '剁椒鱼头', '椒麻牛蛙', '油爆虾', '生炒鸡', '双人餐']"
[],[],江浙菜,[],[],餐饮服务;中餐厅;中餐厅,[],[],050100,0,[],拱墅区,[],18157121199,B0HBMBJG37,上塘街道湖州街36号,[],浙江省,diner,杭州市,[],"伊家烤鸭,酱肉炒洋葱苗,太雕小龙虾,龙井虾仁,特色牛肋骨,虾爆鳝背,菊花海蜇,伊府大乌参,东坡肉,祥龙腾云,松子桂鱼,单人餐,烤鸭,龙井虾仁,东坡肉,脆皮大肠,双人餐",伊家鲜?宴请?小宴席(湖州街总店),"120.158881,30.325563",[],[],[],,,TRUE,TRUE,FALSE,FALSE,餐饮服务;中餐厅;中餐厅,餐饮服务,中餐厅,"['伊家烤鸭', '酱肉炒洋葱苗', '太雕小龙虾', '龙井虾仁', '特色牛肋骨', '虾爆鳝背', '菊花海蜇', '伊府大乌参', '东坡肉', '祥龙腾云', '松子桂鱼', '单人餐', '烤鸭', '龙井虾仁', '东坡肉', '脆皮大肠', '双人餐']"
B0FFHJOY17,[],杭帮菜,[],[],餐饮服务;中餐厅;中餐厅,[],[],050100,0,[],拱墅区,[],0571-87033293,B0FFHWDBTD,武林路163号西湖D11二楼,[],浙江省,diner,杭州市,202,"双人餐,大肠,家常菜,鸡翅,鸡肉,排骨,糖醋里脊,东坡肉,杭式卤鸭,脆皮大肠,钱江肉丝",杭三姐妹(西湖·D11食尚城店),"120.160645,30.262285",[],[],[],,,TRUE,TRUE,FALSE,FALSE,餐饮服务;中餐厅;中餐厅,餐饮服务,中餐厅,"['双人餐', '大肠', '家常菜', '鸡翅', '鸡肉', '排骨', '糖醋里脊', '东坡肉', '杭式卤鸭', '脆皮大肠', '钱江肉丝']"
B023B13L9M,[],浙菜,[],[],餐饮服务;中餐厅;浙江菜,[],[],050106,0,[],西湖区,[],18957158529,B023B13YGD,虎跑路四眼井238号,[],浙江省,diner,杭州市,302,"北大荒驴肉,地中海蔬菜锅,土酿米酒,特大羊腿,特色藕夹,鸡刨豆腐,脆炸鲜奶,灯影土豆丝,烤羊排,烤羊腿,包菜粉丝,乡野浓汤,一坛杂菇,烤肉,羊肉,豆腐,牛肉,鸡肉,双人餐",马灯部落-杭帮创意菜(杭州西湖虎跑店),"120.138161,30.216354",[],[],[],,,TRUE,TRUE,FALSE,FALSE,餐饮服务;中餐厅;浙江菜,餐饮服务,中餐厅,"['北大荒驴肉', '地中海蔬菜锅', '土酿米酒', '特大羊腿', '特色藕夹', '鸡刨豆腐', '脆炸鲜奶', '灯影土豆丝', '烤羊排', '烤羊腿', '包菜粉丝', '乡野浓汤', '一坛杂菇', '烤肉', '羊肉', '豆腐', '牛肉', '鸡肉', '双人餐']"
B023B1DIOC,[],杭帮菜,[],[],餐饮服务;中餐厅;中餐厅,[],[],050100,0,[],上城区,[],13306718027,B0L6UHWDVW,延安路245号杭州湖滨银泰in77B区1F层,[],浙江省,diner,杭州市,201,"双人餐,青提酒酿冰汤圆",寄畅興·百年蟹黄面·非遗杭帮菜(西湖庭院景观店),"120.163183,30.254970",[],[],[],,,TRUE,TRUE,FALSE,FALSE,餐饮服务;中餐厅;中餐厅,餐饮服务,中餐厅,"['双人餐', '青提酒酿冰汤圆']"
B023B06ORW,[],江浙菜,[],[],餐饮服务;中餐厅;浙江菜,[],[],050106,0,[],西湖区,[],13429690661,B0HGSU60V8,古墩路100号西城星座1-2楼,[],浙江省,diner,杭州市,202,"方师傅红烧肉,老鸭馄饨煲,虾和牛蛙的故事,东坡香芋煲,家烧东海小鲜,时令鲜甜豆,传统卤鹅,老法三鲜锅,烧麦,蒸饺,沙拉,红烧肉,五花肉,水煮肉片,酸汤肥牛,杭三鲜",東大方(杭州西城新座店),"120.101462,30.273938",[],[],[],,,TRUE,TRUE,FALSE,FALSE,餐饮服务;中餐厅;浙江菜,餐饮服务,中餐厅,"['方师傅红烧肉', '老鸭馄饨煲', '虾和牛蛙的故事', '东坡香芋煲', '家烧东海小鲜', '时令鲜甜豆', '传统卤鹅', '老法三鲜锅', '烧麦', '蒸饺', '沙拉', '红烧肉', '五花肉', '水煮肉片', '酸汤肥牛', '杭三鲜']"
[],[],杭帮菜,[],[],餐饮服务;中餐厅;浙江菜,[],[],050106,0,[],上城区,[],15563048815;17767126390,B0L39RSO00,紫阳街道中山南路424号,[],浙江省,diner,杭州市,[],鲜牛肉,椿芽·鲜牛肉杭州拌川(杭州鼓楼店),"120.171075,30.236175",[],[],[],,,TRUE,TRUE,FALSE,FALSE,餐饮服务;中餐厅;浙江菜,餐饮服务,中餐厅,['鲜牛肉']
B023B08XTZ,[],杭帮菜,[],[],餐饮服务;餐饮相关场所;餐饮相关,[],[],050000,0,[],拱墅区,[],0571-88381960,B0FFIQ937S,环城北路218号杭州大厦新B座8层,[],浙江省,diner,杭州市,202,"点心,大排档,年糕,杨枝甘露,鸡肉",荣小馆(杭州大厦店),"120.160807,30.272513",[],[],[],,,TRUE,TRUE,FALSE,FALSE,餐饮服务;餐饮相关场所;餐饮相关,餐饮服务,餐饮相关场所,"['点心', '大排档', '年糕', '杨枝甘露', '鸡肉']"
B023B14BX4,[],江浙菜,[],[],餐饮服务;中餐厅;中餐厅,[],[],050100,0,[],拱墅区,[],0571-85067076,B0FFKMD2XW,环城北路西湖文化广场18号501室-519,[],浙江省,diner,杭州市,201,"炒饭,烤肉,烤鸡,牛肉,鸡肉",绿茶餐厅(杭州西湖文化广场店),"120.163410,30.277743",[],[],[],,,TRUE,TRUE,FALSE,FALSE,餐饮服务;中餐厅;中餐厅,餐饮服务,中餐厅,"['炒饭', '烤肉', '烤鸡', '牛肉', '鸡肉']"
[],[],中餐,[],[],餐饮服务;中餐厅;特色/地方风味餐厅,[],[],050118,0,[],西湖区,[],19145479705,B0I1C9KLJF,三台山路与八盘岭路交叉口西北240米,[],浙江省,diner,杭州市,[],"龙井虾仁,葱包烩,东坡肉,双人餐,西湖醋鱼,西湖莼菜汤",紫竹·水乐西湖·庭院餐厅,"120.131086,30.230567",[],[],[],,,TRUE,TRUE,FALSE,FALSE,餐饮服务;中餐厅;特色/地方风味餐厅,餐饮服务,中餐厅,"['龙井虾仁', '葱包烩', '东坡肉', '双人餐', '西湖醋鱼', '西湖莼菜汤']"
B0FFG56P7H,[],中餐,[],[],餐饮服务;茶艺馆;茶艺馆|餐饮服务;中餐厅;中餐厅,[],[],050600|050100,0,[],拱墅区,[],19012808857,B0JRNZA3PW,延安路385号杭州嘉里中心L3层,[],浙江省,diner,杭州市,202,"梅干菜蒸江鳗,青柠味脆皮沼虾,私房黄鱼年糕,秘制脆皮卷饼肉,手捏菜芋艿,香芙茗私房虾,水煮刀口黄牛肉,酸汤笋壳鱼,富贵芋头煲,杭式三鲜,鲍鱼生炒鸡,清韭土豆烩膏蟹,明前次采龙井茶,和牛文火小牛肉,苹果乐园,上汤菠菜,秘制茶香排骨,八宝海胆豆腐,花雕醉沼虾,香芙茗小炒,水煮刀口牛肉,捞汁宝葫芦,拌饭,排骨,红烧肉,双人餐,豆腐,鲍鱼,鸡汤,鸡肉,黄牛肉",香芙茗楼(嘉里中心店),"120.162895,30.259550",[],[],[],,,TRUE,TRUE,FALSE,FALSE,餐饮服务;茶艺馆;茶艺馆,餐饮服务,茶艺馆,"['梅干菜蒸江鳗', '青柠味脆皮沼虾', '私房黄鱼年糕', '秘制脆皮卷饼肉', '手捏菜芋艿', '香芙茗私房虾', '水煮刀口黄牛肉', '酸汤笋壳鱼', '富贵芋头煲', '杭式三鲜', '鲍鱼生炒鸡', '清韭土豆烩膏蟹', '明前次采龙井茶', '和牛文火小牛肉', '苹果乐园', '上汤菠菜', '秘制茶香排骨', '八宝海胆豆腐', '花雕醉沼虾', '香芙茗小炒', '水煮刀口牛肉', '捞汁宝葫芦', '拌饭', '排骨', '红烧肉', '双人餐', '豆腐', '鲍鱼', '鸡汤', '鸡肉', '黄牛肉']"
B0FFL9RQ5O,[],江浙菜,[],[],餐饮服务;中餐厅;中餐厅,[],[],050100,0,[],上城区,[],0571-88057737,B0FFHGRSFM,学士路41号(地铁一号线龙翔桥站B出口对面),[],浙江省,diner,杭州市,324,"一口闷芝士南瓜,南乳扎烧,瓦罐神仙鸭,老杭州爆肥肝,吮指鸡爪,桂花奶盖红豆沙,龙井虾仁,芙蓉溜鱼片,酥炸小刀鱼,竹筒糯米鲊,虾肉嵌豆腐,糖醋里脊,酱鸭锅巴泡饭,卤大肠,宫保鸡丁,年糕,肘子,宋嫂鱼羹,五花肉,虾仁,鸡肉,龙井虾仁,杭州卤鸭",大牌大传统菜(湖滨店),"120.163643,30.255784",[],[],[],,,TRUE,TRUE,FALSE,FALSE,餐饮服务;中餐厅;中餐厅,餐饮服务,中餐厅,"['一口闷芝士南瓜', '南乳扎烧', '瓦罐神仙鸭', '老杭州爆肥肝', '吮指鸡爪', '桂花奶盖红豆沙', '龙井虾仁', '芙蓉溜鱼片', '酥炸小刀鱼', '竹筒糯米鲊', '虾肉嵌豆腐', '糖醋里脊', '酱鸭锅巴泡饭', '卤大肠', '宫保鸡丁', '年糕', '肘子', '宋嫂鱼羹', '五花肉', '虾仁', '鸡肉', '龙井虾仁', '杭州卤鸭']"
B023B0ACDU,[],江浙菜,[],[],餐饮服务;中餐厅;中餐厅,[],[],050100,0,[],滨江区,[],0571-85197787,B0HGSU4DAX,浦沿街道火炬大道581号D座107室,[],浙江省,diner,杭州市,202,"方师傅红烧肉,传统卤鹅,老鸭馄饨煲,虾和牛蛙的故事,东坡香芋煲,家烧东海小鲜,时令鲜甜豆,三文鱼,串串,五花肉,猪蹄,红烧肉",東大方(杭州三维大厦店),"120.165370,30.186803",[],[],[],,,TRUE,TRUE,FALSE,FALSE,餐饮服务;中餐厅;中餐厅,餐饮服务,中餐厅,"['方师傅红烧肉', '传统卤鹅', '老鸭馄饨煲', '虾和牛蛙的故事', '东坡香芋煲', '家烧东海小鲜', '时令鲜甜豆', '三文鱼', '串串', '五花肉', '猪蹄', '红烧肉']"
[],[],江浙菜,[],[],餐饮服务;中餐厅;浙江菜,[],[],050106,0,[],上城区,[],0571-87071275;13758202230,B0HKL9W51J,清泰街527-6号,[],浙江省,diner,杭州市,[],"龙井虾仁,双人餐,叫化童鸡,叫花鸡,西湖醋鱼,西湖牛肉羹,东坡肉,杭三鲜",黄记老厨·传统杭帮菜(清泰街店),"120.174642,30.247050",[],[],[],,,TRUE,TRUE,FALSE,FALSE,餐饮服务;中餐厅;浙江菜,餐饮服务,中餐厅,"['龙井虾仁', '双人餐', '叫化童鸡', '叫花鸡', '西湖醋鱼', '西湖牛肉羹', '东坡肉', '杭三鲜']"
B0J05SS8Q7,[],杭帮菜,[],[],餐饮服务;餐饮相关场所;餐饮相关,[],[],050000,0,[],拱墅区,[],17788598850,B0JK99GI8M,杭州中心7楼705(武林广场地铁站A口旁),[],浙江省,diner,杭州市,202,"年糕,点心,鲍鱼,鸡肉,杭州熏鱼,红烧肉,豆腐",锦楼·臻选新式杭帮(杭州中心店),"120.165264,30.272787",[],[],[],,,TRUE,TRUE,FALSE,FALSE,餐饮服务;餐饮相关场所;餐饮相关,餐饮服务,餐饮相关场所,"['年糕', '点心', '鲍鱼', '鸡肉', '杭州熏鱼', '红烧肉', '豆腐']"
B0FFHCZ0KV,[],中餐,[],[],餐饮服务;中餐厅;中餐厅,[],[],050100,0,[],上城区,[],0571-86916970,B0FFFZXMFO,南山路246号,[],浙江省,diner,杭州市,324,"西湖醋鱼,东坡肉,一桶豆腐,龙井虾仁,西湖牛肉羹,油爆大虾,西湖人家小炒,乾隆鱼头,宋嫂鱼,尖椒小炒肉,西湖人家特色小炒,叫花鸡,水晶龙井虾仁,西湖莼菜汤,酱鸭,牛肉,干炸响铃,双人餐,西湖牛肉羹,西湖莼菜汤,叫化童鸡,西湖醋鱼,龙井虾仁,叫化鸡,东坡肉",西湖人家·地道杭帮味(寻味杭州·南山路店),"120.160809,30.247474",[],[],[],,,TRUE,TRUE,FALSE,FALSE,餐饮服务;中餐厅;中餐厅,餐饮服务,中餐厅,"['西湖醋鱼', '东坡肉', '一桶豆腐', '龙井虾仁', '西湖牛肉羹', '油爆大虾', '西湖人家小炒', '乾隆鱼头', '宋嫂鱼', '尖椒小炒肉', '西湖人家特色小炒', '叫花鸡', '水晶龙井虾仁', '西湖莼菜汤', '酱鸭', '牛肉', '干炸响铃', '双人餐', '西湖牛肉羹', '西湖莼菜汤', '叫化童鸡', '西湖醋鱼', '龙井虾仁', '叫化鸡', '东坡肉']"
B0FFHZJB49,[],杭帮菜,[],[],餐饮服务;中餐厅;中餐厅,[],[],050100,0,[],滨江区,[],17767173067,B0FFKOWC3R,西兴街道物联网街330号新郡大厦3幢301,[],浙江省,diner,杭州市,320,"点心,家常菜,双人餐,葱包烩,本帮熏鱼,龙井虾仁",德悦小江南(海威新界店),"120.225090,30.211356",[],[],[],,,TRUE,TRUE,FALSE,FALSE,餐饮服务;中餐厅;中餐厅,餐饮服务,中餐厅,"['点心', '家常菜', '双人餐', '葱包烩', '本帮熏鱼', '龙井虾仁']"
[],[],杭帮菜,[],[],餐饮服务;中餐厅;中餐厅|体育休闲服务;体育休闲服务场所;体育休闲服务场所,[],[],050100|080000,0,[],西湖区,[],0571-87379698,B0JDNZCI9H,灵隐街道黄姑山路1号(门口停车场),[],浙江省,diner,杭州市,[],"蒜蓉粉丝波龙,特色鹅煲,脆皮大肠,青海羊肉暖锅,秘制甲鱼,黄牛肉,金牌姜母鸡,双人餐,脆皮大肠,杭州卤鸭",大陈小院,"120.133649,30.272455",[],[],[],,,TRUE,TRUE,FALSE,FALSE,餐饮服务;中餐厅;中餐厅,餐饮服务,中餐厅,"['蒜蓉粉丝波龙', '特色鹅煲', '脆皮大肠', '青海羊肉暖锅', '秘制甲鱼', '黄牛肉', '金牌姜母鸡', '双人餐', '脆皮大肠', '杭州卤鸭']"
B023B0ACDN,[],中餐,[],[],餐饮服务;中餐厅;中餐厅,[],[],050100,0,[],滨江区,[],18958103308,B0HKCCCZKY,泰安路239号4楼宴谭·精细江南菜,[],浙江省,diner,杭州市,202,"招牌酸辣鱼翅,醋椒堂灼黑金鲍,白兰地盐焗黄金螺,江南烟雨玲珑鸭,麻婆豆腐烧龙虾,十五年陈皮烧甲鱼,黑蒜鳗鱼烧年糕,镇店第一神鲜汤,黄椒酱蒸红带鱼,宴谭首创东坡鸡,茉莉花熏雪花牛肉,鸡汤冲浪贵妃蚌,莲花古越煮花螺,炭烤熊猫猪肋排,春江云雾手剥虾,双人餐",宴谭·精细江南菜,"120.208883,30.209857",[],[],[],,,TRUE,TRUE,FALSE,FALSE,餐饮服务;中餐厅;中餐厅,餐饮服务,中餐厅,"['招牌酸辣鱼翅', '醋椒堂灼黑金鲍', '白兰地盐焗黄金螺', '江南烟雨玲珑鸭', '麻婆豆腐烧龙虾', '十五年陈皮烧甲鱼', '黑蒜鳗鱼烧年糕', '镇店第一神鲜汤', '黄椒酱蒸红带鱼', '宴谭首创东坡鸡', '茉莉花熏雪花牛肉', '鸡汤冲浪贵妃蚌', '莲花古越煮花螺', '炭烤熊猫猪肋排', '春江云雾手剥虾', '双人餐']"
[],[],江浙菜,[],[],餐饮服务;餐饮相关场所;餐饮相关,[],[],050000,0,[],西湖区,[],0571-86519825;19157851167,B0K1FSJJL2,莫干山路489号,[],浙江省,diner,杭州市,[],"传统卤鹅,家烧东海小鲜,时令鲜甜豆,老鸭馄饨煲,虾和牛蛙的故事,东坡香芋煲,方师傅红烧肉,毛血旺,水煮肉片,红烧肉,香脆春卷,卤鹅",東大方(莫干山路店),"120.146039,30.286026",[],[],[],,,TRUE,TRUE,FALSE,FALSE,餐饮服务;餐饮相关场所;餐饮相关,餐饮服务,餐饮相关场所,"['传统卤鹅', '家烧东海小鲜', '时令鲜甜豆', '老鸭馄饨煲', '虾和牛蛙的故事', '东坡香芋煲', '方师傅红烧肉', '毛血旺', '水煮肉片', '红烧肉', '香脆春卷', '卤鹅']"
B0FFH156V9,[],江浙菜,[],[],餐饮服务;中餐厅;浙江菜,[],[],050106,0,[],萧山区,[],0571-86833799;18368873916,B0JRDHTH3N,金城路198-200号(博奥路地铁站D口步行220米),[],浙江省,diner,杭州市,202,红烧肉,東大方(华瑞汇金中心店),"120.246802,30.181560",[],[],[],,,TRUE,TRUE,FALSE,FALSE,餐饮服务;中餐厅;浙江菜,餐饮服务,中餐厅,['红烧肉']
[],[],中餐,[],[],餐饮服务;中餐厅;中餐厅,[],[],050100,0,[],上城区,[],17788596778,B0K1HLUOC1,馒头山路笤帚湾1-1号,[],浙江省,diner,杭州市,[],"牛油果蔓越莓,沙蒜豆面,青雪菜小管年糕,5小时文火炖牛尾,伊比利亚火腿甜筒沙拉,红油芝麻拌鲜鱿,浇汁牛油果三文鱼,墨鱼肠拼鱼饼,战斧小羊排,十年花雕熟醉蟹,冰镇圣女果,腊味焗桂鱼,干锅迷踪蟹,雪花牛肉烧臭豆腐,咖喱蟹佐法棍,私房菜,下午茶,年糕",慢野·自由餐厅·私房菜(馒头山店),"120.169157,30.216588",[],[],[],,,TRUE,TRUE,FALSE,FALSE,餐饮服务;中餐厅;中餐厅,餐饮服务,中餐厅,"['牛油果蔓越莓', '沙蒜豆面', '青雪菜小管年糕', '5小时文火炖牛尾', '伊比利亚火腿甜筒沙拉', '红油芝麻拌鲜鱿', '浇汁牛油果三文鱼', '墨鱼肠拼鱼饼', '战斧小羊排', '十年花雕熟醉蟹', '冰镇圣女果', '腊味焗桂鱼', '干锅迷踪蟹', '雪花牛肉烧臭豆腐', '咖喱蟹佐法棍', '私房菜', '下午茶', '年糕']"
[],[],江浙菜,[],[],餐饮服务;中餐厅;中餐厅,[],[],050100,0,[],上城区,[],0571-87150598,B0IGDZ9A0T,紫阳街道十五奎巷32号,[],浙江省,diner,杭州市,[],"招牌干炸臭豆腐,鲍鱼烧猪脚,葱油钱江大白条,富贵连连桂鱼捞粉,脆皮大肠,熟醉沼虾,酒酿馒头红烧肉,熟醉湖蟹（一只）,馋嘴蛙,石锅虾仁豆腐,川味臭鳜鱼,双人餐,卤鸭,西湖醋鱼,杭三鲜,龙井虾仁",四灶儿·地道杭帮菜(鼓楼二店),"120.170387,30.237459",[],[],[],,,TRUE,TRUE,FALSE,FALSE,餐饮服务;中餐厅;中餐厅,餐饮服务,中餐厅,"['招牌干炸臭豆腐', '鲍鱼烧猪脚', '葱油钱江大白条', '富贵连连桂鱼捞粉', '脆皮大肠', '熟醉沼虾', '酒酿馒头红烧肉', '熟醉湖蟹（一只）', '馋嘴蛙', '石锅虾仁豆腐', '川味臭鳜鱼', '双人餐', '卤鸭', '西湖醋鱼', '杭三鲜', '龙井虾仁']"
B023B06P06,[],杭帮菜,[],[],餐饮服务;中餐厅;中餐厅,[],[],050100,0,[],西湖区,[],0571-85198867,B0L1356PMX,村街道文二西路777号三深区块七区7号203室,[],浙江省,diner,杭州市,302,"油爆虾,杭三鲜,鲍鱼红烧肉,脆皮大肠,龙井虾仁,香菜拌牛肉,老弄堂小炒皇,蛋黄鸡翅,杭式素烧鹅,招牌酸菜鱼,雪菜目鱼仔,手撕羊排,双人餐",老弄堂·老底子杭帮味(西溪店),"120.070299,30.274911",[],[],[],,,TRUE,TRUE,FALSE,FALSE,餐饮服务;中餐厅;中餐厅,餐饮服务,中餐厅,"['油爆虾', '杭三鲜', '鲍鱼红烧肉', '脆皮大肠', '龙井虾仁', '香菜拌牛肉', '老弄堂小炒皇', '蛋黄鸡翅', '杭式素烧鹅', '招牌酸菜鱼', '雪菜目鱼仔', '手撕羊排', '双人餐']"
B0FFF5NXR9,[],江浙菜,[],[],餐饮服务;中餐厅;浙江菜,[],[],050106,0,[],上城区,[],18413259384,B0FFL9Z5YY,南兴街道玉虎路38号八卦新村B栋10/208,[],浙江省,diner,杭州市,320,双人餐,陈记饭店(八卦新村店),"120.150477,30.206498",[],[],[],,,TRUE,TRUE,FALSE,FALSE,餐饮服务;中餐厅;浙江菜,餐饮服务,中餐厅,['双人餐']
[],[],江浙菜,[],[],餐饮服务;餐饮相关场所;餐饮相关,[],[],050000,0,[],临平区,[],0571-86186977,B0JAHS8RGV,东湖街道东湖中路170号2幢102室,[],浙江省,diner,杭州市,[],"方师傅红烧肉,传统卤鹅,老鸭馄饨煲,虾和牛蛙的故事,东坡香芋煲,家烧东海小鲜,时令鲜甜豆,鸡汤,点心",東大方(临平东湖路店),"120.305709,30.426312",[],[],[],,,TRUE,TRUE,FALSE,FALSE,餐饮服务;餐饮相关场所;餐饮相关,餐饮服务,餐饮相关场所,"['方师傅红烧肉', '传统卤鹅', '老鸭馄饨煲', '虾和牛蛙的故事', '东坡香芋煲', '家烧东海小鲜', '时令鲜甜豆', '鸡汤', '点心']"
B023B05MJE,[],江浙菜,[],[],餐饮服务;中餐厅;浙江菜,[],[],050106,0,[],西湖区,[],18258055785,B0LRAR1BLC,西湖街道天竺路14号,[],浙江省,diner,杭州市,302,土菜,天竺人家·杭州土菜(西湖灵隐寺13年老店),"120.105727,30.239235",[],[],[],,,TRUE,TRUE,FALSE,FALSE,餐饮服务;中餐厅;浙江菜,餐饮服务,中餐厅,['土菜']
B0FFIMEKW0,[],江浙菜,[],[],餐饮服务;中餐厅;中餐厅,[],[],050100,0,[],上城区,[],0571-87756985,B0FFK63KYM,延安路229号(龙翔桥地铁站C口步行120米),[],浙江省,diner,杭州市,202,"壹品轩,烤肉,糖醋里脊,红烧肉,芝士,虾仁,豆腐,东坡肉,小炒肉,素菜,花蛤,茄子,酸汤肥牛,酸菜鱼,面食,双人餐,特色菜",壹品轩·东坡家宴(西湖店),"120.163899,30.252878",[],[],[],,,TRUE,TRUE,FALSE,FALSE,餐饮服务;中餐厅;中餐厅,餐饮服务,中餐厅,"['壹品轩', '烤肉', '糖醋里脊', '红烧肉', '芝士', '虾仁', '豆腐', '东坡肉', '小炒肉', '素菜', '花蛤', '茄子', '酸汤肥牛', '酸菜鱼', '面食', '双人餐', '特色菜']"
[],[],江浙菜,[],[],餐饮服务;中餐厅;浙江菜,[],[],050106,0,[],上城区,[],13165983118,B023B01A33,清河坊高银街129号(吴山广场地铁站D口步行390米),[],浙江省,diner,杭州市,[],"双人餐,东坡肉,牛肉,西湖醋鱼,宋嫂鱼羹,干炸响铃,叫化童鸡,叫花鸡",西月楼·杭帮菜(河坊街店),"120.167967,30.240526",[],[],[],,,TRUE,TRUE,FALSE,FALSE,餐饮服务;中餐厅;浙江菜,餐饮服务,中餐厅,"['双人餐', '东坡肉', '牛肉', '西湖醋鱼', '宋嫂鱼羹', '干炸响铃', '叫化童鸡', '叫花鸡']"
[],[],江浙菜,[],[],餐饮服务;中餐厅;浙江菜,[],[],050106,0,[],西湖区,[],0571-88739979;19011289979,B0KDV5SB6P,文二西路1093号云澜谷F1层,[],浙江省,diner,杭州市,[],"传统卤鹅,家烧东海小鲜,时令鲜甜豆,老鸭馄饨煲,虾和牛蛙的故事,东坡香芋煲,方师傅红烧肉,杭三鲜,老法三鲜锅,牛肉",东大方(杭州云澜谷店),"120.067446,30.283523",[],[],[],,,TRUE,TRUE,FALSE,FALSE,餐饮服务;中餐厅;浙江菜,餐饮服务,中餐厅,"['传统卤鹅', '家烧东海小鲜', '时令鲜甜豆', '老鸭馄饨煲', '虾和牛蛙的故事', '东坡香芋煲', '方师傅红烧肉', '杭三鲜', '老法三鲜锅', '牛肉']"
B0I1X7UFQU,[],江浙菜,[],[],餐饮服务;中餐厅;中餐厅,[],[],050100,0,[],拱墅区,[],0571-88077797;18106530884,B0HG2504N5,杭行路688号(祥园路地铁站D口步行400米),[],浙江省,diner,杭州市,202,"家烧东海小鲜,时令鲜甜豆,传统卤鹅,老鸭馄饨煲,虾和牛蛙的故事,东坡香芋煲,方师傅红烧肉,寿司,五花肉,家常菜,点心,麻油卤鸭",東大方(杭州万达店),"120.117640,30.332433",[],[],[],,,TRUE,TRUE,FALSE,FALSE,餐饮服务;中餐厅;中餐厅,餐饮服务,中餐厅,"['家烧东海小鲜', '时令鲜甜豆', '传统卤鹅', '老鸭馄饨煲', '虾和牛蛙的故事', '东坡香芋煲', '方师傅红烧肉', '寿司', '五花肉', '家常菜', '点心', '麻油卤鸭']"
B0FFI182XP,[],江浙菜,[],[],餐饮服务;中餐厅;中餐厅,[],[],050100,0,[],西湖区,[],0571-85388879,B0H2LG2K0G,三墩镇欣然街36号8号楼102室,[],浙江省,diner,杭州市,320,"老鸭馄饨煲,虾和牛蛙的故事,东坡香芋煲,家烧东海小鲜,时令鲜甜豆,传统卤鹅,方师傅红烧肉,水煮肉片,炒面,麻油卤鸭,红烧肉,酸汤肥牛,鸡肉,点心",東大方(杭州紫金梦想店),"120.067605,30.327654",[],[],[],,,TRUE,TRUE,FALSE,FALSE,餐饮服务;中餐厅;中餐厅,餐饮服务,中餐厅,"['老鸭馄饨煲', '虾和牛蛙的故事', '东坡香芋煲', '家烧东海小鲜', '时令鲜甜豆', '传统卤鹅', '方师傅红烧肉', '水煮肉片', '炒面', '麻油卤鸭', '红烧肉', '酸汤肥牛', '鸡肉', '点心']"
B023B06LQB,[],江浙菜,[],[],餐饮服务;中餐厅;中餐厅,[],[],050100,0,[],上城区,[],0571-85156733,B0JG552465,延安路10号(吴山广场地铁站D口步行210米),[],浙江省,diner,杭州市,202,"膏蟹蒸肉饼,鲍鱼红焖猪脚,荔枝虾球,下饭菜配荠菜窝窝头,招牌土烧鱼头,红烧肉配酒酿馒头,白灼小管,桂花杨梅圆子羹,龙井虾仁,脆皮西湖醋鱼,脆皮大肠,养生土鸡汤,野菜鱼米羹,西湖醉虾,臭豆腐肥肠煲,西湖牛肉羹,钱江大白条,杭州酱鸭,龙井蒜香排,桂花香酥鸭,鸿运当头,杭州卤鸭,白切鸡,深海大黄鱼,龙井虾仁,脆皮大肠,特色菜,虾仁,牛肉,私房菜,鸡肉,双人餐,红烧肉,豆腐",乾堂里·杭州老八鲜(吴山广场店),"120.165000,30.240828",[],[],[],,,TRUE,TRUE,FALSE,FALSE,餐饮服务;中餐厅;中餐厅,餐饮服务,中餐厅,"['膏蟹蒸肉饼', '鲍鱼红焖猪脚', '荔枝虾球', '下饭菜配荠菜窝窝头', '招牌土烧鱼头', '红烧肉配酒酿馒头', '白灼小管', '桂花杨梅圆子羹', '龙井虾仁', '脆皮西湖醋鱼', '脆皮大肠', '养生土鸡汤', '野菜鱼米羹', '西湖醉虾', '臭豆腐肥肠煲', '西湖牛肉羹', '钱江大白条', '杭州酱鸭', '龙井蒜香排', '桂花香酥鸭', '鸿运当头', '杭州卤鸭', '白切鸡', '深海大黄鱼', '龙井虾仁', '脆皮大肠', '特色菜', '虾仁', '牛肉', '私房菜', '鸡肉', '双人餐', '红烧肉', '豆腐']"
B0FFHCZ0KV,[],江浙菜,[],[],餐饮服务;中餐厅;中餐厅,[],[],050100,0,[],上城区,[],[],B0FFK0T3HB,南山路176-5号,[],浙江省,diner,杭州市,324,"叫化童鸡,稻香东坡肉,西湖牛肉羹,虾仁,豆腐,龙井虾仁,西湖醋鱼,招牌叫花鸡",一路吃·新杭州杭帮菜(南山路店),"120.158696,30.237777",[],[],[],,,TRUE,TRUE,FALSE,FALSE,餐饮服务;中餐厅;中餐厅,餐饮服务,中餐厅,"['叫化童鸡', '稻香东坡肉', '西湖牛肉羹', '虾仁', '豆腐', '龙井虾仁', '西湖醋鱼', '招牌叫花鸡']"
B0IU3NF9UB,[],浙菜,[],[],餐饮服务;中餐厅;中餐厅,[],[],050100,0,[],萧山区,[],0571-86073776,B0HUPSMWV1,皓月路华媒智谷大厦2-203室,[],浙江省,diner,杭州市,202,"老鸭馄饨煲,虾和牛蛙的故事,东坡香芋煲,传统卤鹅,方师傅红烧肉,家烧东海小鲜,时令鲜甜豆,五花肉,特色菜,红烧肉,肥牛,龙虾,家常菜",東大方(杭州世纪城开元店),"120.253789,30.230311",[],[],[],,,TRUE,TRUE,FALSE,FALSE,餐饮服务;中餐厅;中餐厅,餐饮服务,中餐厅,"['老鸭馄饨煲', '虾和牛蛙的故事', '东坡香芋煲', '传统卤鹅', '方师傅红烧肉', '家烧东海小鲜', '时令鲜甜豆', '五花肉', '特色菜', '红烧肉', '肥牛', '龙虾', '家常菜']"
B0FFJFB1ZH,[],江浙菜,[],[],餐饮服务;中餐厅;中餐厅,[],[],050100,0,[],余杭区,[],0571-88776177;13524696104,B0H1DAKY1K,五常街道余杭塘路1993号关瑞大厦1幢103-105,[],浙江省,diner,杭州市,202,"家烧东海小鲜,时令鲜甜豆,传统卤鹅,老鸭馄饨煲,虾和牛蛙的故事,东坡香芋煲,方师傅红烧肉,鸭肉,毛血旺,红糖糍粑,麻婆豆腐,水煮肉片,牛蛙,红烧肉,芋头,辣椒炒肉",東大方(杭州未来城一号店),"120.022961,30.288387",[],[],[],,,TRUE,TRUE,FALSE,FALSE,餐饮服务;中餐厅;中餐厅,餐饮服务,中餐厅,"['家烧东海小鲜', '时令鲜甜豆', '传统卤鹅', '老鸭馄饨煲', '虾和牛蛙的故事', '东坡香芋煲', '方师傅红烧肉', '鸭肉', '毛血旺', '红糖糍粑', '麻婆豆腐', '水煮肉片', '牛蛙', '红烧肉', '芋头', '辣椒炒肉']"
B0FFKCKICI,[],中餐,[],[],餐饮服务;中餐厅;中餐厅,[],[],050100,0,[],上城区,[],[],B0K34UY4UD,环站东路768号东站花园商务中心3幢156室,[],浙江省,diner,杭州市,202,"北京果木烤鸭,烤鸭,招牌黑松露东坡肉,北京烤鸭",味钱塘·钱塘江鲜·地道江浙菜(东站店),"120.219491,30.297320",[],[],[],,,TRUE,TRUE,FALSE,FALSE,餐饮服务;中餐厅;中餐厅,餐饮服务,中餐厅,"['北京果木烤鸭', '烤鸭', '招牌黑松露东坡肉', '北京烤鸭']"
B023B1D4KL,[],江浙菜,[],[],餐饮服务;中餐厅;中餐厅,[],[],050100,0,[],滨江区,[],19817157988,B0IKS719WK,浦沿街道东信大道688号志成大厦A幢4楼,[],浙江省,diner,杭州市,202,"青梅竹马醋小排,红汤甲鱼,锦绣东星斑姿造,国滨特色大肉包,特色大连鲍捞饭,黑松露香米炒小青龙,蔬果鲜沙拉,老醋泡凤爪,上汤时令时蔬菜,一品黄金泡菜,避风塘焗小青龙,脆果拼三样,美味酱鸭舌,铁板澳洲牛排骨,蒜蓉虾饺长脚蟹,潮州卤水拼,双人餐,牛肉,自制葱包烩,沙拉",国滨家宴·新味萧山菜(滨江店),"120.145420,30.176073",[],[],[],,,TRUE,TRUE,FALSE,FALSE,餐饮服务;中餐厅;中餐厅,餐饮服务,中餐厅,"['青梅竹马醋小排', '红汤甲鱼', '锦绣东星斑姿造', '国滨特色大肉包', '特色大连鲍捞饭', '黑松露香米炒小青龙', '蔬果鲜沙拉', '老醋泡凤爪', '上汤时令时蔬菜', '一品黄金泡菜', '避风塘焗小青龙', '脆果拼三样', '美味酱鸭舌', '铁板澳洲牛排骨', '蒜蓉虾饺长脚蟹', '潮州卤水拼', '双人餐', '牛肉', '自制葱包烩', '沙拉']"
B023B09LDB,[],江浙菜,[],[],餐饮服务;餐饮相关场所;餐饮相关,[],[],050000,0,[],滨江区,[],19157765307,B0IDTZJVG9,江辉路1772号,[],浙江省,diner,杭州市,202,"传统卤鹅,方师傅红烧肉,老鸭馄饨煲,虾和牛蛙的故事,东坡香芋煲,家烧东海小鲜,时令鲜甜豆,豆皮,豆腐,水煮肉片,红烧肉,酸汤肥牛,年糕,拌饭",東大方(杭州苏泊尔大厦店),"120.208577,30.206823",[],[],[],,,TRUE,TRUE,FALSE,FALSE,餐饮服务;餐饮相关场所;餐饮相关,餐饮服务,餐饮相关场所,"['传统卤鹅', '方师傅红烧肉', '老鸭馄饨煲', '虾和牛蛙的故事', '东坡香芋煲', '家烧东海小鲜', '时令鲜甜豆', '豆皮', '豆腐', '水煮肉片', '红烧肉', '酸汤肥牛', '年糕', '拌饭']"
B0FFLH9F7T,[],浙菜,[],[],餐饮服务;中餐厅;中餐厅,[],[],050100,0,[],上城区,[],0571-88199019,B0GK4BK36Y,东宁路与和兴路交叉口杭州东站万象汇1层L109、L207(星巴克旁扶梯上楼右转),[],浙江省,diner,杭州市,202,"石锅海胆豆腐,花园茶香脆皮鸡,珊汁沙律大虾,柒园九宫格,温式黄鱼炒年糕,香溢东坡肉,香米蒸日月贝,桂花糖醋里脊,美极红椒私房鸡,鸡汁花雕波龙,柒园龙井清泉小牛肉,满园春色,云腿昆明小豌豆,急火旺炒黄牛肉,精品果木烤鸭,温式黄鱼烧年糕,龙井清泉小牛肉,巧克力,鸡肉,牛肉",柒园·三十年创意杭帮菜(杭州东站万象汇店),"120.216930,30.294627",[],[],[],,,TRUE,TRUE,FALSE,FALSE,餐饮服务;中餐厅;中餐厅,餐饮服务,中餐厅,"['石锅海胆豆腐', '花园茶香脆皮鸡', '珊汁沙律大虾', '柒园九宫格', '温式黄鱼炒年糕', '香溢东坡肉', '香米蒸日月贝', '桂花糖醋里脊', '美极红椒私房鸡', '鸡汁花雕波龙', '柒园龙井清泉小牛肉', '满园春色', '云腿昆明小豌豆', '急火旺炒黄牛肉', '精品果木烤鸭', '温式黄鱼烧年糕', '龙井清泉小牛肉', '巧克力', '鸡肉', '牛肉']"
[],[],江浙菜,[],[],餐饮服务;中餐厅;中餐厅,[],[],050100,0,[],上城区,[],0571-87388393;18768118489,B0FFK91SH0,十五奎巷41号(鼓楼边),[],浙江省,diner,杭州市,[],"蛋黄鸡翅,招牌肉蟹煲,老弄堂小炒皇,馋嘴牛蛙,酸菜鱼,大闸蟹,脆皮大肠,龙井虾仁,干炸臭豆腐,西湖醋鱼,油爆虾,秘制东坡肉烧大乌参,杂鱼一锅鲜,椒盐土豆片,招牌酸菜鱼,桃胶椰冻,杭三鲜,招牌油爆虾,蒜蓉粉丝海鲜拼,手撕羊排,雪菜目鱼仔,芥菜鱼米羹,五花肉,双人餐,家常菜,牛肉,绍兴臭豆腐,干炸臭豆腐,西湖醋鱼,脆皮大肠",老弄堂菜馆(鼓楼店),"120.170111,30.237320",[],[],[],,,TRUE,TRUE,FALSE,FALSE,餐饮服务;中餐厅;中餐厅,餐饮服务,中餐厅,"['蛋黄鸡翅', '招牌肉蟹煲', '老弄堂小炒皇', '馋嘴牛蛙', '酸菜鱼', '大闸蟹', '脆皮大肠', '龙井虾仁', '干炸臭豆腐', '西湖醋鱼', '油爆虾', '秘制东坡肉烧大乌参', '杂鱼一锅鲜', '椒盐土豆片', '招牌酸菜鱼', '桃胶椰冻', '杭三鲜', '招牌油爆虾', '蒜蓉粉丝海鲜拼', '手撕羊排', '雪菜目鱼仔', '芥菜鱼米羹', '五花肉', '双人餐', '家常菜', '牛肉', '绍兴臭豆腐', '干炸臭豆腐', '西湖醋鱼', '脆皮大肠']"
[],[],杭帮菜,[],[],餐饮服务;中餐厅;浙江菜,[],[],050106,0,[],上城区,[],19032287085,B0L3URI8XO,中山中路12-14号,[],浙江省,diner,杭州市,[],"鸳鸯鳝丝,招牌熟醉蟹,招牌油爆虾,招牌东坡肉,葱酥猪肝,西湖醋鱼,猪肝,鳝丝",东坡文人面馆,"120.171361,30.238717",[],[],[],,,TRUE,TRUE,FALSE,FALSE,餐饮服务;中餐厅;浙江菜,餐饮服务,中餐厅,"['鸳鸯鳝丝', '招牌熟醉蟹', '招牌油爆虾', '招牌东坡肉', '葱酥猪肝', '西湖醋鱼', '猪肝', '鳝丝']"
B0FFHGLPEA,[],江浙菜,[],[],餐饮服务;中餐厅;中餐厅,[],[],050100,0,[],上城区,[],0571-81066777,B0L6YH1FTT,九源路9号东业旺田商务大厦B座,[],浙江省,diner,杭州市,202,"云南松茸汽锅鸡,黑蒜素双包,大漠风沙烤羊排,四季蟹粉狮子头,西湖牛肉鱼米羹,海胆洋水白豆腐,椒香鸡汁大白条,山核桃牛仔粒,李白招牌烤鸭,煲仔荔浦香芋,云雾秘制醉大头虾,李白蒸湖蟹,金牌扣肉拼酒酿馒头,青椒麻乳鸽,花雕红烧肉酱蛋,泉水浸牛肉,云雾鸳鸯龙井虾仁,南宋蟹酿橙,湘味黄椒吊龙,文火小牛肉蔬菜馍,自贡鲜辣跳跳蛙,波士顿龙虾,双人餐",李白图书馆餐厅?杭帮菜名店(九堡店),"120.263691,30.305378",[],[],[],,,TRUE,TRUE,FALSE,FALSE,餐饮服务;中餐厅;中餐厅,餐饮服务,中餐厅,"['云南松茸汽锅鸡', '黑蒜素双包', '大漠风沙烤羊排', '四季蟹粉狮子头', '西湖牛肉鱼米羹', '海胆洋水白豆腐', '椒香鸡汁大白条', '山核桃牛仔粒', '李白招牌烤鸭', '煲仔荔浦香芋', '云雾秘制醉大头虾', '李白蒸湖蟹', '金牌扣肉拼酒酿馒头', '青椒麻乳鸽', '花雕红烧肉酱蛋', '泉水浸牛肉', '云雾鸳鸯龙井虾仁', '南宋蟹酿橙', '湘味黄椒吊龙', '文火小牛肉蔬菜馍', '自贡鲜辣跳跳蛙', '波士顿龙虾', '双人餐']"
B023B0644I,[],江浙菜,[],[],餐饮服务;餐饮相关场所;餐饮相关,[],[],050000,0,[],拱墅区,[],0571-86773977;19157723977,B0KKBSLOPP,朝晖街道潮王路177号,[],浙江省,diner,杭州市,320,"卤蛋,牛肉",東大方(杭州潮王路店),"120.153785,30.285750",[],[],[],,,TRUE,TRUE,FALSE,FALSE,餐饮服务;餐饮相关场所;餐饮相关,餐饮服务,餐饮相关场所,"['卤蛋', '牛肉']"
B0FFLJ5UIY,[],江浙菜,[],[],餐饮服务;中餐厅;中餐厅,[],[],050100,0,[],西湖区,[],13738096820,B0K2HSC6SP,蒋村街道西溪天堂国际旅游综合体12-24号,[],浙江省,diner,杭州市,302,"抹茶茉莉生酪,红枣酒酿圆子,蟹粉虾仁面,手工蟹黄春卷,开心果千层蛋糕,秘制花雕醉蟹,蟹粉虾仁饭,网红气泡小金鱼,手工蟹黄水饺,网红冰镇杨梅汁,江南蟹黄面,蟹粉鸡汁面,鲍鱼卤肉饭,青提豆花,蟹黄大汤包,玫瑰桃胶西米露,手工蟹黄馄饨,蟹粉娃娃菜,网红茉莉奶茶,手工陈皮小青柑,花雕熟醉虾2只,手工蟹全宴,海胆虾饺皇,手工蟹黄小汤包,手工西柚百香果汁,双人餐,杨梅冰汤圆",苏小蟹·蟹黄面(西溪湿地博物馆店),"120.088677,30.264503",[],[],[],,,TRUE,TRUE,FALSE,FALSE,餐饮服务;中餐厅;中餐厅,餐饮服务,中餐厅,"['抹茶茉莉生酪', '红枣酒酿圆子', '蟹粉虾仁面', '手工蟹黄春卷', '开心果千层蛋糕', '秘制花雕醉蟹', '蟹粉虾仁饭', '网红气泡小金鱼', '手工蟹黄水饺', '网红冰镇杨梅汁', '江南蟹黄面', '蟹粉鸡汁面', '鲍鱼卤肉饭', '青提豆花', '蟹黄大汤包', '玫瑰桃胶西米露', '手工蟹黄馄饨', '蟹粉娃娃菜', '网红茉莉奶茶', '手工陈皮小青柑', '花雕熟醉虾2只', '手工蟹全宴', '海胆虾饺皇', '手工蟹黄小汤包', '手工西柚百香果汁', '双人餐', '杨梅冰汤圆']"
B0G0JUHTY8,[],江浙菜,[],[],餐饮服务;中餐厅;中餐厅,[],[],050100,0,[],余杭区,[],0571-86111977,B0JA9LJ4VP,五常街道西溪八方城8幢114-122室,[],浙江省,diner,杭州市,202,"传统卤鹅,家烧东海小鲜,时令鲜甜豆,老鸭馄饨煲,虾和牛蛙的故事,东坡香芋煲,方师傅红烧肉,水煮肉片,酸汤肥牛",東大方(杭州八方城店),"120.045138,30.289475",[],[],[],,,TRUE,TRUE,FALSE,FALSE,餐饮服务;中餐厅;中餐厅,餐饮服务,中餐厅,"['传统卤鹅', '家烧东海小鲜', '时令鲜甜豆', '老鸭馄饨煲', '虾和牛蛙的故事', '东坡香芋煲', '方师傅红烧肉', '水煮肉片', '酸汤肥牛']"
B0FFHCZ0KV,[],江浙菜,[],[],餐饮服务;中餐厅;浙江菜,[],[],050106,0,[],上城区,[],0571-87025558;13216705653,B023B087K4,南山路198号,[],浙江省,diner,杭州市,324,"生态鱼头锅,蟹粉豆腐,松鼠桂鱼,菠萝油条虾,酸汤肥牛,莲藕糖醋里脊,三杯鸡,东坡肉,西子茶点,菌菇素鹅,秘制牛仔骨,功夫麻球,西湖醋鱼二吃,冰淇淋醉膏蟹,四方咖喱虾,单人餐,双人餐,私房菜,脆皮大肠,蟹粉豆腐",玲珑小镇·创意私房菜(西湖南山路店),"120.158325,30.241322",[],[],[],,,TRUE,TRUE,FALSE,FALSE,餐饮服务;中餐厅;浙江菜,餐饮服务,中餐厅,"['生态鱼头锅', '蟹粉豆腐', '松鼠桂鱼', '菠萝油条虾', '酸汤肥牛', '莲藕糖醋里脊', '三杯鸡', '东坡肉', '西子茶点', '菌菇素鹅', '秘制牛仔骨', '功夫麻球', '西湖醋鱼二吃', '冰淇淋醉膏蟹', '四方咖喱虾', '单人餐', '双人餐', '私房菜', '脆皮大肠', '蟹粉豆腐']"
B0FFG97JK0,[],江浙菜,[],[],餐饮服务;中餐厅;浙江菜|餐饮服务;中餐厅;江苏菜,[],[],050106|050105,0,[],钱塘区,[],0571-87089750,B0FFLHNO5U,金沙大道97号杭州金沙印象城L6层L6-05、L6-06,[],浙江省,diner,杭州市,201,"家常菜,炸鸡,糖醋里脊,牛肉,素菜,豆腐,酸菜鱼,鸡肉,片儿川",外婆家(杭州金沙印象城店),"120.336513,30.308818",[],[],[],,,TRUE,TRUE,FALSE,FALSE,餐饮服务;中餐厅;浙江菜,餐饮服务,中餐厅,"['家常菜', '炸鸡', '糖醋里脊', '牛肉', '素菜', '豆腐', '酸菜鱼', '鸡肉', '片儿川']"
[],[],杭帮菜,[],[],餐饮服务;中餐厅;中餐厅,[],[],050100,0,[],西湖区,[],15658060722,B0KB5DIZVL,宝石山下二弄6-2号,[],浙江省,diner,杭州市,[],"双人餐,私房菜,叫化童鸡,叫花鸡,西湖醋鱼,东坡肉,西湖桂花藕粉,龙井虾仁,西湖藕粉,西湖牛肉羹",江南忆·融合杭帮私房菜,"120.152078,30.261150",[],[],[],,,TRUE,TRUE,FALSE,FALSE,餐饮服务;中餐厅;中餐厅,餐饮服务,中餐厅,"['双人餐', '私房菜', '叫化童鸡', '叫花鸡', '西湖醋鱼', '东坡肉', '西湖桂花藕粉', '龙井虾仁', '西湖藕粉', '西湖牛肉羹']"
[],[],江浙菜,[],[],餐饮服务;餐饮相关场所;餐饮相关,[],[],050000,0,[],西湖区,[],15168200920,B0LAVH7JIF,灵隐街道梅灵北路265号,[],浙江省,diner,杭州市,[],双人餐,三生小坞·山野食集(杭州西湖灵隐店),"120.105016,30.235894",[],[],[],,,TRUE,TRUE,FALSE,FALSE,餐饮服务;餐饮相关场所;餐饮相关,餐饮服务,餐饮相关场所,['双人餐']
[],[],江浙菜,[],[],餐饮服务;中餐厅;浙江菜,[],[],050106,0,[],滨江区,[],0571-87982977;0571-87985933,B0FFIBM7II,江汉路与江南大道交叉口江南天街商业中心1幢5F07室,[],浙江省,diner,杭州市,[],"绿茶葱香烤肉,面包诱惑,小锅土豆,招牌粉丝裹虾,绿茶烤鸡,石锅鸡汤豆腐,绿茶饼,糖醋里脊,绿茶葱香烤鸡,龙井虾仁,绿茶炒饭,蒜香蜜汁排骨,鲜肉红油抄手,绿茶酸奶,烤肉,烤鸡,鸡肉,烤鱼,杭三鲜",绿茶餐厅(滨江龙湖店),"120.204712,30.201408",[],[],[],,,TRUE,TRUE,FALSE,FALSE,餐饮服务;中餐厅;浙江菜,餐饮服务,中餐厅,"['绿茶葱香烤肉', '面包诱惑', '小锅土豆', '招牌粉丝裹虾', '绿茶烤鸡', '石锅鸡汤豆腐', '绿茶饼', '糖醋里脊', '绿茶葱香烤鸡', '龙井虾仁', '绿茶炒饭', '蒜香蜜汁排骨', '鲜肉红油抄手', '绿茶酸奶', '烤肉', '烤鸡', '鸡肉', '烤鱼', '杭三鲜']"
[],[],江浙菜,[],[],餐饮服务;餐饮相关场所;餐饮相关,[],[],050000,0,[],上城区,[],0571-86097077,B0K0TDXGWX,笕桥街道祥生中心5幢1层140室、2层204-207室,[],浙江省,diner,杭州市,[],"传统卤鹅,老鸭馄饨煲,虾和牛蛙的故事,东坡香芋煲,方师傅红烧肉,家烧东海小鲜,时令鲜甜豆",東大方(祥生中心店),"120.224419,30.301719",[],[],[],,,TRUE,TRUE,FALSE,FALSE,餐饮服务;餐饮相关场所;餐饮相关,餐饮服务,餐饮相关场所,"['传统卤鹅', '老鸭馄饨煲', '虾和牛蛙的故事', '东坡香芋煲', '方师傅红烧肉', '家烧东海小鲜', '时令鲜甜豆']"
B0I24UPBAT,[],江浙菜,[],[],餐饮服务;中餐厅;中餐厅,[],[],050100,0,[],西湖区,[],0571-87609977;15958176555;17366622653,B0GR2K9XSU,转塘街道云河街和洙泗路交叉口美上商业中心2楼,[],浙江省,diner,杭州市,202,"农家菜,虾仁,双人餐,鸡肉,应季大闸蟹,西湖牛肉羹",府上家宴·百年浙菜(美上店),"120.080777,30.147271",[],[],[],,,TRUE,TRUE,FALSE,FALSE,餐饮服务;中餐厅;中餐厅,餐饮服务,中餐厅,"['农家菜', '虾仁', '双人餐', '鸡肉', '应季大闸蟹', '西湖牛肉羹']"
[],[],杭帮菜,[],[],餐饮服务;中餐厅;中餐厅,[],[],050100,0,[],拱墅区,[],0571-87913526,B0FFIMXONQ,信义商街241、242、249、250号,[],浙江省,diner,杭州市,[],"杭州卤鸭,油焖春笋,砂锅土烧鱼头,三鲜鱼圆汤,私房酸菜鱼,素炒二冬,炒二冬（放酱油）,生醉河虾,家常菜,年糕,鱼头,牛蛙,鸡肉,老杭州卤鸭,蘑菇,豆腐,鸡块,东坡肉",巷儿里餐厅·杭帮菜(信义坊步行街店),"120.142400,30.294190",[],[],[],,,TRUE,TRUE,FALSE,FALSE,餐饮服务;中餐厅;中餐厅,餐饮服务,中餐厅,"['杭州卤鸭', '油焖春笋', '砂锅土烧鱼头', '三鲜鱼圆汤', '私房酸菜鱼', '素炒二冬', '炒二冬（放酱油）', '生醉河虾', '家常菜', '年糕', '鱼头', '牛蛙', '鸡肉', '老杭州卤鸭', '蘑菇', '豆腐', '鸡块', '东坡肉']"
B0FFHBJOFN,[],火锅,[],[],餐饮服务;中餐厅;中餐厅,[],[],050100,0,[],拱墅区,[],0571-86050015;0571-86050075,B0FFF3LEB6,天水街道延安路609号10F-0110F-02,[],浙江省,diner,杭州市,202,双人餐,海底捞火锅(武林广场国大店),"120.162976,30.269480",[],[],[],,,TRUE,TRUE,FALSE,FALSE,餐饮服务;中餐厅;中餐厅,餐饮服务,中餐厅,['双人餐']
[],[],火锅,[],[],餐饮服务;餐饮相关场所;餐饮相关,[],[],050000,0,[],滨江区,[],0571-88025656,B0LU45UPHM,闻涛路1861号,[],浙江省,diner,杭州市,[],"一大杯红心芭乐水,顶流卤菜拼盘,重庆当日空运鲜毛肚,耙糯大肠头,耙卤猪蹄,学校门口锅巴土豆,耙卤鸡爪,九尺鲜扣鹅肠,耙耙牛蹄筋,A级雪花肥牛,巴掌腰花,卤猪蹄",超火锅(滨江店),"120.197035,30.208983",[],[],[],,,TRUE,TRUE,FALSE,FALSE,餐饮服务;餐饮相关场所;餐饮相关,餐饮服务,餐饮相关场所,"['一大杯红心芭乐水', '顶流卤菜拼盘', '重庆当日空运鲜毛肚', '耙糯大肠头', '耙卤猪蹄', '学校门口锅巴土豆', '耙卤鸡爪', '九尺鲜扣鹅肠', '耙耙牛蹄筋', 'A级雪花肥牛', '巴掌腰花', '卤猪蹄']"
B0J05SQIWD,[],川菜,[],[],餐饮服务;中餐厅;中餐厅,[],[],050100,0,[],上城区,[],19032286903,B0K6ZKUOJ2,彭埠街道明月桥路德信中心7号楼1楼商铺,[],浙江省,diner,杭州市,202,"沸腾香辣虾,肉松冰川茄子,牛肉,肉松,辣子鸡,豆腐",荆九爷爆炒桥头三嫩(东站店),"120.221228,30.295793",[],[],[],,,TRUE,TRUE,FALSE,FALSE,餐饮服务;中餐厅;中餐厅,餐饮服务,中餐厅,"['沸腾香辣虾', '肉松冰川茄子', '牛肉', '肉松', '辣子鸡', '豆腐']"
[],[],川菜,[],[],餐饮服务;中餐厅;四川菜(川菜),[],[],050102,0,[],拱墅区,[],0571-87851289;15355058307,B0FFHQ5MD9,上塘路310-3号(潮王路地铁站B口步行440米),[],浙江省,diner,杭州市,[],"双人餐,牛肉,鸡肉,辣子鸡,毛血旺,酸菜鱼,水煮鱼",晚酒·阿英川菜馆(一店),"120.161865,30.292981",[],[],[],,,TRUE,TRUE,FALSE,FALSE,餐饮服务;中餐厅;四川菜(川菜),餐饮服务,中餐厅,"['双人餐', '牛肉', '鸡肉', '辣子鸡', '毛血旺', '酸菜鱼', '水煮鱼']"
B0FFI1ULJR,[],川菜,[],[],餐饮服务;中餐厅;特色/地方风味餐厅|餐饮服务;中餐厅;四川菜(川菜),[],[],050118|050102,0,[],上城区,[],18969057312,B0KKSAV2BG,延安路湖滨银泰in77C3区负一层b1031铺,[],浙江省,diner,杭州市,202,"烤鱼,鸡肉",烤匠麻辣烤鱼(in77店),"120.164780,30.250798",[],[],[],,,TRUE,TRUE,FALSE,FALSE,餐饮服务;中餐厅;特色/地方风味餐厅,餐饮服务,中餐厅,"['烤鱼', '鸡肉']"
[],[],火锅,[],[],餐饮服务;中餐厅;火锅店,[],[],050117,0,[],滨江区,[],15382370907,B0I2VC3MV9,南环路3870号,[],浙江省,diner,杭州市,[],"烤鸭,牛肉,素菜,蛋炒饭",躲姨家火锅,"120.153758,30.179041",[],[],[],,,TRUE,TRUE,FALSE,FALSE,餐饮服务;中餐厅;火锅店,餐饮服务,中餐厅,"['烤鸭', '牛肉', '素菜', '蛋炒饭']"
B0L22C0ONA,[],火锅,[],[],餐饮服务;中餐厅;火锅店,[],[],050117,0,[],萧山区,[],0571-82553877;0571-82790997,B0L3KXCKEA,建设四路189号4层(兴议地铁站A出口),[],浙江省,diner,杭州市,202,双人餐,海底捞火锅(金帝T-ONE MO店),"120.239995,30.212726",[],[],[],,,TRUE,TRUE,FALSE,FALSE,餐饮服务;中餐厅;火锅店,餐饮服务,中餐厅,['双人餐']
[],[],川菜,[],[],餐饮服务;餐饮相关场所;餐饮相关,[],[],050000,0,[],西湖区,[],19700738279,B0JDBH8BY8,紫荆花路274号,[],浙江省,diner,杭州市,[],"山城毛血旺,鸡肉,水煮肉片,贰姐麻婆豆腐,鱼香肉丝,辣子鸡,麻婆豆腐,口水鸡",贰姐川菜,"120.092655,30.287563",[],[],[],,,TRUE,TRUE,FALSE,FALSE,餐饮服务;餐饮相关场所;餐饮相关,餐饮服务,餐饮相关场所,"['山城毛血旺', '鸡肉', '水煮肉片', '贰姐麻婆豆腐', '鱼香肉丝', '辣子鸡', '麻婆豆腐', '口水鸡']"
B0FFGE8HLU,[],川菜,[],[],餐饮服务;中餐厅;特色/地方风味餐厅,[],[],050118,0,[],萧山区,[],15356698307,B0I3PUGMSI,利丰路亨德利闽商大厦1楼824号商铺,[],浙江省,diner,杭州市,202,"肉松冰川茄子,沸腾香辣虾,土豆丝,鸡肉,双人餐,牛肉,九秒腰花,乾隆辣子鸡,爆炒腰花",荆九爷爆炒桥头三嫩(萧山店),"120.260463,30.231142",[],[],[],,,TRUE,TRUE,FALSE,FALSE,餐饮服务;中餐厅;特色/地方风味餐厅,餐饮服务,中餐厅,"['肉松冰川茄子', '沸腾香辣虾', '土豆丝', '鸡肉', '双人餐', '牛肉', '九秒腰花', '乾隆辣子鸡', '爆炒腰花']"
B023B09GG3,[],川菜,[],[],餐饮服务;中餐厅;四川菜(川菜),[],[],050102,0,[],上城区,[],19106788101,B0KRJ63H8S,解放路249号杭州解百商场A座1楼008室,[],浙江省,diner,杭州市,202,"双人餐,毛血旺,水煮鱼,辣子鸡",晚酒·阿英川菜馆(解百店),"120.166187,30.249423",[],[],[],,,TRUE,TRUE,FALSE,FALSE,餐饮服务;中餐厅;四川菜(川菜),餐饮服务,中餐厅,"['双人餐', '毛血旺', '水煮鱼', '辣子鸡']"
B0FFLH9F7T,[],火锅,[],[],餐饮服务;中餐厅;火锅店,[],[],050117,0,[],上城区,[],0571-89990598,B0MBKKOSP7,和兴路129号杭州东站万象汇L0229N、L143,[],浙江省,diner,杭州市,202,[],巴奴毛肚火锅(杭州东站万象汇店),"120.217475,30.293775",[],[],[],,,TRUE,TRUE,FALSE,FALSE,餐饮服务;中餐厅;火锅店,餐饮服务,中餐厅,[]
[],[],毛肚火锅,[],[],餐饮服务;中餐厅;火锅店,[],[],050117,0,[],萧山区,[],19032003933,B0K6FSGBQ5,萧杭路615-五七公社文创园19号楼,[],浙江省,diner,杭州市,[],双人餐,白乐天毛肚火锅店,"120.252506,30.172638",[],[],[],,,TRUE,TRUE,FALSE,FALSE,餐饮服务;中餐厅;火锅店,餐饮服务,中餐厅,['双人餐']
B0JRFCSVRF,[],火锅,[],[],餐饮服务;中餐厅;火锅店,[],[],050117,0,[],上城区,[],0571-88038962;0571-88320206,B0L037DL1J,科城街368号龙湖杭州上城天街F5层,[],浙江省,diner,杭州市,202,双人餐,海底捞火锅(上城天街店),"120.278125,30.330875",[],[],[],,,TRUE,TRUE,FALSE,FALSE,餐饮服务;中餐厅;火锅店,餐饮服务,中餐厅,['双人餐']
B0LR15RTH1,[],川菜,[],[],餐饮服务;中餐厅;四川菜(川菜)|餐饮服务;中餐厅;火锅店,[],[],050102|050117,0,[],钱塘区,[],19941002515,B0FFJQOZ56,下沙街道高沙路651号,[],浙江省,diner,杭州市,320,"毛血旺,酸菜鱼,冷气口水鸡,夫妻肺片,老坛酸菜鱼,蒜苗回锅肉,川霸水煮鱼,麻婆豆腐,口水鸡,辣子鸡,鸡肉",川霸川菜,"120.334742,30.315122",[],[],[],,,TRUE,TRUE,FALSE,FALSE,餐饮服务;中餐厅;四川菜(川菜),餐饮服务,中餐厅,"['毛血旺', '酸菜鱼', '冷气口水鸡', '夫妻肺片', '老坛酸菜鱼', '蒜苗回锅肉', '川霸水煮鱼', '麻婆豆腐', '口水鸡', '辣子鸡', '鸡肉']"
B023B0AFTU,[],川菜,[],[],餐饮服务;中餐厅;中餐厅,[],[],050100,0,[],钱塘区,[],19157900921,B0JAGZAC9R,白杨街道2号大街22号十六街区商城商铺129、130,[],浙江省,diner,杭州市,202,"沸腾香辣虾,肉松冰川茄子,乾隆辣子鸡,鸡肉,家常菜,牛肉,蟹黄",荆九爷爆炒桥头三嫩(下沙店),"120.352871,30.309450",[],[],[],,,TRUE,TRUE,FALSE,FALSE,餐饮服务;中餐厅;中餐厅,餐饮服务,中餐厅,"['沸腾香辣虾', '肉松冰川茄子', '乾隆辣子鸡', '鸡肉', '家常菜', '牛肉', '蟹黄']"
[],[],川菜,[],[],餐饮服务;中餐厅;四川菜(川菜),[],[],050102,0,[],拱墅区,[],15336887653,B0J3JUTIEJ,丰潭路与润园街交叉口天行国际中心7号楼1层,[],浙江省,diner,杭州市,[],"夫妻肺片,双人餐,麻婆豆腐",阿英川菜馆(丰潭路店),"120.106253,30.304994",[],[],[],,,TRUE,TRUE,FALSE,FALSE,餐饮服务;中餐厅;四川菜(川菜),餐饮服务,中餐厅,"['夫妻肺片', '双人餐', '麻婆豆腐']"
B0FFF464ZU,[],川菜,[],[],餐饮服务;中餐厅;四川菜(川菜),[],[],050102,0,[],钱塘区,[],19106726298,B0I245MQG6,松乔街532-2号,[],浙江省,diner,杭州市,320,"特色酸菜鱼黑鱼,山城辣子鸡,鱼香肉丝,毛血旺,双人餐",老地方川菜(元成东盛家园店),"120.340025,30.324557",[],[],[],,,TRUE,TRUE,FALSE,FALSE,餐饮服务;中餐厅;四川菜(川菜),餐饮服务,中餐厅,"['特色酸菜鱼黑鱼', '山城辣子鸡', '鱼香肉丝', '毛血旺', '双人餐']"
B0KR27IXA0,[],川菜,[],[],餐饮服务;中餐厅;中餐厅,[],[],050100,0,[],萧山区,[],[],B0KDG4FJ4P,兴五路68号无限公园121裙房(1号楼背面中央水池旁),[],浙江省,diner,杭州市,202,[],抱抱爆炒店(无限公园店),"120.236541,30.197002",[],[],[],,,TRUE,TRUE,FALSE,FALSE,餐饮服务;中餐厅;中餐厅,餐饮服务,中餐厅,[]
B0GD7A9AIE,[],毛肚火锅,[],[],餐饮服务;中餐厅;火锅店,[],[],050117,0,[],西湖区,[],0571-86551577,B0L3AUVQ8K,余杭塘路1001号龙湖杭州西溪天街5F层,[],浙江省,diner,杭州市,201,[],巴奴毛肚火锅(龙湖杭州西溪天街店),"120.068704,30.293734",[],[],[],,,TRUE,TRUE,FALSE,FALSE,餐饮服务;中餐厅;火锅店,餐饮服务,中餐厅,[]
B023B18CUS,[],川菜,[],[],餐饮服务;中餐厅;四川菜(川菜),[],[],050102,0,[],滨江区,[],18106593801,B0JUPH002L,固陵路64号1号楼106室(西兴楼),[],浙江省,diner,杭州市,202,"肉松冰川茄子,沸腾香辣虾,乾隆辣子鸡,大排档,牛肉,肥肠,肉松,鸡肉",荆九爷爆炒桥头三嫩(滨江店),"120.227629,30.191152",[],[],[],,,TRUE,TRUE,FALSE,FALSE,餐饮服务;中餐厅;四川菜(川菜),餐饮服务,中餐厅,"['肉松冰川茄子', '沸腾香辣虾', '乾隆辣子鸡', '大排档', '牛肉', '肥肠', '肉松', '鸡肉']"
B0L22C0ONA,[],川菜,[],[],餐饮服务;中餐厅;四川菜(川菜),[],[],050102,0,[],萧山区,[],19012808279,B0L2JA5JM5,北干街道建设四路189号T-ONEMO三层22号,[],浙江省,diner,杭州市,202,双人餐,晚酒·阿英川菜馆(奥体金帝店),"120.239869,30.212764",[],[],[],,,TRUE,TRUE,FALSE,FALSE,餐饮服务;中餐厅;四川菜(川菜),餐饮服务,中餐厅,['双人餐']
[],[],串串香,[],[],餐饮服务;中餐厅;火锅店,[],[],050117,0,[],滨江区,[],15888824908,B0L24LP7VO,滨江区长河老街历史文化街区停车场对面,[],浙江省,diner,杭州市,[],火锅串串香,小树林老成都火锅串串香·盖碗茶(宠物友好店),"120.193168,30.172297",[],[],[],,,TRUE,TRUE,FALSE,FALSE,餐饮服务;中餐厅;火锅店,餐饮服务,中餐厅,['火锅串串香']
B0FFG4JOVW,[],"餐饮服务,餐饮相关场所,餐饮相关",[],[],餐饮服务;餐饮相关场所;餐饮相关,[],[],050000,0,[],萧山区,[],19057152665,B0L0FZ1Y42,丰北二苑,[],浙江省,diner,杭州市,320,[],禄德林川味黑鱼花(萧山店),"120.255430,30.228313",[],[],[],,,TRUE,TRUE,FALSE,FALSE,餐饮服务;餐饮相关场所;餐饮相关,餐饮服务,餐饮相关场所,[]
B0JRFCSVRF,[],火锅,[],[],餐饮服务;中餐厅;火锅店,[],[],050117,0,[],上城区,[],0571-85036112,B0LKUCZNU6,九堡街道科城街368号滨乔商务中心杭州上城天街A区5楼,[],浙江省,diner,杭州市,202,[],巴奴毛肚火锅(杭州上城龙湖天街店),"120.277460,30.331603",[],[],[],,,TRUE,TRUE,FALSE,FALSE,餐饮服务;中餐厅;火锅店,餐饮服务,中餐厅,[]
B0FFKCKICI,[],川菜,[],[],餐饮服务;餐饮相关场所;餐饮相关,[],[],050000,0,[],上城区,[],17625610260,B0KDYUWPE6,环站东路富亿花园中心2-135,[],浙江省,diner,杭州市,202,"烤肠,绿豆汤,肥肠,冒菜",孔岳冒菜(彭埠店),"120.219288,30.297583",[],[],[],,,TRUE,TRUE,FALSE,FALSE,餐饮服务;餐饮相关场所;餐饮相关,餐饮服务,餐饮相关场所,"['烤肠', '绿豆汤', '肥肠', '冒菜']"
B0JUTCMK8X,[],川菜,[],[],餐饮服务;中餐厅;中餐厅,[],[],050100,0,[],滨江区,[],19357368618,B0KAUYBYTZ,长河街道国慷街509号蓝城英冠滨悦城4-117室,[],浙江省,diner,杭州市,202,"双人餐,家常菜,牛肉,鸡肉",荆九爷爆炒桥头三嫩(滨江滨悦城店),"120.172392,30.192810",[],[],[],,,TRUE,TRUE,FALSE,FALSE,餐饮服务;中餐厅;中餐厅,餐饮服务,中餐厅,"['双人餐', '家常菜', '牛肉', '鸡肉']"
B0FFI0VFCR,[],川菜,[],[],餐饮服务;中餐厅;四川菜(川菜),[],[],050102,0,[],滨江区,[],0571-85507993;19057208539,B0LRUDD3FY,浦沿街道宝龙城(杭州滨江店)一层中区7号门室内观光梯旁,[],浙江省,diner,杭州市,202,"自贡水煮牛肉,古法麻婆豆腐",蜀谭记·盐帮川菜(杭州首店),"120.167185,30.188132",[],[],[],,,TRUE,TRUE,FALSE,FALSE,餐饮服务;中餐厅;四川菜(川菜),餐饮服务,中餐厅,"['自贡水煮牛肉', '古法麻婆豆腐']"
B0GD7A9AIE,[],川菜,[],[],餐饮服务;中餐厅;四川菜(川菜),[],[],050102,0,[],西湖区,[],[],B0LAGHU10H,西溪龙湖天街1层86号西岸集装箱内街,[],浙江省,diner,杭州市,202,"双人餐,麻婆豆腐,毛血旺,水煮鱼,夫妻肺片",晚酒·阿英川菜馆(西溪天街店),"120.068495,30.293577",[],[],[],,,TRUE,TRUE,FALSE,FALSE,餐饮服务;中餐厅;四川菜(川菜),餐饮服务,中餐厅,"['双人餐', '麻婆豆腐', '毛血旺', '水煮鱼', '夫妻肺片']"
B0FFFFXTIA,[],川菜,[],[],餐饮服务;中餐厅;四川菜(川菜),[],[],050102,0,[],萧山区,[],0571-82366699,B0KB1A48RS,民和路与皓月路交叉口北60米,[],浙江省,diner,杭州市,202,"辣香文火慢烧猪手花胶公,【荔枝,宫保南非龙虾球,黑松露菌菇饺,【酱香,三代人传承酱肉包,泡豇豆烧江米鱼,水煮东星斑,椒麻脆笋澳洲带子,海胆烤松叶蟹,【咸鲜,芙蓉清汤鸡豆花,黄金笋壳鱼,澳洲和牛麻婆豆腐,四川泡菜豆面烧南非小青龙,【家常,回锅放养黑毛猪肉皇,【麻辣,安格斯牛肉麻婆豆腐,东坡肘子,放养360天土猪肉回锅肉,柑树籽蒸法国银鳕鱼,【酸辣,四川泡菜豆烧南非小青龙,安格斯牛肉麻婆豆腐,精品夫妻肺片,双人餐,回锅放养360天黑毛猪肉皇,回锅肉",琂川.经典川菜.二十四味,"120.254359,30.232792",[],[],[],,,TRUE,TRUE,FALSE,FALSE,餐饮服务;中餐厅;四川菜(川菜),餐饮服务,中餐厅,"['辣香文火慢烧猪手花胶公', '【荔枝', '宫保南非龙虾球', '黑松露菌菇饺', '【酱香', '三代人传承酱肉包', '泡豇豆烧江米鱼', '水煮东星斑', '椒麻脆笋澳洲带子', '海胆烤松叶蟹', '【咸鲜', '芙蓉清汤鸡豆花', '黄金笋壳鱼', '澳洲和牛麻婆豆腐', '四川泡菜豆面烧南非小青龙', '【家常', '回锅放养黑毛猪肉皇', '【麻辣', '安格斯牛肉麻婆豆腐', '东坡肘子', '放养360天土猪肉回锅肉', '柑树籽蒸法国银鳕鱼', '【酸辣', '四川泡菜豆烧南非小青龙', '安格斯牛肉麻婆豆腐', '精品夫妻肺片', '双人餐', '回锅放养360天黑毛猪肉皇', '回锅肉']"
B0JGHHU0LJ,[],川菜,[],[],餐饮服务;中餐厅;四川菜(川菜),[],[],050102,0,[],萧山区,[],15306718698,B0L25RCMGW,北干街道长龙路优立方大厦291号,[],浙江省,diner,杭州市,202,[],照云川菜(萧山店),"120.245059,30.207387",[],[],[],,,TRUE,TRUE,FALSE,FALSE,餐饮服务;中餐厅;四川菜(川菜),餐饮服务,中餐厅,[]
B0IK5UXK1M,[],川菜,[],[],餐饮服务;中餐厅;中餐厅,[],[],050100,0,[],萧山区,[],19032277380,B0K13HZFC0,金惠路1696号荣星名座一楼,[],浙江省,diner,杭州市,202,"原汤酸菜鱼,酸菜鱼",摆笼酸菜鱼庄·精品川菜(荣星名座店),"120.237356,30.187255",[],[],[],,,TRUE,TRUE,FALSE,FALSE,餐饮服务;中餐厅;中餐厅,餐饮服务,中餐厅,"['原汤酸菜鱼', '酸菜鱼']"
B0FFHGM6RY,[],川菜,[],[],餐饮服务;中餐厅;中餐厅,[],[],050100,0,[],拱墅区,[],19957891963,B0LRDA5AT4,新天地购物中心5楼,[],浙江省,diner,杭州市,201,[],荆九爷爆炒桥头三嫩(新天地店),"120.179575,30.323066",[],[],[],,,TRUE,TRUE,FALSE,FALSE,餐饮服务;中餐厅;中餐厅,餐饮服务,中餐厅,[]
B023B09OTE,[],川菜,[],[],餐饮服务;中餐厅;特色/地方风味餐厅,[],[],050118,0,[],滨江区,[],19012883856,B0K1YZAAT3,星光大道一期中心广场,[],浙江省,diner,杭州市,202,"把把烧,芝士烤红薯,包浆豆腐,炭烤猪颈肉,掌中宝,开心果雪花冰,豆腐,烤鱼",烤匠麻辣烤鱼(星光大道店),"120.209003,30.208380",[],[],[],,,TRUE,TRUE,FALSE,FALSE,餐饮服务;中餐厅;特色/地方风味餐厅,餐饮服务,中餐厅,"['把把烧', '芝士烤红薯', '包浆豆腐', '炭烤猪颈肉', '掌中宝', '开心果雪花冰', '豆腐', '烤鱼']"
B0JGHHU0LJ,[],川菜,[],[],餐饮服务;餐饮相关场所;餐饮相关,[],[],050000,0,[],萧山区,[],15969480339;19357107322,B0LAPCLGQW,北干街道长龙路287号距7号线明星路站B口步行538米,[],浙江省,diner,杭州市,202,冒菜,孔岳冒菜(无忧店),"120.245138,30.207390",[],[],[],,,TRUE,TRUE,FALSE,FALSE,餐饮服务;餐饮相关场所;餐饮相关,餐饮服务,餐饮相关场所,['冒菜']
B023B0BVL0,[],川菜,[],[],餐饮服务;中餐厅;中餐厅,[],[],050100,0,[],钱塘区,[],18969130169,B0HACRXCN1,下沙学林街,[],浙江省,diner,杭州市,324,"迎飞鸭掌（2只）,冒烤鸭,脑花烧豆腐,缤纷红糖冰粉队,兔头,麻辣鲜烧牛肉小份,纯黄豆手工冰豆花,牛肉,双人餐,钵钵鸡,跷脚牛肉",芳芳跷脚牛肉 (高沙店),"120.336655,30.315664",[],[],[],,,TRUE,TRUE,FALSE,FALSE,餐饮服务;中餐厅;中餐厅,餐饮服务,中餐厅,"['迎飞鸭掌（2只）', '冒烤鸭', '脑花烧豆腐', '缤纷红糖冰粉队', '兔头', '麻辣鲜烧牛肉小份', '纯黄豆手工冰豆花', '牛肉', '双人餐', '钵钵鸡', '跷脚牛肉']"
B0FFGTTILQ,[],川菜,[],[],餐饮服务;中餐厅;四川菜(川菜),[],[],050102,0,[],上城区,[],0571-85770077;19817110899,B0L0ZRG46U,国货路11-3号,[],浙江省,diner,杭州市,320,"惹味泡菜烧笋壳鱼,黄焖汉寿甲鱼佐年糕,十秒肝腰合炒,青辣汁翘壳王,推纱望月,双椒嫩滑拆骨献鸡,南充红薯粉丝烧蛏子,木姜子鲜爆石鸡,炝锅海捕大陈黄鱼,堂灼沸腾东星斑,盐水贡椒乳鸽,川味臻品毛血旺,老成都红油鸡片,年糕,甲鱼,生日蛋糕",蜀秀·民国独栋1912·新派川菜(湖滨店),"120.167110,30.249121",[],[],[],,,TRUE,TRUE,FALSE,FALSE,餐饮服务;中餐厅;四川菜(川菜),餐饮服务,中餐厅,"['惹味泡菜烧笋壳鱼', '黄焖汉寿甲鱼佐年糕', '十秒肝腰合炒', '青辣汁翘壳王', '推纱望月', '双椒嫩滑拆骨献鸡', '南充红薯粉丝烧蛏子', '木姜子鲜爆石鸡', '炝锅海捕大陈黄鱼', '堂灼沸腾东星斑', '盐水贡椒乳鸽', '川味臻品毛血旺', '老成都红油鸡片', '年糕', '甲鱼', '生日蛋糕']"
B0FFJZAME5,[],重庆火锅,[],[],餐饮服务;中餐厅;火锅店,[],[],050117,0,[],上城区,[],15258852802,B0L2RRN9BQ,新塘路644号,[],浙江省,diner,杭州市,202,老火锅,马厂老火锅(杭州东站店),"120.222480,30.290724",[],[],[],,,TRUE,TRUE,FALSE,FALSE,餐饮服务;中餐厅;火锅店,餐饮服务,中餐厅,['老火锅']
B0I0AU64YO,[],川菜,[],[],餐饮服务;中餐厅;中餐厅,[],[],050100,0,[],西湖区,[],19032209509,B0KUHOKDSN,留下街道屏新路18号520新天地1层116商铺,[],浙江省,diner,杭州市,202,"肥肠,家常菜,素菜,特色菜,红烧肉",荆九爷爆炒桥头三嫩(西溪留下店),"120.047816,30.226774",[],[],[],,,TRUE,TRUE,FALSE,FALSE,餐饮服务;中餐厅;中餐厅,餐饮服务,中餐厅,"['肥肠', '家常菜', '素菜', '特色菜', '红烧肉']"
[],[],川菜,[],[],餐饮服务;中餐厅;四川菜(川菜),[],[],050102,0,[],拱墅区,[],19157627370,B0KUP52QR1,上塘路332号,[],浙江省,diner,杭州市,[],"毛血旺,牛肚,肥肠",晚酒·阿英川菜馆(上塘路三店),"120.161280,30.293856",[],[],[],,,TRUE,TRUE,FALSE,FALSE,餐饮服务;中餐厅;四川菜(川菜),餐饮服务,中餐厅,"['毛血旺', '牛肚', '肥肠']"
B0FFI31CNG,[],四川火锅,[],[],餐饮服务;中餐厅;火锅店,[],[],050117,0,[],滨江区,[],0571-88117788,B0KB99B5N2,铂金岛商业街140号(江汉路地铁站D口步行420米),[],浙江省,diner,杭州市,202,"鲜切吊龙（半斤）,渣渣牛肉拌饭,豆腐脑,鲜切牛舌,软儒粑粑鸡爪,8秒毛肚,渣渣牛肉花卷,鲜切牛肉,张笨笨牛杂软糯,鲜切胸口牛,鲜切匙仁,鲜切雪花,双人餐,牛肉",张笨笨四川火锅(滨江天街店),"120.204025,30.200575",[],[],[],,,TRUE,TRUE,FALSE,FALSE,餐饮服务;中餐厅;火锅店,餐饮服务,中餐厅,"['鲜切吊龙（半斤）', '渣渣牛肉拌饭', '豆腐脑', '鲜切牛舌', '软儒粑粑鸡爪', '8秒毛肚', '渣渣牛肉花卷', '鲜切牛肉', '张笨笨牛杂软糯', '鲜切胸口牛', '鲜切匙仁', '鲜切雪花', '双人餐', '牛肉']"
B0H26720P7,[],川菜,[],[],餐饮服务;中餐厅;四川菜(川菜),[],[],050102,0,[],西湖区,[],0571-87918777,B0H6CR03PQ,黄姑山路3号3层,[],浙江省,diner,杭州市,320,"沸腾水煮鱼,小炒黄牛肉,豆沙,酸梅汤,敲糖口水鸡,柠檬香炒辣子鸡,拌饭,肉饼,虾滑,酸菜鱼,麻婆豆腐,沸腾鱼,肥肠",新沸腾鱼乡(黄姑山路店),"120.133639,30.273122",[],[],[],,,TRUE,TRUE,FALSE,FALSE,餐饮服务;中餐厅;四川菜(川菜),餐饮服务,中餐厅,"['沸腾水煮鱼', '小炒黄牛肉', '豆沙', '酸梅汤', '敲糖口水鸡', '柠檬香炒辣子鸡', '拌饭', '肉饼', '虾滑', '酸菜鱼', '麻婆豆腐', '沸腾鱼', '肥肠']"
B0G2M10PQD,[],川菜,[],[],餐饮服务;中餐厅;特色/地方风味餐厅,[],[],050118,0,[],拱墅区,[],17348533523,B0KDCMOGJE,小河街道丽水路58号远洋乐堤港A区步行街1层奈雪的茶对面,[],浙江省,diner,杭州市,202,烤鱼,烤匠麻辣烤鱼(杭州远洋乐堤港店),"120.143184,30.305970",[],[],[],,,TRUE,TRUE,FALSE,FALSE,餐饮服务;中餐厅;特色/地方风味餐厅,餐饮服务,中餐厅,['烤鱼']
[],[],串串香,[],[],餐饮服务;中餐厅;火锅店,[],[],050117,0,[],上城区,[],15268188697,B0FFIA0NFC,邮电路17号,[],浙江省,diner,杭州市,[],"猪脑花,冒花蛤,四川冰粉,冒花甲,红糖麻糍,土豆粉,油碟,冒脑花,冒毛肚,八爪鱼,酸梅汁,无骨鸭掌,鱼丸,冒牛百叶,干碟,串串,冰粉,串串香,单人餐,双人餐,小酥肉,牛肉,琅那土豆,狼牙土豆",宽窄巷子成都串串香(邮电路杭州店),"120.169862,30.251833",[],[],[],,,TRUE,TRUE,FALSE,FALSE,餐饮服务;中餐厅;火锅店,餐饮服务,中餐厅,"['猪脑花', '冒花蛤', '四川冰粉', '冒花甲', '红糖麻糍', '土豆粉', '油碟', '冒脑花', '冒毛肚', '八爪鱼', '酸梅汁', '无骨鸭掌', '鱼丸', '冒牛百叶', '干碟', '串串', '冰粉', '串串香', '单人餐', '双人餐', '小酥肉', '牛肉', '琅那土豆', '狼牙土豆']"
B0FFLH9F7T,[],川菜,[],[],餐饮服务;中餐厅;四川菜(川菜),[],[],050102,0,[],上城区,[],4006092822,B0K6A4BH7X,和兴路129号杭州东站万象汇购物中心2楼27号(2楼绿茶旁),[],浙江省,diner,杭州市,202,"不辣的鲈鱼酸菜鱼,毛血旺,招牌鲈鱼酸菜鱼,泡椒活蛙,超下饭小炒牛肉,蒜香粉丝虾,香辣活蛙,双人餐,酸菜鱼",太二酸菜鱼(杭州东站万象汇店),"120.217615,30.294025",[],[],[],,,TRUE,TRUE,FALSE,FALSE,餐饮服务;中餐厅;四川菜(川菜),餐饮服务,中餐厅,"['不辣的鲈鱼酸菜鱼', '毛血旺', '招牌鲈鱼酸菜鱼', '泡椒活蛙', '超下饭小炒牛肉', '蒜香粉丝虾', '香辣活蛙', '双人餐', '酸菜鱼']"
B0LR0OOUCS,[],川菜,[],[],餐饮服务;中餐厅;中餐厅,[],[],050100,0,[],西湖区,[],19817158813,B0J0MGV3TN,三墩镇盛龙街浙港国际1号楼一楼119、121号,[],浙江省,diner,杭州市,202,牛蛙,江渔儿成都冷锅鱼(浙港国际店),"120.093084,30.308457",[],[],[],,,TRUE,TRUE,FALSE,FALSE,餐饮服务;中餐厅;中餐厅,餐饮服务,中餐厅,['牛蛙']
B0LDJHXOLT,[],毛肚火锅,[],[],餐饮服务;中餐厅;火锅店,[],[],050117,0,[],萧山区,[],0571-82551988,B0L2O5VNNN,琮琮路与拾久街交叉口西南160米杭州亚奥万象天地L5层,[],浙江省,diner,杭州市,201,[],巴奴毛肚火锅(杭州亚奥万象天地店),"120.247542,30.255906",[],[],[],,,TRUE,TRUE,FALSE,FALSE,餐饮服务;中餐厅;火锅店,餐饮服务,中餐厅,[]
B0FFHBT349,[],川菜,[],[],餐饮服务;中餐厅;四川菜(川菜),[],[],050102,0,[],拱墅区,[],[],B0MGM7ARWD,东新路822号中大银泰城6号楼B1层,[],浙江省,diner,杭州市,202,[],晚酒·阿英川菜馆(中大银泰店),"120.177007,30.327975",[],[],[],,,TRUE,TRUE,FALSE,FALSE,餐饮服务;中餐厅;四川菜(川菜),餐饮服务,中餐厅,[]
B0FFI1ULJR,[],火锅,[],[],餐饮服务;中餐厅;火锅店,[],[],050117,0,[],上城区,[],18106537068,B0IARD45RZ,延安路238号(龙翔桥地铁站D口步行340米),[],浙江省,diner,杭州市,202,"炒饭,牛蛙,重庆火锅,冰粉,牛肉,蛋炒饭",珮姐重庆火锅(杭州湖滨in77店),"120.164437,30.251269",[],[],[],,,TRUE,TRUE,FALSE,FALSE,餐饮服务;中餐厅;火锅店,餐饮服务,中餐厅,"['炒饭', '牛蛙', '重庆火锅', '冰粉', '牛肉', '蛋炒饭']"
B0FFHOB9HR,[],川菜,[],[],餐饮服务;中餐厅;四川菜(川菜),[],[],050102,0,[],余杭区,[],18158132327,B0K3YS36VR,鼎创财富中心2幢103室(光大银行隔壁),[],浙江省,diner,杭州市,202,"冰川茄子,燊海辣子鸡,蒜辣耙鸡脚,老坛酸菜鸡杂,青红番茄焖牛腩,小炒尖椒跑山鸡,盐帮仔姜跳跳蛙,鲜椒仔姜兔,酸萝卜猪肚老鸭汤,和牛脆臊麻婆豆腐,巴嘴土猪蹄,干煸苦瓜,干锅牛蛙虾,咸肉台州石磨豆腐,豆汤时蔬,铜锅油焖鸡,燊海土猪回锅肉,鱼香牛肉丝,燊海辣子鸡,辣子鸡,麻婆豆腐",燊海记·盐帮川菜(杭州店),"120.006967,30.283043",[],[],[],,,TRUE,TRUE,FALSE,FALSE,餐饮服务;中餐厅;四川菜(川菜),餐饮服务,中餐厅,"['冰川茄子', '燊海辣子鸡', '蒜辣耙鸡脚', '老坛酸菜鸡杂', '青红番茄焖牛腩', '小炒尖椒跑山鸡', '盐帮仔姜跳跳蛙', '鲜椒仔姜兔', '酸萝卜猪肚老鸭汤', '和牛脆臊麻婆豆腐', '巴嘴土猪蹄', '干煸苦瓜', '干锅牛蛙虾', '咸肉台州石磨豆腐', '豆汤时蔬', '铜锅油焖鸡', '燊海土猪回锅肉', '鱼香牛肉丝', '燊海辣子鸡', '辣子鸡', '麻婆豆腐']"
[],[],川菜,[],[],餐饮服务;中餐厅;海鲜酒楼,[],[],050119,0,[],萧山区,[],0571-82824696;17367059848;18072925917,B023B14Q81,北干街道兴仪村明星路171号,[],浙江省,diner,杭州市,[],"酸辣土豆丝,川味回锅肉,黄瓜皮蛋汤,特色酸菜有机鱼,麻辣豆腐,卤鸭,农家小炒鸡,蛋炒饭,上汤螺丝,干锅茶树菇,红烧豆腐鱼,椒盐鸡翅,特色功夫鱼片,肉丝跑蛋,酱爆茄子,仔姜爆鸭,葱油花蛤,大份,凉拌牛肉,重庆辣子鸡,白切鸡,水煮肉片,千岛湖鱼头,椒盐明虾,红烧土猪脚,酸辣娃娃菜,辣椒菜,八宝油条,水煮鱼,川味毛血旺,干锅包菜,扬州炒饭,香辣小龙虾,尖椒炒蛋,肉丸菌菇汤,大果粒橙,香菇青菜,金针菇小炒,小炒肉,香酥蹄,秘制醉虾,糖醋里脊,千岛湖鱼块,干煸四季豆,红烧肥肠,干锅花菜,雪菜蘑菇,大盘豇豆,蒜泥空心菜,泡椒鸡杂,仔姜肉丝,尖椒皮蛋,凉拌猪耳朵,酱爆螺丝,地三鲜,炒粉丝,三丝本芹,小份,熬豆腐,清炒菠菜,特色菜,宫保鸡丁,小龙虾,鱼头,重庆毛血旺",幺妹鱼庄(明星路店),"120.248931,30.197324",[],[],[],,,TRUE,TRUE,FALSE,FALSE,餐饮服务;中餐厅;海鲜酒楼,餐饮服务,中餐厅,"['酸辣土豆丝', '川味回锅肉', '黄瓜皮蛋汤', '特色酸菜有机鱼', '麻辣豆腐', '卤鸭', '农家小炒鸡', '蛋炒饭', '上汤螺丝', '干锅茶树菇', '红烧豆腐鱼', '椒盐鸡翅', '特色功夫鱼片', '肉丝跑蛋', '酱爆茄子', '仔姜爆鸭', '葱油花蛤', '大份', '凉拌牛肉', '重庆辣子鸡', '白切鸡', '水煮肉片', '千岛湖鱼头', '椒盐明虾', '红烧土猪脚', '酸辣娃娃菜', '辣椒菜', '八宝油条', '水煮鱼', '川味毛血旺', '干锅包菜', '扬州炒饭', '香辣小龙虾', '尖椒炒蛋', '肉丸菌菇汤', '大果粒橙', '香菇青菜', '金针菇小炒', '小炒肉', '香酥蹄', '秘制醉虾', '糖醋里脊', '千岛湖鱼块', '干煸四季豆', '红烧肥肠', '干锅花菜', '雪菜蘑菇', '大盘豇豆', '蒜泥空心菜', '泡椒鸡杂', '仔姜肉丝', '尖椒皮蛋', '凉拌猪耳朵', '酱爆螺丝', '地三鲜', '炒粉丝', '三丝本芹', '小份', '熬豆腐', '清炒菠菜', '特色菜', '宫保鸡丁', '小龙虾', '鱼头', '重庆毛血旺']"
B0FFJZAME5,[],重庆火锅,[],[],餐饮服务;中餐厅;火锅店,[],[],050117,0,[],上城区,[],19012865206,B0JRUDYUHV,新塘路658号,[],浙江省,diner,杭州市,202,"菠萝冰,千丝豆干,黄瓜片片,鱼皮包下滑,酒酿冰豆花,炸牛蛙,腊肉汤圆,牛肉",赵美丽·重庆社区火锅·直营店(火车东站·中豪国际店),"120.223311,30.290880",[],[],[],,,TRUE,TRUE,FALSE,FALSE,餐饮服务;中餐厅;火锅店,餐饮服务,中餐厅,"['菠萝冰', '千丝豆干', '黄瓜片片', '鱼皮包下滑', '酒酿冰豆花', '炸牛蛙', '腊肉汤圆', '牛肉']"
[],[],鱼,[],[],餐饮服务;中餐厅;中餐厅,[],[],050100,0,[],萧山区,[],18667939673,B0HKGZBWCH,北干街道市心中路299号,[],浙江省,diner,杭州市,[],"双人餐,酸菜鱼,麻辣水煮鱼,招牌酸菜鱼",川婆婆酸菜鱼(市心中路店),"120.266446,30.173449",[],[],[],,,TRUE,TRUE,FALSE,FALSE,餐饮服务;中餐厅;中餐厅,餐饮服务,中餐厅,"['双人餐', '酸菜鱼', '麻辣水煮鱼', '招牌酸菜鱼']"
[],[],重庆火锅,[],[],餐饮服务;中餐厅;火锅店,[],[],050117,0,[],萧山区,[],17348634419,B0L1XRRHIC,北干街道子夜广场地面外围F11-05,[],浙江省,diner,杭州市,[],"脆糯开花牛黄喉,安格斯m7雪花肥牛,耙耙软糯猪脚,耙耙糯肥肠头,鲜切嫩牛肉,屠场鲜毛肚,糖蒜牛肉,三重辣麻辣锅底,老山城手工嫩滑肉,耙卤大拼盘,猪脚,雪花肥牛",山重浪重庆耙火锅(杭州萧山店),"120.262974,30.179243",[],[],[],,,TRUE,TRUE,FALSE,FALSE,餐饮服务;中餐厅;火锅店,餐饮服务,中餐厅,"['脆糯开花牛黄喉', '安格斯m7雪花肥牛', '耙耙软糯猪脚', '耙耙糯肥肠头', '鲜切嫩牛肉', '屠场鲜毛肚', '糖蒜牛肉', '三重辣麻辣锅底', '老山城手工嫩滑肉', '耙卤大拼盘', '猪脚', '雪花肥牛']"
B0FFHQNS92,[],川菜,[],[],餐饮服务;中餐厅;中餐厅,[],[],050100,0,[],临平区,[],18968003076,B0LRBRNY98,南苑街道新城路110号-1,[],浙江省,diner,杭州市,202,冒菜,孔岳冒菜(临平店),"120.305971,30.403541",[],[],[],,,TRUE,TRUE,FALSE,FALSE,餐饮服务;中餐厅;中餐厅,餐饮服务,中餐厅,['冒菜']
B0FFF3Z0H7,[],毛肚火锅,[],[],餐饮服务;中餐厅;火锅店,[],[],050117,0,[],钱塘区,[],[],B0L3F16GC4,金沙大道560号龙湖杭州金沙天街L4层4F-28,[],浙江省,diner,杭州市,201,[],巴奴毛肚火锅(龙湖杭州金沙天街店),"120.328347,30.310101",[],[],[],,,TRUE,TRUE,FALSE,FALSE,餐饮服务;中餐厅;火锅店,餐饮服务,中餐厅,[]
B0G1G1PS4M,[],川菜,[],[],餐饮服务;中餐厅;中餐厅,[],[],050100,0,[],上城区,[],0571-87257723,B0FFLC5P1J,延安路292号四层415、417铺位,[],浙江省,diner,杭州市,201,"鸡肉,豆花水煮鱼,牛蛙,鸡爪,毛血旺,辛香汇钵钵鸡,大邑肥肠血旺",辛香汇·四川饭馆(工联CC店),"120.164552,30.254741",[],[],[],,,TRUE,TRUE,FALSE,FALSE,餐饮服务;中餐厅;中餐厅,餐饮服务,中餐厅,"['鸡肉', '豆花水煮鱼', '牛蛙', '鸡爪', '毛血旺', '辛香汇钵钵鸡', '大邑肥肠血旺']"
[],[],特色菜系,[],[],餐饮服务;中餐厅;四川菜(川菜),[],[],050102,0,[],桐庐县,[],15397049818,B0L24HNZ4X,春江西路725号,[],浙江省,diner,杭州市,[],[],春江酸菜鱼馆(春江西路总店),"119.661324,29.760854",[],[],[],,,TRUE,TRUE,FALSE,FALSE,餐饮服务;中餐厅;四川菜(川菜),餐饮服务,中餐厅,[]
B0FFM3LNDY,[],鱼火锅,[],[],餐饮服务;中餐厅;火锅店,[],[],050117,0,[],余杭区,[],19338819019;19700783525,B0L1X5QXPH,"欧美广场,欧洲中T9(创景路地铁站B3口步行240米)",[],浙江省,diner,杭州市,202,"鲜活黄辣丁,千岛湖包头鱼,招牌健身美蛙,水库花鲢鱼头,正宗江团,美蛙,重庆火锅,美蛙鱼,美蛙鱼头,蛙蛙,鱼蛙,鱼头",齐庆·美蛙鱼头(EFC欧美广场店),"120.000697,30.282610",[],[],[],,,TRUE,TRUE,FALSE,FALSE,餐饮服务;中餐厅;火锅店,餐饮服务,中餐厅,"['鲜活黄辣丁', '千岛湖包头鱼', '招牌健身美蛙', '水库花鲢鱼头', '正宗江团', '美蛙', '重庆火锅', '美蛙鱼', '美蛙鱼头', '蛙蛙', '鱼蛙', '鱼头']"
B0FFI0VFCR,[],重庆火锅,[],[],餐饮服务;中餐厅;火锅店,[],[],050117,0,[],滨江区,[],16657137223,B0L2AS1Z6V,浦沿街道滨盛路3867号宝龙城2幢201室(可莎蜜儿旁),[],浙江省,diner,杭州市,202,双人餐,舒家大院老火锅(杭州市滨江区宝龙城店),"120.166375,30.189011",[],[],[],,,TRUE,TRUE,FALSE,FALSE,餐饮服务;中餐厅;火锅店,餐饮服务,中餐厅,['双人餐']
B0FFKVTF3F,[],川菜,[],[],餐饮服务;中餐厅;中餐厅,[],[],050100,0,[],滨江区,[],18967980237,B0J2J69W0G,海威天地T2-111-112,[],浙江省,diner,杭州市,320,"素拼,蔬菜沙拉,香辣沸腾鱼,酥皮花生,川味口水鸡,牛蛙,香辣炝锅鱼,捞汁钉螺,麻辣酱鸭头,红糖糍耙,鲜香炝锅鱼,鱿鱼,小酥肉,皮蛋豆腐,配菜组合,月亮虾饼,柠檬凤爪,麻辣水煮鱼,川味口水鸡,老坛酸菜鱼",大苑丰炝锅鱼,"120.224988,30.200695",[],[],[],,,TRUE,TRUE,FALSE,FALSE,餐饮服务;中餐厅;中餐厅,餐饮服务,中餐厅,"['素拼', '蔬菜沙拉', '香辣沸腾鱼', '酥皮花生', '川味口水鸡', '牛蛙', '香辣炝锅鱼', '捞汁钉螺', '麻辣酱鸭头', '红糖糍耙', '鲜香炝锅鱼', '鱿鱼', '小酥肉', '皮蛋豆腐', '配菜组合', '月亮虾饼', '柠檬凤爪', '麻辣水煮鱼', '川味口水鸡', '老坛酸菜鱼']"
B0LRZ53G9L,[],鱼,[],[],餐饮服务;中餐厅;中餐厅,[],[],050100,0,[],萧山区,[],19057292084,B0L07C2M7U,钱江世纪城钱江世纪公园A区2幢5单元(鸟鸟串串火锅隔壁),[],浙江省,diner,杭州市,201,"冷锅鱼,美蛙,美蛙鱼头",大塘集美蛙鱼头·冷锅鱼(钱江世纪城店),"120.242445,30.241644",[],[],[],,,TRUE,TRUE,FALSE,FALSE,餐饮服务;中餐厅;中餐厅,餐饮服务,中餐厅,"['冷锅鱼', '美蛙', '美蛙鱼头']"
B0FFI31CNG,[],火锅,[],[],餐饮服务;中餐厅;火锅店,[],[],050117,0,[],滨江区,[],13777814666,B0MGB9U6H7,滨江天街铂金岛107号商铺,[],浙江省,diner,杭州市,202,老火锅,小舅妈社区老火锅(滨江天街店),"120.204811,30.200292",[],[],[],,,TRUE,TRUE,FALSE,FALSE,餐饮服务;中餐厅;火锅店,餐饮服务,中餐厅,['老火锅']
B0FFJYKKR1,[],川菜,[],[],餐饮服务;餐饮相关场所;餐饮相关,[],[],050000,0,[],上城区,[],15336537656,B0K3YCJCAI,东坡路251号靠近杭州湖滨银泰in77E区三楼,[],浙江省,diner,杭州市,202,"牛肉,鸡肉,辣子鸡,老坛酸菜鱼,和牛麻婆豆腐,山城毛血旺,鲜切水煮黄牛肉,水煮牛肉",马鸿兴·川小馆(杭州总店),"120.163378,30.251307",[],[],[],,,TRUE,TRUE,FALSE,FALSE,餐饮服务;餐饮相关场所;餐饮相关,餐饮服务,餐饮相关场所,"['牛肉', '鸡肉', '辣子鸡', '老坛酸菜鱼', '和牛麻婆豆腐', '山城毛血旺', '鲜切水煮黄牛肉', '水煮牛肉']"
B0JDXUK7DH,[],川菜,[],[],餐饮服务;餐饮相关场所;餐饮相关,[],[],050000,0,[],拱墅区,[],[],B0KKRDQU6W,华丰时代广场1幢吾悦广场B1090,[],浙江省,diner,杭州市,202,"鱼香肉丝,双人餐",晚酒·阿英川菜馆(吾悦广场店),"120.210442,30.343541",[],[],[],,,TRUE,TRUE,FALSE,FALSE,餐饮服务;餐饮相关场所;餐饮相关,餐饮服务,餐饮相关场所,"['鱼香肉丝', '双人餐']"
[],[],重庆火锅,[],[],餐饮服务;中餐厅;火锅店,[],[],050117,0,[],上城区,[],13456716616,B0K2XC9RWJ,艮山西路288号(东方豪生酒店东一楼),[],浙江省,diner,杭州市,[],"双人餐,牛肉,老火锅",蔡奋斗·老火锅(杭州首店),"120.189694,30.276107",[],[],[],,,TRUE,TRUE,FALSE,FALSE,餐饮服务;中餐厅;火锅店,餐饮服务,中餐厅,"['双人餐', '牛肉', '老火锅']"
B0FFF79UC5,[],火锅,[],[],餐饮服务;中餐厅;火锅店,[],[],050117,0,[],钱塘区,[],15505714444,B0JUMAZO30,下沙街道高沙社区152号一楼南,[],浙江省,diner,杭州市,202,"萝卜丝,鸭血,蟹柳,屠场毛肚,大刀腰片,黄喉,牛肉,鱿鱼,红糖糍粑,双人餐,老火锅",朱欢喜老火锅(高沙店),"120.335605,30.316646",[],[],[],,,TRUE,TRUE,FALSE,FALSE,餐饮服务;中餐厅;火锅店,餐饮服务,中餐厅,"['萝卜丝', '鸭血', '蟹柳', '屠场毛肚', '大刀腰片', '黄喉', '牛肉', '鱿鱼', '红糖糍粑', '双人餐', '老火锅']"
B0FFGB737V,[],串串香,[],[],餐饮服务;中餐厅;火锅店,[],[],050117,1,[],萧山区,[],0571-82659335;15382350506,B0FFJSCV1V,北干街道金城路117号(博奥路地铁站B口步行80米),[],浙江省,diner,杭州市,202,"串串,冰粉,小酥肉",成都遇见你·串串吧(萧山店),"120.242963,30.182993",[],[],[],,,TRUE,TRUE,FALSE,FALSE,餐饮服务;中餐厅;火锅店,餐饮服务,中餐厅,"['串串', '冰粉', '小酥肉']"
[],[],烤鱼,[],[],餐饮服务;中餐厅;中餐厅,[],[],050100,1,[],萧山区,[],18368179969,B0FFHII20F,新开路898号维也纳国际酒店(杭州新农都地铁站店)旁边,[],浙江省,diner,杭州市,[],"大排档,烤鱼",重庆正宗万州烤鱼(萧山006成智店),"120.300632,30.202687",[],[],[],,,TRUE,TRUE,FALSE,FALSE,餐饮服务;中餐厅;中餐厅,餐饮服务,中餐厅,"['大排档', '烤鱼']"
B0L02ANM9X,[],川菜,[],[],购物服务;购物相关场所;购物相关场所|餐饮服务;餐饮相关场所;餐饮相关,[],[],060000|050000,0,[],拱墅区,[],13083966713;18868740984,B0I0UU9WGX,万达广场金街4幢2单元一楼156室,[],浙江省,[],杭州市,202,"双人餐,小龙虾,歌乐山辣子鸡,天府口水鸡,烤鱼",山城兄弟·重庆江湖菜·黑金店,"120.120803,30.330799",[],[],[],,,TRUE,TRUE,FALSE,FALSE,购物服务;购物相关场所;购物相关场所,购物服务,购物相关场所,"['双人餐', '小龙虾', '歌乐山辣子鸡', '天府口水鸡', '烤鱼']"
B0FFK324GX,[],川菜,[],[],餐饮服务;中餐厅;四川菜(川菜),[],[],050102,0,[],滨江区,[],0571-85355711;19357360717,B0JUJDT87B,保利时光里一层内街108室,[],浙江省,diner,杭州市,320,"空运蘸水兔,老妈蹄花,鸡丝凉面,鲜椒花甲小海鲜,沸腾水煮鲜吊龙,花椒麻麻鱼,青椒新派毛血旺,小海鲜,五花肉,小炒黄牛肉,红烧肉,红糖糍粑,麻婆豆腐,陈陈年豆瓣酱回锅肉,回锅肉,夫妻肺片,辣子鸡",MAMA精致川菜(保利天汇店),"120.198635,30.182668",[],[],[],,,TRUE,TRUE,FALSE,FALSE,餐饮服务;中餐厅;四川菜(川菜),餐饮服务,中餐厅,"['空运蘸水兔', '老妈蹄花', '鸡丝凉面', '鲜椒花甲小海鲜', '沸腾水煮鲜吊龙', '花椒麻麻鱼', '青椒新派毛血旺', '小海鲜', '五花肉', '小炒黄牛肉', '红烧肉', '红糖糍粑', '麻婆豆腐', '陈陈年豆瓣酱回锅肉', '回锅肉', '夫妻肺片', '辣子鸡']"
[],[],川菜,[],[],餐饮服务;中餐厅;中餐厅,[],[],050100,0,[],西湖区,[],17366636039,B0H2O4A41Y,元和城市之星酒店西城店正门旁,[],浙江省,diner,杭州市,[],"素菜,麻婆豆腐,小酥肉,豆腐,鸡肉",川塘风乐山冷锅鱼美蛙鱼头,"120.104255,30.271410",[],[],[],,,TRUE,TRUE,FALSE,FALSE,餐饮服务;中餐厅;中餐厅,餐饮服务,中餐厅,"['素菜', '麻婆豆腐', '小酥肉', '豆腐', '鸡肉']"
B0L02ANM9X,[],烤鱼,[],[],餐饮服务;中餐厅;特色/地方风味餐厅,[],[],050118,0,[],拱墅区,[],15395828290;15906692663,B0FFFLJVJR,杭行路666号万达金街1幢104室,[],浙江省,diner,杭州市,202,"红星路,大排档,小龙虾,杨枝甘露,烤鱼,双人餐",红星路·成都烤鱼(万达步行街店),"120.120718,30.331030",[],[],[],,,TRUE,TRUE,FALSE,FALSE,餐饮服务;中餐厅;特色/地方风味餐厅,餐饮服务,中餐厅,"['红星路', '大排档', '小龙虾', '杨枝甘露', '烤鱼', '双人餐']"
B0J0MMYJ28,[],重庆火锅,[],[],餐饮服务;餐饮相关场所;餐饮相关,[],[],050000,0,[],滨江区,[],15558098043,B0K19CJ5JH,"滨江银泰百货CD区正对面,星耀中心3幢1层大门口边阡陌路347号",[],浙江省,diner,杭州市,202,"火锅底料,蛋炒饭,豆皮,重庆火锅,麻辣牛肉,毛肚",重庆四间火锅(杭州首店),"120.223073,30.201328",[],[],[],,,TRUE,TRUE,FALSE,FALSE,餐饮服务;餐饮相关场所;餐饮相关,餐饮服务,餐饮相关场所,"['火锅底料', '蛋炒饭', '豆皮', '重庆火锅', '麻辣牛肉', '毛肚']"
B0H3Y78M4F,[],火锅,[],[],餐饮服务;中餐厅;火锅店,[],[],050117,0,[],拱墅区,[],15658808094,B0JRUU4J1V,祥符直街28号吉祥里滑板区,[],浙江省,diner,杭州市,320,"毛肚,老火锅,羊肉",觅香老火锅(杭州首店),"120.104805,30.325472",[],[],[],,,TRUE,TRUE,FALSE,FALSE,餐饮服务;中餐厅;火锅店,餐饮服务,中餐厅,"['毛肚', '老火锅', '羊肉']"
[],[],重庆火锅,[],[],餐饮服务;中餐厅;火锅店,[],[],050117,0,[],余杭区,[],13456890310,B0JR1UPWGQ,五常街道联胜路9号3120,[],浙江省,diner,杭州市,[],"毛肚,牛肉,炒饭,重庆火锅,蛋炒饭",渝妹重庆火锅,"120.032125,30.242057",[],[],[],,,TRUE,TRUE,FALSE,FALSE,餐饮服务;中餐厅;火锅店,餐饮服务,中餐厅,"['毛肚', '牛肉', '炒饭', '重庆火锅', '蛋炒饭']"
B0LDJHXOLT,[],川菜,[],[],餐饮服务;中餐厅;特色/地方风味餐厅,[],[],050118,0,[],萧山区,[],19057158167,B0L2O5VXXX,盈丰街道杭州亚奥万象天地,[],浙江省,diner,杭州市,201,[],烤匠麻辣烤鱼(亚奥万象天地店),"120.247317,30.255668",[],[],[],,,TRUE,TRUE,FALSE,FALSE,餐饮服务;中餐厅;特色/地方风味餐厅,餐饮服务,中餐厅,[]
B0FFI31CNG,[],川菜,[],[],餐饮服务;中餐厅;特色/地方风味餐厅,[],[],050118,0,[],滨江区,[],15372066905,B0LKSRJMDW,江汉路1515号龙湖杭州滨江天街L5层,[],浙江省,diner,杭州市,201,[],烤匠麻辣烤鱼(滨江天街店),"120.202847,30.200897",[],[],[],,,TRUE,TRUE,FALSE,FALSE,餐饮服务;中餐厅;特色/地方风味餐厅,餐饮服务,中餐厅,[]
[],[],川菜,[],[],餐饮服务;中餐厅;四川菜(川菜),[],[],050102,0,[],萧山区,[],0571-83888789,B0JB7UMLZ4,拱秀路206、208号,[],浙江省,diner,杭州市,[],"摆笼酸菜鱼,摆笼万州烤鱼,麻婆豆腐,酸菜鱼,精品毛血旺",摆笼酸菜鱼庄·精品川菜(拱秀路店),"120.275597,30.155667",[],[],[],,,TRUE,TRUE,FALSE,FALSE,餐饮服务;中餐厅;四川菜(川菜),餐饮服务,中餐厅,"['摆笼酸菜鱼', '摆笼万州烤鱼', '麻婆豆腐', '酸菜鱼', '精品毛血旺']"
B0FFM3LNDY,[],重庆火锅,[],[],餐饮服务;中餐厅;火锅店,[],[],050117,0,[],余杭区,[],17376560821,B0J1M5Z06T,仓前街道联创街706-201号,[],浙江省,diner,杭州市,202,"黄瓜片片,鱼皮包下滑,纯手工甜水面,搅拌后再嗦,手打嫩肉片,开花金耳菌,超级王炸,芋泥啵啵桶,18道重庆火锅必点菜,土猪肉酱肉包（5个）,屠宰场鲜毛肚,纯手工酸奶,暖胃好帮手,炸牛蛙,腊肉汤圆,枸杞巴掌腰花,王牌脆皮五花肉三件套,一起来涮肉（正宗重庆火锅）,每日现摊苕皮,菠萝冰,千丝豆干,咸蛋黄烧麦,碳水脑袋必点,王牌脆皮五花肉,一口满足的杏子冰茶,药膳蹄花汤,酒酿冰豆花,雅诗兰黛/芋泥冰汤圆,手作芋泥波波桶,鱼皮包虾滑,一整只现炸牛蛙,素菜,虾滑,重庆火锅,芋泥,鱼皮,双人餐",赵美丽.重庆社区火锅(EFC欧美广场店),"120.000436,30.282058",[],[],[],,,TRUE,TRUE,FALSE,FALSE,餐饮服务;中餐厅;火锅店,餐饮服务,中餐厅,"['黄瓜片片', '鱼皮包下滑', '纯手工甜水面', '搅拌后再嗦', '手打嫩肉片', '开花金耳菌', '超级王炸', '芋泥啵啵桶', '18道重庆火锅必点菜', '土猪肉酱肉包（5个）', '屠宰场鲜毛肚', '纯手工酸奶', '暖胃好帮手', '炸牛蛙', '腊肉汤圆', '枸杞巴掌腰花', '王牌脆皮五花肉三件套', '一起来涮肉（正宗重庆火锅）', '每日现摊苕皮', '菠萝冰', '千丝豆干', '咸蛋黄烧麦', '碳水脑袋必点', '王牌脆皮五花肉', '一口满足的杏子冰茶', '药膳蹄花汤', '酒酿冰豆花', '雅诗兰黛/芋泥冰汤圆', '手作芋泥波波桶', '鱼皮包虾滑', '一整只现炸牛蛙', '素菜', '虾滑', '重庆火锅', '芋泥', '鱼皮', '双人餐']"
B0IUM76UHL,[],重庆火锅,[],[],餐饮服务;中餐厅;火锅店,[],[],050117,0,[],滨江区,[],15168219972,B0L1NRWI9X,长河街道江南大道228号星光国际广场2幢(波司登/屈臣氏二楼),[],浙江省,diner,杭州市,202,[],薛飘飘火锅,"120.209472,30.207609",[],[],[],,,TRUE,TRUE,FALSE,FALSE,餐饮服务;中餐厅;火锅店,餐饮服务,中餐厅,[]
B0FFG56P7H,[],川菜,[],[],餐饮服务;中餐厅;中餐厅,[],[],050100,0,[],拱墅区,[],19357232796;4006092822,B0K2Y7U9CM,延安路杭州嘉里中心五楼L502(5楼左庭右院鲜牛肉火锅店铺斜对面),[],浙江省,diner,杭州市,201,"爆炒鲜牛肉,吮指鸡翅,冰激凌糍粑,酸菜鱼,双人餐",太二酸菜鱼(杭州嘉里中心店),"120.163216,30.259834",[],[],[],,,TRUE,TRUE,FALSE,FALSE,餐饮服务;中餐厅;中餐厅,餐饮服务,中餐厅,"['爆炒鲜牛肉', '吮指鸡翅', '冰激凌糍粑', '酸菜鱼', '双人餐']"
B023B06FGW,[],火锅,[],[],餐饮服务;中餐厅;火锅店,[],[],050117,0,[],拱墅区,[],19106593255,B0KKF7EMYT,潮王路119号杭州农机大楼,[],浙江省,diner,杭州市,202,"大虾,重庆老火锅",任富贵重庆老火锅(杭州潮王路店),"120.158486,30.288011",[],[],[],,,TRUE,TRUE,FALSE,FALSE,餐饮服务;中餐厅;火锅店,餐饮服务,中餐厅,"['大虾', '重庆老火锅']"
B0LRZ53G9L,[],川菜,[],[],餐饮服务;中餐厅;四川菜(川菜),[],[],050102,0,[],萧山区,[],13306520798,B0LGHUTNXM,宁围街道钱江世纪城公园A区4幢5单元,[],浙江省,diner,杭州市,202,"杨枝甘露,烤鱼,钵钵鸡,陈麻婆豆腐",红星路·成都街头烤鱼·川菜·夜宵团建(钱江世纪城店),"120.241996,30.241660",[],[],[],,,TRUE,TRUE,FALSE,FALSE,餐饮服务;中餐厅;四川菜(川菜),餐饮服务,中餐厅,"['杨枝甘露', '烤鱼', '钵钵鸡', '陈麻婆豆腐']"
[],[],火锅,[],[],餐饮服务;中餐厅;火锅店,[],[],050117,0,[],萧山区,[],15988181757,B0L1FCYQVR,市心中路299号一楼(杭发厂地铁站A口步行350米),[],浙江省,diner,杭州市,[],"重庆手工菜3-4人餐,乳山大生蚝4+（2个）,【包间可用,手打黑虎虾,鲜牛尝鲜2-3人餐,新品尝鲜,老火锅,单人餐",十昌老火锅,"120.266490,30.173585",[],[],[],,,TRUE,TRUE,FALSE,FALSE,餐饮服务;中餐厅;火锅店,餐饮服务,中餐厅,"['重庆手工菜3-4人餐', '乳山大生蚝4+（2个）', '【包间可用', '手打黑虎虾', '鲜牛尝鲜2-3人餐', '新品尝鲜', '老火锅', '单人餐']"
[],[],火锅,[],[],餐饮服务;中餐厅;火锅店,[],[],050117,0,[],滨江区,[],13116771180;13699569638,B0KDDRCACD,浦沿街道滨盛路3867号宝龙城商业街1-101号,[],浙江省,diner,杭州市,[],"牛蛙,鱼头,小酥肉",齐庆·美蛙鱼头火锅(滨江宝龙店),"120.168658,30.187686",[],[],[],,,TRUE,TRUE,FALSE,FALSE,餐饮服务;中餐厅;火锅店,餐饮服务,中餐厅,"['牛蛙', '鱼头', '小酥肉']"
B0J05SS8Q7,[],川菜,[],[],餐饮服务;中餐厅;四川菜(川菜),[],[],050102,0,[],拱墅区,[],18157125859,B0JKLY1ODV,展览东路150号杭州中心L6层,[],浙江省,diner,杭州市,202,"鸡肉,牛肉,水煮牛肉,鲜切水煮黄牛肉,山城毛血旺,和牛麻婆豆腐",馬鸿興·川小馆(杭州中心店),"120.166050,30.272539",[],[],[],,,TRUE,TRUE,FALSE,FALSE,餐饮服务;中餐厅;四川菜(川菜),餐饮服务,中餐厅,"['鸡肉', '牛肉', '水煮牛肉', '鲜切水煮黄牛肉', '山城毛血旺', '和牛麻婆豆腐']"
B023B08TUD,[],四川火锅,[],[],餐饮服务;中餐厅;火锅店|餐饮服务;中餐厅;四川菜(川菜),[],[],050117|050102,0,[],拱墅区,[],0571-85191962,B023B13MW7,凤起路80号(建国北路地铁站D口步行140米),[],浙江省,diner,杭州市,320,"老成都火锅,酸菜鱼,毛血旺,极品羔羊肉,特级肥牛,麻辣鱼,香辣小龙虾,口水鸡,脆嫩毛肚,玉米烙,馋嘴蛙,夫妻肺片,牛肉滑,冰桔茶,鲜虾丸,毛肚,蛋炒饭,牛肉,素菜,肥牛,毛血旺,停不下来的酸菜鱼",川味观(凤起店),"120.178677,30.264807",[],[],[],,,TRUE,TRUE,FALSE,FALSE,餐饮服务;中餐厅;火锅店,餐饮服务,中餐厅,"['老成都火锅', '酸菜鱼', '毛血旺', '极品羔羊肉', '特级肥牛', '麻辣鱼', '香辣小龙虾', '口水鸡', '脆嫩毛肚', '玉米烙', '馋嘴蛙', '夫妻肺片', '牛肉滑', '冰桔茶', '鲜虾丸', '毛肚', '蛋炒饭', '牛肉', '素菜', '肥牛', '毛血旺', '停不下来的酸菜鱼']"
B023B06G0X,[],串串香,[],[],餐饮服务;中餐厅;火锅店,[],[],050117,0,[],拱墅区,[],18069768260,B0FFGWHI74,屏风街110号(中河北路与百井坊巷交叉口),[],浙江省,diner,杭州市,320,"红糖糍粑,成都串串香招牌底,老妈蹄花,冒脑花,豌杂小面,唯怡豆奶,付氏冰粉,桂花酸梅汤,红油抄手,夫妻肺片,冒鸭血,重庆小酥肉,冒鸭肠,芝之丸,川北凉粉,跷脚牛肉,红油抄手,串串,双人餐,牛肉",付小姐在成都(杭州总店),"120.168659,30.267122",[],[],[],,,TRUE,TRUE,FALSE,FALSE,餐饮服务;中餐厅;火锅店,餐饮服务,中餐厅,"['红糖糍粑', '成都串串香招牌底', '老妈蹄花', '冒脑花', '豌杂小面', '唯怡豆奶', '付氏冰粉', '桂花酸梅汤', '红油抄手', '夫妻肺片', '冒鸭血', '重庆小酥肉', '冒鸭肠', '芝之丸', '川北凉粉', '跷脚牛肉', '红油抄手', '串串', '双人餐', '牛肉']"
B0JAYAD5PV,[],中餐,[],[],餐饮服务;餐饮相关场所;餐饮相关,[],[],050000,0,[],滨江区,[],19157712829,B0K2A7ZO0Z,保利·时光里(聚才路地铁站C口步行60米),[],浙江省,diner,杭州市,202,"九秒腰花,双人餐,儿时辣子鸡,爆炒腰花",喜贡·爆炒川菜(保利·时光里店),"120.197496,30.182116",[],[],[],,,TRUE,TRUE,FALSE,FALSE,餐饮服务;餐饮相关场所;餐饮相关,餐饮服务,餐饮相关场所,"['九秒腰花', '双人餐', '儿时辣子鸡', '爆炒腰花']"
B0FFKX8Q5C,[],重庆火锅,[],[],餐饮服务;中餐厅;火锅店,[],[],050117,0,[],西湖区,[],19357539801,B0L1UX4A3K,紫荆北路188号4幢181号,[],浙江省,diner,杭州市,202,老火锅,马厂老火锅(杭州首店),"120.092586,30.306596",[],[],[],,,TRUE,TRUE,FALSE,FALSE,餐饮服务;中餐厅;火锅店,餐饮服务,中餐厅,['老火锅']
[],[],川菜,[],[],餐饮服务;中餐厅;四川菜(川菜),[],[],050102,0,[],西湖区,[],18867537688,B0KDFS73O7,转江街200号(超成金座),[],浙江省,diner,杭州市,[],"排骨,猪脚,黄牛肉,蟹肉",撒椒川念餐厅(转江街店),"120.070799,30.159292",[],[],[],,,TRUE,TRUE,FALSE,FALSE,餐饮服务;中餐厅;四川菜(川菜),餐饮服务,中餐厅,"['排骨', '猪脚', '黄牛肉', '蟹肉']"
B0FFILF96F,[],川菜,[],[],餐饮服务;餐饮相关场所;餐饮相关,[],[],050000,0,[],拱墅区,[],13890068994,B0JRYHCJDA,绍兴路534号负一层101-8,[],浙江省,diner,杭州市,202,"辣子鸡,麻婆豆腐,肥肠,鱼香肉丝,特色菜,辣子鸡",自贡盐帮菜,"120.158333,30.309460",[],[],[],,,TRUE,TRUE,FALSE,FALSE,餐饮服务;餐饮相关场所;餐饮相关,餐饮服务,餐饮相关场所,"['辣子鸡', '麻婆豆腐', '肥肠', '鱼香肉丝', '特色菜', '辣子鸡']"
[],[],川菜,[],[],餐饮服务;中餐厅;四川菜(川菜),[],[],050102,0,[],拱墅区,[],13456839797,B0LAU703HS,石灰坝5号(潮王路地铁站B口步行230米),[],浙江省,diner,杭州市,[],"龙虾,辣子鸡,大川川味毛血旺",大川先生·龙虾·川菜(石灰坝店),"120.160129,30.292060",[],[],[],,,TRUE,TRUE,FALSE,FALSE,餐饮服务;中餐厅;四川菜(川菜),餐饮服务,中餐厅,"['龙虾', '辣子鸡', '大川川味毛血旺']"
B0FFIX39F1,[],家常菜,[],[],餐饮服务;中餐厅;四川菜(川菜),[],[],050102,0,[],滨江区,[],15868841391,B0LGPZHXXK,中赢云际一幢101,[],浙江省,diner,杭州市,202,"歌乐山辣子鸡,馋嘴麻麻鱼,小炒黄牛肉,汽锅蒸汽鱼头,霸王别姬,招牌金汤酸菜鱼,口水鸡,招牌金汤酸菜鱼,回锅肉,麻婆豆腐",山野饭堂.融合家常菜(滨江店),"120.204568,30.194185",[],[],[],,,TRUE,TRUE,FALSE,FALSE,餐饮服务;中餐厅;四川菜(川菜),餐饮服务,中餐厅,"['歌乐山辣子鸡', '馋嘴麻麻鱼', '小炒黄牛肉', '汽锅蒸汽鱼头', '霸王别姬', '招牌金汤酸菜鱼', '口水鸡', '招牌金汤酸菜鱼', '回锅肉', '麻婆豆腐']"
[],[],川菜,[],[],餐饮服务;中餐厅;中餐厅,[],[],050100,0,[],上城区,[],18868756896,B0HRXST5Y0,秋涛路178-2号,[],浙江省,diner,杭州市,[],"爆炒腰花,双人餐,家常菜,鱼香肉丝,水煮鱼,重庆辣子鸡,火爆腰花",巴渝川菜(秋涛路店),"120.177813,30.221392",[],[],[],,,TRUE,TRUE,FALSE,FALSE,餐饮服务;中餐厅;中餐厅,餐饮服务,中餐厅,"['爆炒腰花', '双人餐', '家常菜', '鱼香肉丝', '水煮鱼', '重庆辣子鸡', '火爆腰花']"
B0FFH152M1,[],火锅,[],[],餐饮服务;中餐厅;火锅店,[],[],050117,1,[],临平区,[],15970315937;17681856822,B0JDGMYYFS,南苑街道新康家园东区37-38号,[],浙江省,diner,杭州市,320,"鲜切牛肉,牛肉,老火锅",嘻嘻哇噻老火锅,"120.298981,30.410698",[],[],[],,,TRUE,TRUE,FALSE,FALSE,餐饮服务;中餐厅;火锅店,餐饮服务,中餐厅,"['鲜切牛肉', '牛肉', '老火锅']"
B0FFHJOY17,[],串串香,[],[],餐饮服务;中餐厅;火锅店,[],[],050117,0,[],拱墅区,[],0571-86835593,B0HK2PRF5Q,武林路163号西湖D11美食城2楼205室(扶梯第一家),[],浙江省,diner,杭州市,202,自助火锅,渝签斤串串自助火锅(武林夜市店),"120.160844,30.262217",[],[],[],,,TRUE,TRUE,FALSE,FALSE,餐饮服务;中餐厅;火锅店,餐饮服务,中餐厅,['自助火锅']
B0FFM3LNDY,[],火锅,[],[],餐饮服务;中餐厅;火锅店,[],[],050117,0,[],余杭区,[],15394253769,B0KDD65KQI,靠近余杭塘路EFC欧洲中心T9(破店肥哈烧烤楼上)扶梯2楼,[],浙江省,diner,杭州市,202,"双人餐,牛肉",赵九记呱呱老火锅(EFC欧美广场店),"120.000744,30.282574",[],[],[],,,TRUE,TRUE,FALSE,FALSE,餐饮服务;中餐厅;火锅店,餐饮服务,中餐厅,"['双人餐', '牛肉']"
B0FFI31CNG,[],川菜,[],[],餐饮服务;中餐厅;中餐厅,[],[],050100,0,[],滨江区,[],19957292580,B0J0FCNWTD,杭州滨江天街铂金岛外围114号,[],浙江省,diner,杭州市,202,"水煮鱼,米粉,玉米,酸菜鱼,鱿鱼,美丽水煮鱼,锅美丽酸菜鱼",锅美丽水煮鱼(龙湖杭州滨江天街店),"120.203902,30.200185",[],[],[],,,TRUE,TRUE,FALSE,FALSE,餐饮服务;中餐厅;中餐厅,餐饮服务,中餐厅,"['水煮鱼', '米粉', '玉米', '酸菜鱼', '鱿鱼', '美丽水煮鱼', '锅美丽酸菜鱼']"
B0FFFFZBKQ,[],川菜,[],[],餐饮服务;中餐厅;中餐厅,[],[],050100,0,[],上城区,[],19357075922,B0H2CSSEDF,长生路24号1楼18-2,[],浙江省,diner,杭州市,202,"爆炒腰花,跷脚牛肉,牛肉,火爆腰花",冯三孃川菜馆(湖滨直营店),"120.164688,30.256906",[],[],[],,,TRUE,TRUE,FALSE,FALSE,餐饮服务;中餐厅;中餐厅,餐饮服务,中餐厅,"['爆炒腰花', '跷脚牛肉', '牛肉', '火爆腰花']"
B023B0A7DS,[],川菜,[],[],餐饮服务;中餐厅;四川菜(川菜),[],[],050102,0,[],钱塘区,[],0571-86972655;18739427729;19357213501,B0HRLDZHAZ,元成路98-2,[],浙江省,diner,杭州市,320,"香烤羊排,小炒黄牛肉,招牌红烧鱼头,老坛酸菜鱼,农夫烤鱼,剁椒鱼头,牛肉,鸡肉,小酥肉,酸菜鱼,熏鱼,全家福杭三鲜,东坡肉,老坛酸菜鱼",幺妹鱼庄(元成时代广场店),"120.344298,30.327566",[],[],[],,,TRUE,TRUE,FALSE,FALSE,餐饮服务;中餐厅;四川菜(川菜),餐饮服务,中餐厅,"['香烤羊排', '小炒黄牛肉', '招牌红烧鱼头', '老坛酸菜鱼', '农夫烤鱼', '剁椒鱼头', '牛肉', '鸡肉', '小酥肉', '酸菜鱼', '熏鱼', '全家福杭三鲜', '东坡肉', '老坛酸菜鱼']"
[],[],川菜,[],[],餐饮服务;中餐厅;中餐厅,[],[],050100,0,[],西湖区,[],4006092822,B0J2X7SY8F,古墩路1009号龙湖紫荆天街4楼A16-17号(4楼牛New寿喜烧对面),[],浙江省,diner,杭州市,[],"不辣的鲈鱼酸菜鱼,毛血旺,招牌鲈鱼酸菜鱼,泡椒活蛙,蒜香粉丝虾,香辣活蛙,超下饭小炒牛肉,双人餐,家常菜",太二酸菜鱼(杭州龙湖紫荆天街店),"120.091531,30.320540",[],[],[],,,TRUE,TRUE,FALSE,FALSE,餐饮服务;中餐厅;中餐厅,餐饮服务,中餐厅,"['不辣的鲈鱼酸菜鱼', '毛血旺', '招牌鲈鱼酸菜鱼', '泡椒活蛙', '蒜香粉丝虾', '香辣活蛙', '超下饭小炒牛肉', '双人餐', '家常菜']"
[],[],川菜,[],[],餐饮服务;中餐厅;中餐厅,[],[],050100,0,[],拱墅区,[],19357155562,B0IU9AUQOD,长寿路7-号(凤起路地铁站C4口步行260米),[],浙江省,diner,杭州市,[],"肥肠,土豆酱烧鸡,酒酿冰豆花,天花板辣芋儿鸡,炸牛蛙,腊肉汤圆,麻辣四川小小肠,冰渣豆花,杨梅荔枝饮,招牌芋儿鸡,招牌肥肠鸡,烧麦,玉米粑粑,重庆冰汤圆,黄瓜片片,鱼皮包下滑,龙虾,芋儿鸡,鸡汤饭,肥肠鸡,菠萝冰,鸡肉",石灰石烧鸡公(嘉里中心店),"120.161107,30.260821",[],[],[],,,TRUE,TRUE,FALSE,FALSE,餐饮服务;中餐厅;中餐厅,餐饮服务,中餐厅,"['肥肠', '土豆酱烧鸡', '酒酿冰豆花', '天花板辣芋儿鸡', '炸牛蛙', '腊肉汤圆', '麻辣四川小小肠', '冰渣豆花', '杨梅荔枝饮', '招牌芋儿鸡', '招牌肥肠鸡', '烧麦', '玉米粑粑', '重庆冰汤圆', '黄瓜片片', '鱼皮包下滑', '龙虾', '芋儿鸡', '鸡汤饭', '肥肠鸡', '菠萝冰', '鸡肉']"
[],[],川菜,[],[],餐饮服务;中餐厅;四川菜(川菜),[],[],050102,0,[],余杭区,[],15824158358;19106844127,B0H2LM4WME,联创街华夏之心商场18幢3楼305(魅KT5对面),[],浙江省,diner,杭州市,[],"飘香鱼,乌江鱼,水煮肉片,毛血旺,香辣虾,糯米排骨,夫妻肺片,回锅肉,口水鸡,酸菜蹄花,辣子鸡,麻辣牛肉,小炒黄牛肉,鸡肉,夫妻肺片,川味回锅肉,重庆辣子鸡,口水鸡,毛血旺,牛肉",渝少卿重庆飘香鱼正宗川菜(华夏之心店),"120.002907,30.282645",[],[],[],,,TRUE,TRUE,FALSE,FALSE,餐饮服务;中餐厅;四川菜(川菜),餐饮服务,中餐厅,"['飘香鱼', '乌江鱼', '水煮肉片', '毛血旺', '香辣虾', '糯米排骨', '夫妻肺片', '回锅肉', '口水鸡', '酸菜蹄花', '辣子鸡', '麻辣牛肉', '小炒黄牛肉', '鸡肉', '夫妻肺片', '川味回锅肉', '重庆辣子鸡', '口水鸡', '毛血旺', '牛肉']"
B0ID3SNNB7,[],川菜,[],[],餐饮服务;中餐厅;四川菜(川菜),[],[],050102,0,[],滨江区,[],15068878313;4006092822,B0J3F76DT5,西兴街道启智街515号银泰百货B区五楼509号(5楼西塔老太太对面),[],浙江省,diner,杭州市,202,"不辣的鲈鱼酸菜鱼,毛血旺,蒜香粉丝虾,香辣活蛙,超下饭小炒牛肉,招牌鲈鱼酸菜鱼,泡椒活蛙,双人餐",太二酸菜鱼(杭州滨江银泰店),"120.221911,30.201955",[],[],[],,,TRUE,TRUE,FALSE,FALSE,餐饮服务;中餐厅;四川菜(川菜),餐饮服务,中餐厅,"['不辣的鲈鱼酸菜鱼', '毛血旺', '蒜香粉丝虾', '香辣活蛙', '超下饭小炒牛肉', '招牌鲈鱼酸菜鱼', '泡椒活蛙', '双人餐']"
B0FFJRRU5R,[],中餐,[],[],餐饮服务;中餐厅;特色/地方风味餐厅,[],[],050118,0,[],萧山区,[],13588110282,B0JKB7Q8QP,盈丰街道泰宏巷26号(联合中心B座西北门旁),[],浙江省,diner,杭州市,202,"第三代小炒牛花腱,香醋滑土鸡蛋,娃哈哈土鸡汤,翡翠鲈鱼是头牌,火爆土猪肝,梅干菜青茄子,牛腩麻婆豆腐,金蒜粉丝虾,柴火嫩香干,九秒腰花,猛火爆炒一碗香,猪油渣炒时蔬,肉末葱白蒸蛋,辣椒炒肉,歌乐山辣子鸡,YYDS土豆丝,大排档,双人餐,土豆丝",喜贡·爆炒新桥三嫩(联合中心店),"120.254494,30.229806",[],[],[],,,TRUE,TRUE,FALSE,FALSE,餐饮服务;中餐厅;特色/地方风味餐厅,餐饮服务,中餐厅,"['第三代小炒牛花腱', '香醋滑土鸡蛋', '娃哈哈土鸡汤', '翡翠鲈鱼是头牌', '火爆土猪肝', '梅干菜青茄子', '牛腩麻婆豆腐', '金蒜粉丝虾', '柴火嫩香干', '九秒腰花', '猛火爆炒一碗香', '猪油渣炒时蔬', '肉末葱白蒸蛋', '辣椒炒肉', '歌乐山辣子鸡', 'YYDS土豆丝', '大排档', '双人餐', '土豆丝']"
[],[],川菜,[],[],餐饮服务;中餐厅;中餐厅,[],[],050100,0,[],拱墅区,[],13456785938,B0FFJOZPFC,中山北路百井坊巷12号,[],浙江省,diner,杭州市,[],"豆腐,老坛酸菜鱼,香干回锅肉,辣子鸡,辣子鸡,鸡肉,老重庆毛血旺,双人餐,烤鱼",渝满堂川菜馆(百井坊巷店),"120.167662,30.266919",[],[],[],,,TRUE,TRUE,FALSE,FALSE,餐饮服务;中餐厅;中餐厅,餐饮服务,中餐厅,"['豆腐', '老坛酸菜鱼', '香干回锅肉', '辣子鸡', '辣子鸡', '鸡肉', '老重庆毛血旺', '双人餐', '烤鱼']"
B023B0BKTW,[],水产海鲜,[],[],餐饮服务;中餐厅;海鲜酒楼,[],[],050119,1,[],拱墅区,[],0571-87912787,B023B1H1GW,华中路164号(华丰路地铁站A口步行130米),[],浙江省,diner,杭州市,320,"豆腐,小龙虾,鸡米花,酸菜鱼,么妹烧鸡公,火锅,青菜,扇贝,糖醋排骨,酱猪蹄,红烧鱼头,板栗烧鸡,椒盐虾,跺脚鱼头,小炒肉,农夫烤鱼,羊排,龙虾,千岛湖鱼,鱼肉,家常菜,水煮大麻鱼,酸菜黑鱼,堂食,水煮肉片,酸菜鱼,水煮鱼",幺妹鱼庄(华丰分店),"120.203062,30.340580",[],[],[],,,TRUE,TRUE,FALSE,FALSE,餐饮服务;中餐厅;海鲜酒楼,餐饮服务,中餐厅,"['豆腐', '小龙虾', '鸡米花', '酸菜鱼', '么妹烧鸡公', '火锅', '青菜', '扇贝', '糖醋排骨', '酱猪蹄', '红烧鱼头', '板栗烧鸡', '椒盐虾', '跺脚鱼头', '小炒肉', '农夫烤鱼', '羊排', '龙虾', '千岛湖鱼', '鱼肉', '家常菜', '水煮大麻鱼', '酸菜黑鱼', '堂食', '水煮肉片', '酸菜鱼', '水煮鱼']"
[],[],川菜,[],[],餐饮服务;中餐厅;海鲜酒楼,[],[],050119,0,[],萧山区,[],15268168177,B0FFGVZOII,凤凰娱乐中心底楼西侧(近三江购物),[],浙江省,diner,杭州市,[],酸菜鱼,老四川平头酸菜鱼(衙前店),"120.407118,30.163240",[],[],[],,,TRUE,TRUE,FALSE,FALSE,餐饮服务;中餐厅;海鲜酒楼,餐饮服务,中餐厅,['酸菜鱼']
B0FFHBV4GV,[],川菜,[],[],餐饮服务;中餐厅;中餐厅,[],[],050100,0,[],滨江区,[],13221821552;13646714216,B0FFILAQK5,滨安路1181号王道公园1号楼西北角,[],浙江省,diner,杭州市,302,"口水鸡,素菜,辣子鸡,口水鸡,工作餐,鸡肉,鱼香肉丝,麻婆豆腐,回锅肉,重庆毛血旺",王道小乐惠,"120.180084,30.184689",[],[],[],,,TRUE,TRUE,FALSE,FALSE,餐饮服务;中餐厅;中餐厅,餐饮服务,中餐厅,"['口水鸡', '素菜', '辣子鸡', '口水鸡', '工作餐', '鸡肉', '鱼香肉丝', '麻婆豆腐', '回锅肉', '重庆毛血旺']"
B0JUTCHMU5,[],川味小吃,[],[],餐饮服务;中餐厅;中餐厅,[],[],050100,0,[],上城区,[],15608107293,B0LGH9U76B,M158金座(闸弄口地铁站B口步行80米),[],浙江省,diner,杭州市,202,冒菜,肥悦冒菜,"120.191269,30.284447",[],[],[],,,TRUE,TRUE,FALSE,FALSE,餐饮服务;中餐厅;中餐厅,餐饮服务,中餐厅,['冒菜']
[],[],川菜,[],[],餐饮服务;中餐厅;四川菜(川菜),[],[],050102,0,[],临安区,[],18072809385;18413259793,B0FFHTZS5T,锦城街道广苑小区63号,[],浙江省,diner,杭州市,[],"凉拌木耳,盐水花生,酱爆螺丝,锡纸日本豆腐,特色烤鱼,刀拍黄瓜,清炒土豆丝,单人餐,特色烤鱼,烤鱼,龙虾",小米椒烤鱼坊(广苑小区店),"119.709865,30.230799",[],[],[],,,TRUE,TRUE,FALSE,FALSE,餐饮服务;中餐厅;四川菜(川菜),餐饮服务,中餐厅,"['凉拌木耳', '盐水花生', '酱爆螺丝', '锡纸日本豆腐', '特色烤鱼', '刀拍黄瓜', '清炒土豆丝', '单人餐', '特色烤鱼', '烤鱼', '龙虾']"
[],[],重庆火锅,[],[],餐饮服务;中餐厅;火锅店,[],[],050117,0,[],萧山区,[],0571-87077899;13732216557,B0J2SPPAJT,明星路225号,[],浙江省,diner,杭州市,[],重庆火锅,味舵主重庆火锅(明星路店),"120.248976,30.198944",[],[],[],,,TRUE,TRUE,FALSE,FALSE,餐饮服务;中餐厅;火锅店,餐饮服务,中餐厅,['重庆火锅']
B0HG0SX6BO,[],火锅,[],[],餐饮服务;中餐厅;火锅店,[],[],050117,0,[],拱墅区,[],[],B0MGOZVBGT,祥符街道隐秀路1号杭州大悦城1幢L7-20号,[],浙江省,diner,杭州市,202,[],三出山火锅(杭州大悦城店),"120.130275,30.301375",[],[],[],,,TRUE,TRUE,FALSE,FALSE,餐饮服务;中餐厅;火锅店,餐饮服务,中餐厅,[]
B0FFI2RGAM,[],四川火锅,[],[],餐饮服务;中餐厅;火锅店,[],[],050117,0,[],上城区,[],0571-81996816,B0FFH0F01O,湖滨街道延安路239号湖滨银泰in77D区4楼407室,[],浙江省,diner,杭州市,202,"精选羊肉,台湾芋块,重庆酸菜鱼锅,午餐肉,鸭血,老成都鸳鸯锅,丸类拼盘,火锅龙虾,脆嫩毛肚,澳洲肥牛,冰淇淋豆腐,大白菜,巴沙鱼柳,油条,巴沙鱼,牛肉,虾滑,毛肚",川味观Manana·川渝火锅(湖滨in77店),"120.163519,30.253286",[],[],[],,,TRUE,TRUE,FALSE,FALSE,餐饮服务;中餐厅;火锅店,餐饮服务,中餐厅,"['精选羊肉', '台湾芋块', '重庆酸菜鱼锅', '午餐肉', '鸭血', '老成都鸳鸯锅', '丸类拼盘', '火锅龙虾', '脆嫩毛肚', '澳洲肥牛', '冰淇淋豆腐', '大白菜', '巴沙鱼柳', '油条', '巴沙鱼', '牛肉', '虾滑', '毛肚']"
B0HG0SX6BO,[],川菜,[],[],餐饮服务;中餐厅;中餐厅,[],[],050100,0,[],拱墅区,[],4006092822,B0HAT10Y68,隐秀路1号大悦城6楼L6-03号(直梯上6楼左转),[],浙江省,diner,杭州市,202,"水煮牛肉-招牌菜,干捞粉丝虾,螺丝椒小炒肉,十八秒爆炒猪肝,芝士香辣虾,香辣活蛙,青柠酸甜虾,全鲜牛肉焖饭儿童餐,鲜肉花菜-招牌菜,泡椒炒鲜猪肉,泡椒活蛙,全鲜番茄鸡蛋卷儿童餐,儿童餐,双人餐,毛血旺,麻婆豆腐,酸菜鱼,鸡肉,家常菜",新太二·鲜料川菜(杭州大悦城分店),"120.129634,30.302313",[],[],[],,,TRUE,TRUE,FALSE,FALSE,餐饮服务;中餐厅;中餐厅,餐饮服务,中餐厅,"['水煮牛肉-招牌菜', '干捞粉丝虾', '螺丝椒小炒肉', '十八秒爆炒猪肝', '芝士香辣虾', '香辣活蛙', '青柠酸甜虾', '全鲜牛肉焖饭儿童餐', '鲜肉花菜-招牌菜', '泡椒炒鲜猪肉', '泡椒活蛙', '全鲜番茄鸡蛋卷儿童餐', '儿童餐', '双人餐', '毛血旺', '麻婆豆腐', '酸菜鱼', '鸡肉', '家常菜']"
[],[],川菜,[],[],餐饮服务;中餐厅;四川菜(川菜),[],[],050102,0,[],西湖区,[],0571-56776566,B0FFFD8N8Z,黄姑山路11号,[],浙江省,diner,杭州市,[],"招牌泡菜鱼,腊味土豆泥,夫妻肺片,豆花肥肠,李庄大刀白肉,泡椒牛蛙,招牌豆花鱼,宜宾红油抄手,川味泡菜,干锅手撕鸡,宫保鸡丁,麻辣鱼,鱼香肉丝,泡菜炒饭,糖醋包心菜,毛血旺,泡菜,重庆辣子鸡,夫妻肺片,毛血旺,麻婆豆腐,土豆泥,烤鱼,鸡块,堂食,牛肉,豆花,辣子鸡,鸡肉",川味泡菜馆(黄姑山路店),"120.133444,30.274237",[],[],[],,,TRUE,TRUE,FALSE,FALSE,餐饮服务;中餐厅;四川菜(川菜),餐饮服务,中餐厅,"['招牌泡菜鱼', '腊味土豆泥', '夫妻肺片', '豆花肥肠', '李庄大刀白肉', '泡椒牛蛙', '招牌豆花鱼', '宜宾红油抄手', '川味泡菜', '干锅手撕鸡', '宫保鸡丁', '麻辣鱼', '鱼香肉丝', '泡菜炒饭', '糖醋包心菜', '毛血旺', '泡菜', '重庆辣子鸡', '夫妻肺片', '毛血旺', '麻婆豆腐', '土豆泥', '烤鱼', '鸡块', '堂食', '牛肉', '豆花', '辣子鸡', '鸡肉']"
B023B0BQI6,[],串串香,[],[],餐饮服务;中餐厅;火锅店,[],[],050117,0,[],滨江区,[],0571-86973717,B0FFHQRSYL,滨盛路1872新世界·铂悦轩1层,[],浙江省,diner,杭州市,202,"红糖糍粑,老妈蹄花,重庆小酥肉,甜水面,琅琊土豆,付氏冰粉,芝士丸,凉虾,凉糕,大明虾,芝士丸子,碗杂小面,成都串串香招牌底,冒脑花,夫妻肺片,串串,双人餐,牛肉,甜水面,小酥肉",付小姐在成都(滨江店),"120.203200,30.207948",[],[],[],,,TRUE,TRUE,FALSE,FALSE,餐饮服务;中餐厅;火锅店,餐饮服务,中餐厅,"['红糖糍粑', '老妈蹄花', '重庆小酥肉', '甜水面', '琅琊土豆', '付氏冰粉', '芝士丸', '凉虾', '凉糕', '大明虾', '芝士丸子', '碗杂小面', '成都串串香招牌底', '冒脑花', '夫妻肺片', '串串', '双人餐', '牛肉', '甜水面', '小酥肉']"
B0FFFELQLA,[],粤菜,[],[],餐饮服务;中餐厅;广东菜(粤菜),[],[],050103,0,[],上城区,[],0571-87023703,B0G1DRJXNG,延安路258号湖滨银泰in77C2区4楼,[],浙江省,diner,杭州市,202,"状元及第粥,鸡油马拉糕,青芥炸虾球,金莎红米肠,百合酱蒸凤爪,芫茜牛肉肠,松化鸡蛋挞,鼓油皇三丝炒面,蜜汁叉烧包,金腿咸水角,明虾蟹子烧卖,凤凰流沙包,特色蒸排骨,生煎韭菜饺,原只椰子炖竹丝鸡汤,金牌虾饺皇,豉油皇三丝炒面,五色蔬果捞,雪花牛肉饺,麻香无骨鸭掌,香芒夹心椰汁糕,招牌虾饺皇,招牌烧卖,乳鸽,招牌靓油条,荔湾艇仔粥,安格斯黑椒牛仔骨,金牌靓油条,焦糖冰豆花,凉拌爽口黑木耳,灌汤姜汁小笼包,沙爹金钱肚,潮州蒸粉果,紫薯菓,避风塘芋头糕,柠香牛肉球,招牌陈醋浸凤爪,凤爪,排骨,点心,牛肉,杨枝甘露,油条,虾仁,双人餐,鸡爪",点都德(杭州湖滨in77店),"120.164572,30.251950",[],[],[],,,TRUE,TRUE,FALSE,FALSE,餐饮服务;中餐厅;广东菜(粤菜),餐饮服务,中餐厅,"['状元及第粥', '鸡油马拉糕', '青芥炸虾球', '金莎红米肠', '百合酱蒸凤爪', '芫茜牛肉肠', '松化鸡蛋挞', '鼓油皇三丝炒面', '蜜汁叉烧包', '金腿咸水角', '明虾蟹子烧卖', '凤凰流沙包', '特色蒸排骨', '生煎韭菜饺', '原只椰子炖竹丝鸡汤', '金牌虾饺皇', '豉油皇三丝炒面', '五色蔬果捞', '雪花牛肉饺', '麻香无骨鸭掌', '香芒夹心椰汁糕', '招牌虾饺皇', '招牌烧卖', '乳鸽', '招牌靓油条', '荔湾艇仔粥', '安格斯黑椒牛仔骨', '金牌靓油条', '焦糖冰豆花', '凉拌爽口黑木耳', '灌汤姜汁小笼包', '沙爹金钱肚', '潮州蒸粉果', '紫薯菓', '避风塘芋头糕', '柠香牛肉球', '招牌陈醋浸凤爪', '凤爪', '排骨', '点心', '牛肉', '杨枝甘露', '油条', '虾仁', '双人餐', '鸡爪']"
B0FFHCZ0KV,[],粤菜,[],[],餐饮服务;快餐厅;快餐厅,[],[],050300,0,[],上城区,[],0571-87189777,B0FFLCCHEP,南山路103-2号,[],浙江省,diner,杭州市,324,"啫啫肥牛,啫黄鳝,豉味啫啫大肠,北海道牛奶土司,啫啫蚝仔烙,卤鹅五拼,烤生蚝,啫啫黄沙蚬,啫啫走地鸡,烤雪花牛肉,啫啫牛舌,招牌手切羊肉串,招牌腊味煲仔饭,啫田鸡,顺德啫啫鱼头,啫啫鸡脆骨,双人餐,招牌腊味煲仔饭",啫卤爷,"120.159458,30.243685",[],[],[],,,TRUE,TRUE,FALSE,FALSE,餐饮服务;快餐厅;快餐厅,餐饮服务,快餐厅,"['啫啫肥牛', '啫黄鳝', '豉味啫啫大肠', '北海道牛奶土司', '啫啫蚝仔烙', '卤鹅五拼', '烤生蚝', '啫啫黄沙蚬', '啫啫走地鸡', '烤雪花牛肉', '啫啫牛舌', '招牌手切羊肉串', '招牌腊味煲仔饭', '啫田鸡', '顺德啫啫鱼头', '啫啫鸡脆骨', '双人餐', '招牌腊味煲仔饭']"
B0FFFTA106,[],粤菜,[],[],餐饮服务;中餐厅;广东菜(粤菜),[],[],050103,0,[],上城区,[],0571-87219898;18958031739,B0FFLHYSM7,庆春路169号,[],浙江省,diner,杭州市,202,"鲜虾金钱炸蟹盒,石锅红焖猪尾,黑豚肉蒸三门膏蟹,清炒蟹粉,同乐乳鸽皇,妙脆鲜虾汤,鲍鱼焖猪手,冰镇小龙虾,浓汤鱼翅,香煎韭菜饼,冰清鲥鱼,烤鸭,同乐虾饺皇,双人餐,点心,牛肉,杨枝甘露,杭州卤鸭",娃哈哈同乐舫(庆春店),"120.169419,30.257735",[],[],[],,,TRUE,TRUE,FALSE,FALSE,餐饮服务;中餐厅;广东菜(粤菜),餐饮服务,中餐厅,"['鲜虾金钱炸蟹盒', '石锅红焖猪尾', '黑豚肉蒸三门膏蟹', '清炒蟹粉', '同乐乳鸽皇', '妙脆鲜虾汤', '鲍鱼焖猪手', '冰镇小龙虾', '浓汤鱼翅', '香煎韭菜饼', '冰清鲥鱼', '烤鸭', '同乐虾饺皇', '双人餐', '点心', '牛肉', '杨枝甘露', '杭州卤鸭']"
[],[],粤菜,[],[],餐饮服务;中餐厅;中餐厅,[],[],050100,1,[],拱墅区,[],0571-86792777,B0H2X7FXPF,莫干山路与文一路交叉口东南120米,[],浙江省,diner,杭州市,[],"云腿石榴包,樱桃鹅肝,繁秋招牌烤榴莲,松子素藕夹,潮州卤水鹅头,黑松露黄焖3头花胶,堂煎5A雪花牛肉,秘制黑叉烧,葱油蒸东海黄鱼,招牌酸辣鱼翅,澳洲龙虾刺身,江南文火小牛肉,金沙辣九节明虾球,虾籽鲜鲍,葱烧60头关东参,避风塘富贵虾,麻婆豆腐云上见青龙,吊烧2头南非鲍,港式深井烧鹅,杨枝甘露,牛排,豆腐,小龙虾,巧克力,红烧肉,点心,牛肉,螃蟹,麻婆豆腐",繁秋·新粤菜,"120.145970,30.288074",[],[],[],,,TRUE,TRUE,FALSE,FALSE,餐饮服务;中餐厅;中餐厅,餐饮服务,中餐厅,"['云腿石榴包', '樱桃鹅肝', '繁秋招牌烤榴莲', '松子素藕夹', '潮州卤水鹅头', '黑松露黄焖3头花胶', '堂煎5A雪花牛肉', '秘制黑叉烧', '葱油蒸东海黄鱼', '招牌酸辣鱼翅', '澳洲龙虾刺身', '江南文火小牛肉', '金沙辣九节明虾球', '虾籽鲜鲍', '葱烧60头关东参', '避风塘富贵虾', '麻婆豆腐云上见青龙', '吊烧2头南非鲍', '港式深井烧鹅', '杨枝甘露', '牛排', '豆腐', '小龙虾', '巧克力', '红烧肉', '点心', '牛肉', '螃蟹', '麻婆豆腐']"
B0J05SQIWD,[],粤菜,[],[],餐饮服务;中餐厅;广东菜(粤菜),[],[],050103,0,[],上城区,[],17316944339,B0LKRL7B8D,源聚德信中心5幢一层101,[],浙江省,diner,杭州市,202,"肉汁蒸东海黄鱼,沙茶超级牛杂煲,芝士波士顿大龙虾,一品满香楼,秘制脆皮灌汤烧鸭,砂锅干鲍焗猪手,砂锅上汤姜文昌鸡肉,法式餐包,牛杂煲,沙茶",江粤宴?江粤臻宴·品鲜融合,"120.220769,30.295114",[],[],[],,,TRUE,TRUE,FALSE,FALSE,餐饮服务;中餐厅;广东菜(粤菜),餐饮服务,中餐厅,"['肉汁蒸东海黄鱼', '沙茶超级牛杂煲', '芝士波士顿大龙虾', '一品满香楼', '秘制脆皮灌汤烧鸭', '砂锅干鲍焗猪手', '砂锅上汤姜文昌鸡肉', '法式餐包', '牛杂煲', '沙茶']"
B0FFF33YP1,[],小吃快餐,[],[],餐饮服务;中餐厅;中餐厅,[],[],050100,0,[],萧山区,[],19012726692,B0K0PHRYYZ,盈丰街道民营企业大厦北门1层商铺108室,[],浙江省,diner,杭州市,202,"双皮奶,堂食,鸡肉,原味双皮奶",郑阿公顺德鸡煲饭双皮奶(萧山店),"120.256380,30.231569",[],[],[],,,TRUE,TRUE,FALSE,FALSE,餐饮服务;中餐厅;中餐厅,餐饮服务,中餐厅,"['双皮奶', '堂食', '鸡肉', '原味双皮奶']"
B0J05SS8Q7,[],粤菜,[],[],餐饮服务;中餐厅;广东菜(粤菜),[],[],050103,0,[],拱墅区,[],0571-85088816;19012873828,B0JK5B2K28,环城北路杭州中心5楼,[],浙江省,diner,杭州市,201,"招牌陈醋浸凤爪,灌汤姜汁小笼包,乳鸽,原只椰子炖竹丝鸡汤,柠香牛肉球,金莎红米肠,蜜汁叉烧包,百合酱蒸凤爪,招牌靓油条,松化鸡蛋挞,凉拌爽口黑木耳,荔湾艇仔粥,特色蒸排骨,沙爹金钱肚,潮州蒸粉果,香芒夹心椰汁糕,招牌虾饺皇,招牌烧卖,芫茜牛肉肠,鼓油皇三丝炒面,生煎韭菜饺,凤凰流沙包,油条,点心,虾仁,鸡爪,牛肉,蛋挞,双人餐",点都德(杭州中心店),"120.165900,30.273133",[],[],[],,,TRUE,TRUE,FALSE,FALSE,餐饮服务;中餐厅;广东菜(粤菜),餐饮服务,中餐厅,"['招牌陈醋浸凤爪', '灌汤姜汁小笼包', '乳鸽', '原只椰子炖竹丝鸡汤', '柠香牛肉球', '金莎红米肠', '蜜汁叉烧包', '百合酱蒸凤爪', '招牌靓油条', '松化鸡蛋挞', '凉拌爽口黑木耳', '荔湾艇仔粥', '特色蒸排骨', '沙爹金钱肚', '潮州蒸粉果', '香芒夹心椰汁糕', '招牌虾饺皇', '招牌烧卖', '芫茜牛肉肠', '鼓油皇三丝炒面', '生煎韭菜饺', '凤凰流沙包', '油条', '点心', '虾仁', '鸡爪', '牛肉', '蛋挞', '双人餐']"
B0FFHEAP69,[],粤菜,[],[],餐饮服务;中餐厅;广东菜(粤菜),[],[],050103,0,[],拱墅区,[],0571-88322777,B023B08UVT,朝晖路203号深蓝广场2楼,[],浙江省,diner,杭州市,202,"春天虾皇饺,泰国榴莲酥,烤乳鸽,芒果捞嘢,现榨芒果汁,深井烧鹅,艇仔粥,蟹子皇烧麦,江南开胃鱼头王,干炒牛河,春天黑叉烧,白灼鲜芥兰,咖喱虾,黑椒蒸凤爪,松茸西冷牛肉粥,牛肉,菠萝包,甲鱼,叉烧,双人餐,叉烧,烧鹅,乳鸽",西湖春天·粤府(深蓝广场店),"120.169269,30.276491",[],[],[],,,TRUE,TRUE,FALSE,FALSE,餐饮服务;中餐厅;广东菜(粤菜),餐饮服务,中餐厅,"['春天虾皇饺', '泰国榴莲酥', '烤乳鸽', '芒果捞嘢', '现榨芒果汁', '深井烧鹅', '艇仔粥', '蟹子皇烧麦', '江南开胃鱼头王', '干炒牛河', '春天黑叉烧', '白灼鲜芥兰', '咖喱虾', '黑椒蒸凤爪', '松茸西冷牛肉粥', '牛肉', '菠萝包', '甲鱼', '叉烧', '双人餐', '叉烧', '烧鹅', '乳鸽']"
B0FFIMEKW0,[],粤菜,[],[],餐饮服务;中餐厅;中餐厅,[],[],050100,0,[],上城区,[],0571-81996891,B0L315UFL6,湖滨街道延安路239号银泰in77D区3007,[],浙江省,diner,杭州市,202,潮菜,九洲籍.新派潮菜(杭州首店),"120.163808,30.253571",[],[],[],,,TRUE,TRUE,FALSE,FALSE,餐饮服务;中餐厅;中餐厅,餐饮服务,中餐厅,['潮菜']
B0IDHMCYGJ,[],火锅,[],[],餐饮服务;餐饮相关场所;餐饮相关,[],[],050000,0,[],余杭区,[],15395839870,B0LA1R9T1D,五常街道飞鸟客商务中心9幢104.105室,[],浙江省,diner,杭州市,202,"鲜切牛吊龙,脆皮鸡一套,生蚝,潮汕炸粿肉,中山脆鲩鱼,金耳菌,双人餐",岳无鸡·鲜切广东脆皮鸡煲(中南未来里店),"120.043711,30.289110",[],[],[],,,TRUE,TRUE,FALSE,FALSE,餐饮服务;餐饮相关场所;餐饮相关,餐饮服务,餐饮相关场所,"['鲜切牛吊龙', '脆皮鸡一套', '生蚝', '潮汕炸粿肉', '中山脆鲩鱼', '金耳菌', '双人餐']"
B0FFJZAME5,[],特色小吃,[],[],餐饮服务;中餐厅;中餐厅,[],[],050100,0,[],上城区,[],15355059044,B0LR4ZP85E,新塘路652号(中国邮政储蓄隔壁),[],浙江省,diner,杭州市,202,"双皮奶,鸡蛋肉沫肠粉,虾饺皇,双皮奶,堂食",郑阿公顺德鸡煲饭双皮奶(东站店),"120.223095,30.290846",[],[],[],,,TRUE,TRUE,FALSE,FALSE,餐饮服务;中餐厅;中餐厅,餐饮服务,中餐厅,"['双皮奶', '鸡蛋肉沫肠粉', '虾饺皇', '双皮奶', '堂食']"
B0ID3SNNB7,[],粤菜,[],[],餐饮服务;快餐厅;快餐厅,[],[],050300,0,[],滨江区,[],0571-82370916,B0I2RSR24J,启智街515号银泰百货B区2楼212-213室,[],浙江省,diner,杭州市,202,"蜜汁叉烧包,凤凰流沙包,特色蒸排骨,生煎韭菜饺,原只椰子炖竹丝鸡汤,凉拌爽口黑木耳,灌汤姜汁小笼包,沙爹金钱肚,潮州蒸粉果,柠香牛肉球,招牌陈醋浸凤爪,香芒夹心椰汁糕,招牌虾饺皇,招牌烧卖,乳鸽,招牌靓油条,荔湾艇仔粥,金莎红米肠,百合酱蒸凤爪,芫茜牛肉肠,松化鸡蛋挞,鼓油皇三丝炒面,双人餐",点都德(滨江银泰店),"120.222079,30.201986",[],[],[],,,TRUE,TRUE,FALSE,FALSE,餐饮服务;快餐厅;快餐厅,餐饮服务,快餐厅,"['蜜汁叉烧包', '凤凰流沙包', '特色蒸排骨', '生煎韭菜饺', '原只椰子炖竹丝鸡汤', '凉拌爽口黑木耳', '灌汤姜汁小笼包', '沙爹金钱肚', '潮州蒸粉果', '柠香牛肉球', '招牌陈醋浸凤爪', '香芒夹心椰汁糕', '招牌虾饺皇', '招牌烧卖', '乳鸽', '招牌靓油条', '荔湾艇仔粥', '金莎红米肠', '百合酱蒸凤爪', '芫茜牛肉肠', '松化鸡蛋挞', '鼓油皇三丝炒面', '双人餐']"
B0FFHBJOFN,[],粤式茶点,[],[],餐饮服务;餐饮相关场所;餐饮相关,[],[],050000,0,[],拱墅区,[],17366610126,B0HDACWZYB,国大城市广场三楼(武林广场地铁站E口步行370米),[],浙江省,diner,杭州市,202,"顺德公烧鹅皇,广式蒜香骨,脆皮叉烧包,翡翠秘汁叉烧肠,砂锅生啫牛蛙,沙爹酱香金钱肚,港式菠萝包,红烧乳鸽,点心,干炒牛河,腊肠煲仔饭,荔湾艇仔粥,红烧乳鸽,顺德公烧鹅皇,正哥虾饺皇,干炒广东牛河,牛肉肠粉",正哥点心专家(国大广场店),"120.162823,30.269350",[],[],[],,,TRUE,TRUE,FALSE,FALSE,餐饮服务;餐饮相关场所;餐饮相关,餐饮服务,餐饮相关场所,"['顺德公烧鹅皇', '广式蒜香骨', '脆皮叉烧包', '翡翠秘汁叉烧肠', '砂锅生啫牛蛙', '沙爹酱香金钱肚', '港式菠萝包', '红烧乳鸽', '点心', '干炒牛河', '腊肠煲仔饭', '荔湾艇仔粥', '红烧乳鸽', '顺德公烧鹅皇', '正哥虾饺皇', '干炒广东牛河', '牛肉肠粉']"
[],[],粤菜,[],[],餐饮服务;餐饮相关场所;餐饮相关,[],[],050000,0,[],拱墅区,[],0571-85005702;19357305307,B0FFH0E774,"展览西路21号杭州大厦A座27楼-含8个景观包厢,18张零点餐位,生日提供9大增值服务",[],浙江省,diner,杭州市,[],"帝皇风范3品,梅干菜烧仔排,招牌脆皮乳鸽,鲜花椒蒸太湖无骨大白条,当红脆炸麻香鸡,瑶柱菜脯酱焗长脚蟹,乳鸽,点心,猪肉,长寿面,鲍鱼,龙虾,牛肉,素菜,五花肉,红烧肉,鸡肉",鸟语花香·高空景观餐厅·潮粤菜(杭州大厦店),"120.161301,30.271855",[],[],[],,,TRUE,TRUE,FALSE,FALSE,餐饮服务;餐饮相关场所;餐饮相关,餐饮服务,餐饮相关场所,"['帝皇风范3品', '梅干菜烧仔排', '招牌脆皮乳鸽', '鲜花椒蒸太湖无骨大白条', '当红脆炸麻香鸡', '瑶柱菜脯酱焗长脚蟹', '乳鸽', '点心', '猪肉', '长寿面', '鲍鱼', '龙虾', '牛肉', '素菜', '五花肉', '红烧肉', '鸡肉']"
B0FFL3PFC4,[],粤菜,[],[],餐饮服务;中餐厅;广东菜(粤菜)|餐饮服务;中餐厅;海鲜酒楼,[],[],050103|050119,0,[],拱墅区,[],0571-81778777,B0JKL7684V,天水街道展览东路150号杭州中心L421-422,[],浙江省,diner,杭州市,202,"烧脆皮乳鸽,仙鹤神针（位）,红烧鸡吞花胶(只),白胡椒炒蟹,黑胡椒蟹,奶油螃蟹,黑松露澳洲龙虾,香港桥底辣炒蟹,原味高级雪花牛肉,黑豚肉蒸膏蟹,烧脆皮乳鸽（半只）,香焗帝王蟹,鱼头佛跳墙,樱桃鹅肝配葱油小饼,鱼头佛跳墙（半只）,黑豚肉蒸红毛蟹,龙虾汤芙蓉蒸帝王蟹500g,爱马仕黄油蟹（只）,生拆蟹肉焗粉丝,新加坡辣椒蟹,龙虾汤松叶蟹,溏心富贵虾,红烧鸡吞花胶皇,熏带鱼,黑松露澳洲龙虾（500g）,红米脆皮鲜虾肠粉,下午茶,点心,螃蟹",龍码头·螃蟹王(杭州首店),"120.165034,30.272749",[],[],[],,,TRUE,TRUE,FALSE,FALSE,餐饮服务;中餐厅;广东菜(粤菜),餐饮服务,中餐厅,"['烧脆皮乳鸽', '仙鹤神针（位）', '红烧鸡吞花胶(只)', '白胡椒炒蟹', '黑胡椒蟹', '奶油螃蟹', '黑松露澳洲龙虾', '香港桥底辣炒蟹', '原味高级雪花牛肉', '黑豚肉蒸膏蟹', '烧脆皮乳鸽（半只）', '香焗帝王蟹', '鱼头佛跳墙', '樱桃鹅肝配葱油小饼', '鱼头佛跳墙（半只）', '黑豚肉蒸红毛蟹', '龙虾汤芙蓉蒸帝王蟹500g', '爱马仕黄油蟹（只）', '生拆蟹肉焗粉丝', '新加坡辣椒蟹', '龙虾汤松叶蟹', '溏心富贵虾', '红烧鸡吞花胶皇', '熏带鱼', '黑松露澳洲龙虾（500g）', '红米脆皮鲜虾肠粉', '下午茶', '点心', '螃蟹']"
[],[],水产海鲜,[],[],餐饮服务;中餐厅;中餐厅,[],[],050100,1,[],拱墅区,[],18042436662,B0FFJWYHFW,上塘路183-2号,[],浙江省,diner,杭州市,[],"生腌红膏蟹,熟醉沼虾,白灼东山小管,红烧海杂鱼,生腌甜虾,鲍鱼活虾粥,捞汁生蚝,蚝仔烙,生腌皮皮虾,冰镇小龙虾,生腌海鲜拼盘,秘制香辣蟹,大陈海鲜拼盘,泡椒牛蛙,白灼鱿鱼,美味活虾粥,招牌膏蟹虾粥,生腌三文鱼,潮汕空心菜,海鲜蒸锅,脆皮大肠,生腌小青龙,熟醉海鲜拼盘,双人餐",潮三爷.生腌熟醉潮汕菜(朝晖店),"120.166224,30.285512",[],[],[],,,TRUE,TRUE,FALSE,FALSE,餐饮服务;中餐厅;中餐厅,餐饮服务,中餐厅,"['生腌红膏蟹', '熟醉沼虾', '白灼东山小管', '红烧海杂鱼', '生腌甜虾', '鲍鱼活虾粥', '捞汁生蚝', '蚝仔烙', '生腌皮皮虾', '冰镇小龙虾', '生腌海鲜拼盘', '秘制香辣蟹', '大陈海鲜拼盘', '泡椒牛蛙', '白灼鱿鱼', '美味活虾粥', '招牌膏蟹虾粥', '生腌三文鱼', '潮汕空心菜', '海鲜蒸锅', '脆皮大肠', '生腌小青龙', '熟醉海鲜拼盘', '双人餐']"
B0M6967X2H,[],粤菜,[],[],餐饮服务;快餐厅;快餐厅,[],[],050300,0,[],拱墅区,[],0571-86097761,B0H61GNM8E,丰潭路380号银泰城4幢L4层405室(萍水街地铁站C出口),[],浙江省,diner,杭州市,202,"焦糖冰豆花,凉拌爽口黑木耳,灌汤姜汁小笼包,沙爹金钱肚,潮州蒸粉果,五色蔬果捞,雪花牛肉饺,麻香无骨鸭掌,香芒夹心椰汁糕,招牌虾饺皇,招牌烧卖,乳鸽,招牌靓油条,荔湾艇仔粥,蜜汁叉烧包,凤凰流沙包,特色蒸排骨,生煎韭菜饺,原只椰子炖竹丝鸡汤,紫薯菓,避风塘芋头糕,柠香牛肉球,招牌陈醋浸凤爪,青芥炸虾球,金莎红米肠,百合酱蒸凤爪,芫茜牛肉肠,松化鸡蛋挞,鼓油皇三丝炒面,肠粉,虾仁,杨枝甘露,牛肉,双人餐,油条,点心",点都德(城西银泰城店),"120.108594,30.299159",[],[],[],,,TRUE,TRUE,FALSE,FALSE,餐饮服务;快餐厅;快餐厅,餐饮服务,快餐厅,"['焦糖冰豆花', '凉拌爽口黑木耳', '灌汤姜汁小笼包', '沙爹金钱肚', '潮州蒸粉果', '五色蔬果捞', '雪花牛肉饺', '麻香无骨鸭掌', '香芒夹心椰汁糕', '招牌虾饺皇', '招牌烧卖', '乳鸽', '招牌靓油条', '荔湾艇仔粥', '蜜汁叉烧包', '凤凰流沙包', '特色蒸排骨', '生煎韭菜饺', '原只椰子炖竹丝鸡汤', '紫薯菓', '避风塘芋头糕', '柠香牛肉球', '招牌陈醋浸凤爪', '青芥炸虾球', '金莎红米肠', '百合酱蒸凤爪', '芫茜牛肉肠', '松化鸡蛋挞', '鼓油皇三丝炒面', '肠粉', '虾仁', '杨枝甘露', '牛肉', '双人餐', '油条', '点心']"
[],[],小吃快餐,[],[],餐饮服务;中餐厅;中餐厅,[],[],050100,0,[],西湖区,[],15372580686,B0LRKRIWZO,翠苑街道文一路294号城西商贸城附房一层101-7室,[],浙江省,diner,杭州市,[],"双皮奶,鸡蛋肉沫肠粉,原味双皮奶,堂食",郑阿公顺德鸡煲饭双皮奶(文一路店),"120.123904,30.288693",[],[],[],,,TRUE,TRUE,FALSE,FALSE,餐饮服务;中餐厅;中餐厅,餐饮服务,中餐厅,"['双皮奶', '鸡蛋肉沫肠粉', '原味双皮奶', '堂食']"
[],[],闽菜,[],[],餐饮服务;中餐厅;中餐厅,[],[],050100,0,[],西湖区,[],18868793959,B0KK2S5R7V,天目山路178号1楼102,[],浙江省,diner,杭州市,[],"盐酒河田鸡,爆炒九门头,灵魂酸菜炒大肠,河田鸡,芋子包,五指毛桃蒸猪脚,闽南海蛎煎,心灵鸡汤,双人餐,特色菜",胡建小馆·地道客家菜,"120.133786,30.271942",[],[],[],,,TRUE,TRUE,FALSE,FALSE,餐饮服务;中餐厅;中餐厅,餐饮服务,中餐厅,"['盐酒河田鸡', '爆炒九门头', '灵魂酸菜炒大肠', '河田鸡', '芋子包', '五指毛桃蒸猪脚', '闽南海蛎煎', '心灵鸡汤', '双人餐', '特色菜']"
B023B1DIOC,[],鱼火锅,[],[],餐饮服务;中餐厅;火锅店,[],[],050117,0,[],上城区,[],0571-85222676,B0KD0AX95Y,延安路245号杭州湖滨银泰in77B区1层102室(弄堂区域),[],浙江省,diner,杭州市,201,牛肉,阿盼鱼捞·斑鱼海鲜粥火锅·南国传承(杭州湖滨in77B区店),"120.163431,30.255034",[],[],[],,,TRUE,TRUE,FALSE,FALSE,餐饮服务;中餐厅;火锅店,餐饮服务,中餐厅,['牛肉']
B023B0A4ZD,[],粤菜,[],[],餐饮服务;中餐厅;广东菜(粤菜)|餐饮服务;中餐厅;海鲜酒楼,[],[],050103|050119,0,[],上城区,[],0571-81999139,B0FFHE5SKO,富春路701号万象城5楼539(江锦路地铁站B3口旁),[],浙江省,diner,杭州市,202,"阿婆腊味炒饭,金奖乳鸽,烧西班牙黑毛猪排,金蒜蒸元贝,避风塘干炒牛河,招牌黑松露脆皮鸡,招牌葱油饼,红胡椒焗海钓黄鱼,金银蒜蒸海虾,家烧手工台州豆腐,老陈皮炖水鸭,唐宫烧鹅皇,唐宫虾饺皇,鲍鱼焖土鸡煲,招牌大鲍翅,黑胡椒焗加拿大龙虾,帝王蟹,黑松露焖花胶,飘香榴莲酥,唐宫金银海鲜泡饭,杨枝甘露,牛肉,点心,唐宫烧鹅皇,唐宫虾饺皇,避风塘干炒牛河,蜜汁叉烧",唐宫·粤菜海鲜(杭州万象城店),"120.215419,30.251105",[],[],[],,,TRUE,TRUE,FALSE,FALSE,餐饮服务;中餐厅;广东菜(粤菜),餐饮服务,中餐厅,"['阿婆腊味炒饭', '金奖乳鸽', '烧西班牙黑毛猪排', '金蒜蒸元贝', '避风塘干炒牛河', '招牌黑松露脆皮鸡', '招牌葱油饼', '红胡椒焗海钓黄鱼', '金银蒜蒸海虾', '家烧手工台州豆腐', '老陈皮炖水鸭', '唐宫烧鹅皇', '唐宫虾饺皇', '鲍鱼焖土鸡煲', '招牌大鲍翅', '黑胡椒焗加拿大龙虾', '帝王蟹', '黑松露焖花胶', '飘香榴莲酥', '唐宫金银海鲜泡饭', '杨枝甘露', '牛肉', '点心', '唐宫烧鹅皇', '唐宫虾饺皇', '避风塘干炒牛河', '蜜汁叉烧']"
B0FFJ62XXT,[],粤菜,[],[],餐饮服务;中餐厅;广东菜(粤菜),[],[],050103,0,[],萧山区,[],0571-88960627,B0JDC1U51M,盈丰街道飞虹路1408号印力汇德隆奥体印象城3楼,[],浙江省,diner,杭州市,201,"五色蔬果捞,雪花牛肉饺,麻香无骨鸭掌,香芒夹心椰汁糕,招牌虾饺皇,招牌烧卖,乳鸽,招牌靓油条,荔湾艇仔粥,焦糖冰豆花,凉拌爽口黑木耳,灌汤姜汁小笼包,沙爹金钱肚,潮州蒸粉果,蜜汁叉烧包,凤凰流沙包,特色蒸排骨,生煎韭菜饺,原只椰子炖竹丝鸡汤,青芥炸虾球,金莎红米肠,百合酱蒸凤爪,芫茜牛肉肠,松化鸡蛋挞,鼓油皇三丝炒面,紫薯菓,避风塘芋头糕,柠香牛肉球,招牌陈醋浸凤爪,双人餐,柠檬茶",点都德(奥体印象城店),"120.253456,30.224086",[],[],[],,,TRUE,TRUE,FALSE,FALSE,餐饮服务;中餐厅;广东菜(粤菜),餐饮服务,中餐厅,"['五色蔬果捞', '雪花牛肉饺', '麻香无骨鸭掌', '香芒夹心椰汁糕', '招牌虾饺皇', '招牌烧卖', '乳鸽', '招牌靓油条', '荔湾艇仔粥', '焦糖冰豆花', '凉拌爽口黑木耳', '灌汤姜汁小笼包', '沙爹金钱肚', '潮州蒸粉果', '蜜汁叉烧包', '凤凰流沙包', '特色蒸排骨', '生煎韭菜饺', '原只椰子炖竹丝鸡汤', '青芥炸虾球', '金莎红米肠', '百合酱蒸凤爪', '芫茜牛肉肠', '松化鸡蛋挞', '鼓油皇三丝炒面', '紫薯菓', '避风塘芋头糕', '柠香牛肉球', '招牌陈醋浸凤爪', '双人餐', '柠檬茶']"
[],[],自助餐,[],[],餐饮服务;中餐厅;火锅店,[],[],050117,0,[],滨江区,[],15669969288;18413259410,B0L0A9CZIM,诚业路140-147号滨诚云府对面,[],浙江省,diner,杭州市,[],牛肉,洪阿福·能单点de潮汕牛肉自助火锅(滨江首店),"120.167905,30.188918",[],[],[],,,TRUE,TRUE,FALSE,FALSE,餐饮服务;中餐厅;火锅店,餐饮服务,中餐厅,['牛肉']
B0FFI0VFCR,[],小吃快餐,[],[],餐饮服务;中餐厅;中餐厅,[],[],050100,0,[],滨江区,[],18958160617,B0L2D79GSM,滨江宝龙广场(诚业路地铁站C口步行310米),[],浙江省,diner,杭州市,202,"鲜啫鲍汁丝瓜煲,鸡蛋肉沫肠粉,碧根果双皮奶,红豆双皮奶,鲜啫顺德鸡煲,广东牛杂河粉,肉沫韭黄肠粉,广东牛腩竹升面,白灼广东菜心,牛腩捞汁肠粉,鸳鸯肠粉,原味双皮奶,炸青椒酿肉,鲜啫深海鱿鱼煲,生滚皮蛋瘦肉粥,白灼生菜,鲍汁蒸凤爪,三宝肠粉,芒果双皮奶,鲜啫肥肠煲,鲜啫肉沫茄子煲,鲍汁肉沫蒸毛豆,鲜啫广式牛杂煲,堂食,肠粉,双皮奶",郑阿公顺德鸡煲饭双皮奶(滨江宝龙店),"120.167171,30.188383",[],[],[],,,TRUE,TRUE,FALSE,FALSE,餐饮服务;中餐厅;中餐厅,餐饮服务,中餐厅,"['鲜啫鲍汁丝瓜煲', '鸡蛋肉沫肠粉', '碧根果双皮奶', '红豆双皮奶', '鲜啫顺德鸡煲', '广东牛杂河粉', '肉沫韭黄肠粉', '广东牛腩竹升面', '白灼广东菜心', '牛腩捞汁肠粉', '鸳鸯肠粉', '原味双皮奶', '炸青椒酿肉', '鲜啫深海鱿鱼煲', '生滚皮蛋瘦肉粥', '白灼生菜', '鲍汁蒸凤爪', '三宝肠粉', '芒果双皮奶', '鲜啫肥肠煲', '鲜啫肉沫茄子煲', '鲍汁肉沫蒸毛豆', '鲜啫广式牛杂煲', '堂食', '肠粉', '双皮奶']"
B0FFJRBZLD,[],粤菜,[],[],餐饮服务;中餐厅;中餐厅,[],[],050100,0,[],滨江区,[],0571-86077996,B0HAYR05KX,闻涛路华联星光大道二期5层(靠江),[],浙江省,diner,杭州市,202,"下午茶,桃胶双皮奶,虾饺皇,双人餐",福宴(星光大道店),"120.206106,30.211885",[],[],[],,,TRUE,TRUE,FALSE,FALSE,餐饮服务;中餐厅;中餐厅,餐饮服务,中餐厅,"['下午茶', '桃胶双皮奶', '虾饺皇', '双人餐']"
B0FFJYKKR1,[],牛肉火锅,[],[],餐饮服务;餐饮相关场所;餐饮相关,[],[],050000,0,[],上城区,[],0571-87259877,B0LDVR6WXL,延安路湖滨街道湖滨银泰in77E区3F商铺,[],浙江省,diner,杭州市,202,双人餐,八合里潮汕鲜牛肉火锅(杭州湖滨in77E区店),"120.163603,30.251097",[],[],[],,,TRUE,TRUE,FALSE,FALSE,餐饮服务;餐饮相关场所;餐饮相关,餐饮服务,餐饮相关场所,['双人餐']
[],[],中餐,[],[],餐饮服务;中餐厅;广东菜(粤菜),[],[],050103,0,[],萧山区,[],0571-82779588;18957169588,B0I23C1IFC,景区越王路2077号外街B1-23,[],浙江省,diner,杭州市,[],"贵妃龙虾泡饭,辣汁花螺,生腌小青龙,牛肉,招牌明炉烧鹅,杨枝甘露,东富腊味煲仔饭",东富酒家(湘湖越界店),"120.210392,30.136187",[],[],[],,,TRUE,TRUE,FALSE,FALSE,餐饮服务;中餐厅;广东菜(粤菜),餐饮服务,中餐厅,"['贵妃龙虾泡饭', '辣汁花螺', '生腌小青龙', '牛肉', '招牌明炉烧鹅', '杨枝甘露', '东富腊味煲仔饭']"
B0FFMD6Z73,[],粤菜,[],[],餐饮服务;中餐厅;中餐厅,[],[],050100,0,[],拱墅区,[],0571-86801916;18458108583,B0IBSCQ9RD,花园岗街181号,[],浙江省,diner,杭州市,202,"白灼鱿鱼,打边炉东星斑,潮汕蚝仔烙,腌血蛤,大排档,拌面",老谢潮州菜(崇安中心店),"120.121355,30.324245",[],[],[],,,TRUE,TRUE,FALSE,FALSE,餐饮服务;中餐厅;中餐厅,餐饮服务,中餐厅,"['白灼鱿鱼', '打边炉东星斑', '潮汕蚝仔烙', '腌血蛤', '大排档', '拌面']"
B023B0181A,[],粤菜,[],[],餐饮服务;中餐厅;广东菜(粤菜),[],[],050103,0,[],拱墅区,[],0571-86777729,B0GK2UJQAA,朝晖路178号-2-1号2层(老百姓大药房楼上),[],浙江省,diner,杭州市,202,"牛肉,芝士,顺德双皮奶,特色牛肉肠粉,腊味煲仔饭",粤顺(朝晖国都店),"120.169256,30.276958",[],[],[],,,TRUE,TRUE,FALSE,FALSE,餐饮服务;中餐厅;广东菜(粤菜),餐饮服务,中餐厅,"['牛肉', '芝士', '顺德双皮奶', '特色牛肉肠粉', '腊味煲仔饭']"
B023B173VP,[],粤菜,[],[],商务住宅;住宅区;住宅小区|餐饮服务;中餐厅;广东菜(粤菜),[],[],120302|050103,0,[],拱墅区,[],0571-87333199;19032201751,B0I6DRV885,杭州城西银泰城,[],浙江省,[],杭州市,202,"黄贡椒焖甲鱼,蜜汁叉烧,陈皮古法蒸东星斑,鸡汤蛋白蒸阿拉斯加蟹,黄桥烧饼,芝士鲜虾雪茄卷,澳门烧肉,新西兰竹蛏皇,潮汕生腌小青龙,龙虾汤海鲜泡饭,潮汕卤水拼盘,招牌河虾,帝王蟹二仪,闽东海钓大黄鱼,鲜果拿破仑,龙腾四海,乳鸽,十年花雕醉台山膏蟹,瑶柱炖响螺,沁州小米辽参,黑臀肉蒸台山膏蟹,黑胡椒焗波龙,黑椒陈皮烧鹅,玫瑰盐贱雪花牛肉,鲍鱼扣鹅掌,鸡汤,龙虾,红烧肉,虾仁,黑椒陈皮烧鹅,鸡肉,蜜汁叉烧",熹粤荟·岚廷,"120.106453,30.298666",[],[],[],,,TRUE,TRUE,FALSE,FALSE,商务住宅;住宅区;住宅小区,商务住宅,住宅区,"['黄贡椒焖甲鱼', '蜜汁叉烧', '陈皮古法蒸东星斑', '鸡汤蛋白蒸阿拉斯加蟹', '黄桥烧饼', '芝士鲜虾雪茄卷', '澳门烧肉', '新西兰竹蛏皇', '潮汕生腌小青龙', '龙虾汤海鲜泡饭', '潮汕卤水拼盘', '招牌河虾', '帝王蟹二仪', '闽东海钓大黄鱼', '鲜果拿破仑', '龙腾四海', '乳鸽', '十年花雕醉台山膏蟹', '瑶柱炖响螺', '沁州小米辽参', '黑臀肉蒸台山膏蟹', '黑胡椒焗波龙', '黑椒陈皮烧鹅', '玫瑰盐贱雪花牛肉', '鲍鱼扣鹅掌', '鸡汤', '龙虾', '红烧肉', '虾仁', '黑椒陈皮烧鹅', '鸡肉', '蜜汁叉烧']"
B0FFH04MDX,[],粤菜,[],[],餐饮服务;中餐厅;火锅店,[],[],050117,0,[],滨江区,[],13372560779,B0LU5AO0CO,金铂湾·中月创智大厦(户外楼梯上二层),[],浙江省,diner,杭州市,320,"大排档,宵夜,腊味煲仔饭,金牌深井烧鹅,蜜汁叉烧",楼凤楼·香港大排档·宵夜饭店(杭州首店),"120.209796,30.214094",[],[],[],,,TRUE,TRUE,FALSE,FALSE,餐饮服务;中餐厅;火锅店,餐饮服务,中餐厅,"['大排档', '宵夜', '腊味煲仔饭', '金牌深井烧鹅', '蜜汁叉烧']"
B023B1941N,[],粤菜,[],[],餐饮服务;餐饮相关场所;餐饮相关,[],[],050000,0,[],滨江区,[],18105811577,B0LR7CJ4SF,长河街道星光光二期L102-2,[],浙江省,diner,杭州市,202,[],要乜有乜?香港飯店(华联·星光大道2期店),"120.206953,30.211040",[],[],[],,,TRUE,TRUE,FALSE,FALSE,餐饮服务;餐饮相关场所;餐饮相关,餐饮服务,餐饮相关场所,[]
B0FFICASCZ,[],小吃快餐,[],[],餐饮服务;中餐厅;中餐厅,[],[],050100,0,[],余杭区,[],13115826016,B0LGZRTOAB,同顺街98号(荆长路地铁站D2口步行460米),[],浙江省,diner,杭州市,320,"堂食,鸡蛋肉沫肠粉,原味双皮奶,虾饺皇,双皮奶",郑阿公顺德鸡煲饭双皮奶(八方城店),"120.044275,30.291805",[],[],[],,,TRUE,TRUE,FALSE,FALSE,餐饮服务;中餐厅;中餐厅,餐饮服务,中餐厅,"['堂食', '鸡蛋肉沫肠粉', '原味双皮奶', '虾饺皇', '双皮奶']"
B0FFKOEPES,[],粤菜,[],[],餐饮服务;中餐厅;中餐厅,[],[],050100,0,[],上城区,[],19032001555,B0FFKYZAL2,民心路280号平安金融中心悦坊商场3层301,[],浙江省,diner,杭州市,202,"年糕,鸡肉,龙虾,娃娃菜,点心,芝士,豆腐,家常菜,排骨,烧鹅,牛肉,鲍鱼,秋粤台烧鹅,蜜汁叉烧,椰皇桃胶双皮奶",秋粤台(江锦路店),"120.212814,30.250713",[],[],[],,,TRUE,TRUE,FALSE,FALSE,餐饮服务;中餐厅;中餐厅,餐饮服务,中餐厅,"['年糕', '鸡肉', '龙虾', '娃娃菜', '点心', '芝士', '豆腐', '家常菜', '排骨', '烧鹅', '牛肉', '鲍鱼', '秋粤台烧鹅', '蜜汁叉烧', '椰皇桃胶双皮奶']"
B0JRV5M0YK,[],中餐,[],[],餐饮服务;中餐厅;广东菜(粤菜),[],[],050103,0,[],滨江区,[],0571-87985233;18094785249,B0J019606X,滨盛路2097号,[],浙江省,diner,杭州市,320,"煲仔饭,年糕,鸡肉,双皮奶,顺德双皮奶,金牌广东烧鹅",粤顺本味顺德(滨江店),"120.196534,30.203408",[],[],[],,,TRUE,TRUE,FALSE,FALSE,餐饮服务;中餐厅;广东菜(粤菜),餐饮服务,中餐厅,"['煲仔饭', '年糕', '鸡肉', '双皮奶', '顺德双皮奶', '金牌广东烧鹅']"
B0JALC6F7H,[],粤菜,[],[],餐饮服务;中餐厅;中餐厅,[],[],050100,0,[],滨江区,[],17825551677,B0K3Z5HBCV,海威领界商场一楼(联庄地铁站D出口步行10米),[],浙江省,diner,杭州市,201,[],后生仔.潮汕小馆(滨江店),"120.152102,30.185821",[],[],[],,,TRUE,TRUE,FALSE,FALSE,餐饮服务;中餐厅;中餐厅,餐饮服务,中餐厅,[]
B023B1A25M,[],粤菜,[],[],餐饮服务;中餐厅;广东菜(粤菜),[],[],050103,0,[],上城区,[],0571-86999927,B0FFGZP9ZD,之江路624号赞成中心1层,[],浙江省,diner,杭州市,202,"毋米粥水火锅,白贝,广式腊味饭,虾蟹焖鱼,金枕榴莲酥,嘟嘟黄鳝,田野鸡焖大连鲍,顺德鱼生,极品虾滑,特色肠粉,广式凤爪,煎焗鱼嘴,啫啫牛蛙,炸鲜奶,点心,杨枝甘露,牛肉,腊味煲仔饭,特色肠粉",粤顺餐馆(赞成中心店),"120.178892,30.214268",[],[],[],,,TRUE,TRUE,FALSE,FALSE,餐饮服务;中餐厅;广东菜(粤菜),餐饮服务,中餐厅,"['毋米粥水火锅', '白贝', '广式腊味饭', '虾蟹焖鱼', '金枕榴莲酥', '嘟嘟黄鳝', '田野鸡焖大连鲍', '顺德鱼生', '极品虾滑', '特色肠粉', '广式凤爪', '煎焗鱼嘴', '啫啫牛蛙', '炸鲜奶', '点心', '杨枝甘露', '牛肉', '腊味煲仔饭', '特色肠粉']"
[],[],家常菜,[],[],餐饮服务;中餐厅;潮州菜,[],[],050123,0,[],拱墅区,[],0571-88231114,B0IR0ASVJO,香积寺路187号,[],浙江省,diner,杭州市,[],"卤汁,鹅肝,大排档,砂锅粥",老谢潮州菜(香积寺路店),"120.163658,30.305744",[],[],[],,,TRUE,TRUE,FALSE,FALSE,餐饮服务;中餐厅;潮州菜,餐饮服务,中餐厅,"['卤汁', '鹅肝', '大排档', '砂锅粥']"
B0FFF5QE3R,[],砂锅,[],[],餐饮服务;中餐厅;中餐厅,[],[],050100,0,[],滨江区,[],15058083471,B0J6MPC6FG,丹枫路1088号雪峰银座一楼星光大道对面,[],浙江省,diner,杭州市,202,"大排档,砂锅粥,生蚝",潮根夜档.潮汕菜.大排档(杭州总店),"120.208270,30.207171",[],[],[],,,TRUE,TRUE,FALSE,FALSE,餐饮服务;中餐厅;中餐厅,餐饮服务,中餐厅,"['大排档', '砂锅粥', '生蚝']"
[],[],火锅,[],[],餐饮服务;中餐厅;火锅店,[],[],050117,0,[],上城区,[],13362199928,B0J22SWXBM,富春路701号杭州万象城S228号,[],浙江省,diner,杭州市,[],"虾仁,龙虾,牛肉,鸡肉",老房荟馆·粤式火锅(杭州万象城店),"120.214159,30.252694",[],[],[],,,TRUE,TRUE,FALSE,FALSE,餐饮服务;中餐厅;火锅店,餐饮服务,中餐厅,"['虾仁', '龙虾', '牛肉', '鸡肉']"
B0FFLFKODQ,[],粤菜,[],[],餐饮服务;中餐厅;中餐厅,[],[],050100,0,[],西湖区,[],19106751852,B0LRSO4VF3,双龙街西溪银泰中心1号楼南楼107号商铺,[],浙江省,diner,杭州市,202,肠粉,后生仔·潮汕小馆(西湖店),"120.075643,30.292018",[],[],[],,,TRUE,TRUE,FALSE,FALSE,餐饮服务;中餐厅;中餐厅,餐饮服务,中餐厅,['肠粉']
B0FFFCMNZQ,[],粤菜,[],[],餐饮服务;中餐厅;广东菜(粤菜),[],[],050103,0,[],余杭区,[],13385818621,B0JGMS4RSM,五常街道邬家湾停车场入口访溪路8号西溪良辰,[],浙江省,diner,杭州市,302,"鸡油鸡汤煮象拔蚌,卤水老鹅头,鱼香汁脆皮鲳鱼,上汤布仔豆腐,三葱炒波士顿龙虾,酸梅酱蒸笋壳鱼,鱼饭,陈皮豆酱蒸文昌鸡,XO酱澳带炒羊肚菌,醋粒麻花吊带,茅台青蒜焗黄鱼,十五年新会陈皮炖水鸭,酸辣鱼翅,豆酱赤贝拌胜瓜,西瓜汁,卤水鹅掌拼鹅肝,辣炒虾酱骨,良辰冬颂,鸡油鸡汤烧三门青蟹,黄金汁北极甜虾,生腌小青龙,黑醋汁松板肉,鲜榨橙汁,萝卜干酱蒸笋壳鱼,茉莉花熏鱼,鲜沙姜猪手冻,青柠檬脆皮雪花牛肉,蒜油酥辣木苗,藜麦炒澳龙,黑胡椒焗膏蟹,杨枝甘露,牛肉,鸡汤,桃胶双皮奶拼良辰烧饼",西溪良辰·精致潮汕菜,"120.047560,30.268849",[],[],[],,,TRUE,TRUE,FALSE,FALSE,餐饮服务;中餐厅;广东菜(粤菜),餐饮服务,中餐厅,"['鸡油鸡汤煮象拔蚌', '卤水老鹅头', '鱼香汁脆皮鲳鱼', '上汤布仔豆腐', '三葱炒波士顿龙虾', '酸梅酱蒸笋壳鱼', '鱼饭', '陈皮豆酱蒸文昌鸡', 'XO酱澳带炒羊肚菌', '醋粒麻花吊带', '茅台青蒜焗黄鱼', '十五年新会陈皮炖水鸭', '酸辣鱼翅', '豆酱赤贝拌胜瓜', '西瓜汁', '卤水鹅掌拼鹅肝', '辣炒虾酱骨', '良辰冬颂', '鸡油鸡汤烧三门青蟹', '黄金汁北极甜虾', '生腌小青龙', '黑醋汁松板肉', '鲜榨橙汁', '萝卜干酱蒸笋壳鱼', '茉莉花熏鱼', '鲜沙姜猪手冻', '青柠檬脆皮雪花牛肉', '蒜油酥辣木苗', '藜麦炒澳龙', '黑胡椒焗膏蟹', '杨枝甘露', '牛肉', '鸡汤', '桃胶双皮奶拼良辰烧饼']"
[],[],私房菜,[],[],餐饮服务;中餐厅;中餐厅,[],[],050100,0,[],西湖区,[],0571-88066366,B0I63AV0GN,杭大路1号黄龙世纪广场A区二楼,[],浙江省,diner,杭州市,[],双人餐,嗨小鲜-无骨鱼专家,"120.140455,30.268607",[],[],[],,,TRUE,TRUE,FALSE,FALSE,餐饮服务;中餐厅;中餐厅,餐饮服务,中餐厅,['双人餐']
B0FFFPA4O7,[],水产海鲜,[],[],餐饮服务;中餐厅;中餐厅,[],[],050100,0,[],上城区,[],13758252624,B0J0JAKDGN,东方时代中心7号商铺,[],浙江省,diner,杭州市,202,"海肠捞饭,大排档,牛肉,干炒牛河",何记潮汕鱼生大排档,"120.195592,30.293448",[],[],[],,,TRUE,TRUE,FALSE,FALSE,餐饮服务;中餐厅;中餐厅,餐饮服务,中餐厅,"['海肠捞饭', '大排档', '牛肉', '干炒牛河']"
B0FFLH9F7T,[],粤菜,[],[],餐饮服务;中餐厅;中餐厅,[],[],050100,0,[],上城区,[],15306560005,B0KAXR9OHJ,和兴路129号杭州东站万象汇B1层,[],浙江省,diner,杭州市,202,"胡萝卜,鸡汤,顺德双皮奶,皇上皇腊味煲仔饭,玉米,蘑菇,虾仁,豆腐,黄油,鸡肉",喜禄顺德小馆(杭州东站万象汇店),"120.216901,30.293931",[],[],[],,,TRUE,TRUE,FALSE,FALSE,餐饮服务;中餐厅;中餐厅,餐饮服务,中餐厅,"['胡萝卜', '鸡汤', '顺德双皮奶', '皇上皇腊味煲仔饭', '玉米', '蘑菇', '虾仁', '豆腐', '黄油', '鸡肉']"
[],[],海鲜,[],[],餐饮服务;餐饮相关场所;餐饮相关,[],[],050000,0,[],滨江区,[],15810279235,B0LA7UW00S,丹枫路1075号雪峰银座大厦1楼,[],浙江省,diner,杭州市,[],"生腌膏蟹,生腌红魔虾,辣炒花甲,卤味拼盘,泰式三文鱼,潮汕生腌明虾,大排档",8+1广式大排档·海肠捞饭·夜宵食堂,"120.207904,30.207260",[],[],[],,,TRUE,TRUE,FALSE,FALSE,餐饮服务;餐饮相关场所;餐饮相关,餐饮服务,餐饮相关场所,"['生腌膏蟹', '生腌红魔虾', '辣炒花甲', '卤味拼盘', '泰式三文鱼', '潮汕生腌明虾', '大排档']"
[],[],粤菜,[],[],餐饮服务;中餐厅;中餐厅,[],[],050100,0,[],西湖区,[],18621772717;19700798081,B0J1CLA8RZ,天目山路7号东海宾馆1号楼21号铺,[],浙江省,diner,杭州市,[],"双人餐,米粉,腊味煲仔饭",粤潮醉虾打边炉,"120.152652,30.272227",[],[],[],,,TRUE,TRUE,FALSE,FALSE,餐饮服务;中餐厅;中餐厅,餐饮服务,中餐厅,"['双人餐', '米粉', '腊味煲仔饭']"
[],[],牛肉火锅,[],[],餐饮服务;中餐厅;中餐厅,[],[],050100,0,[],淳安县,[],0571-65028858;18758114362,B0FFGRFQ7W,千岛湖镇新安南路15-14一15号,[],浙江省,diner,杭州市,[],"新鲜牛肉炒面,新鲜牛肉炒饭,新鲜牛肉面,新鲜牛肉水饺,手工牛肉丸,手工牛筋丸,凉拌牛肉,凉拌牛筋,五香牛舌,五香牛板筋,五香牛心管,五香牛蹄,牛百叶,爽口嫩肉,新鲜肥牛,牛肉",淳安县潮汕牛肉馆,"119.052650,29.598984",[],[],[],,,TRUE,TRUE,FALSE,FALSE,餐饮服务;中餐厅;中餐厅,餐饮服务,中餐厅,"['新鲜牛肉炒面', '新鲜牛肉炒饭', '新鲜牛肉面', '新鲜牛肉水饺', '手工牛肉丸', '手工牛筋丸', '凉拌牛肉', '凉拌牛筋', '五香牛舌', '五香牛板筋', '五香牛心管', '五香牛蹄', '牛百叶', '爽口嫩肉', '新鲜肥牛', '牛肉']"
B0HUKZ7BNT,[],粤菜,[],[],餐饮服务;中餐厅;广东菜(粤菜),[],[],050103,0,[],萧山区,[],0571-22871777;18967113291,B0I6B9XP7Q,珍之宝·顺德味(杭州首店)停车场入口,[],浙江省,diner,杭州市,202,"点心,大良双皮奶,早茶,杨枝甘露,红米脆肠粉,珍宝虾饺皇,荔湾艇仔粥",珍之宝御品(永盛大厦店),"120.244039,30.205575",[],[],[],,,TRUE,TRUE,FALSE,FALSE,餐饮服务;中餐厅;广东菜(粤菜),餐饮服务,中餐厅,"['点心', '大良双皮奶', '早茶', '杨枝甘露', '红米脆肠粉', '珍宝虾饺皇', '荔湾艇仔粥']"
[],[],粤菜,[],[],餐饮服务;中餐厅;广东菜(粤菜),[],[],050103,0,[],拱墅区,[],13376825006,B0K2ARREO3,德苑路32号,[],浙江省,diner,杭州市,[],"干炒牛河,碳烤咸骨芥菜粥,当家薄脆蚝仔烙,爆汁卤鸽,当家深井烧鹅,生腌大虾,生腌血蛤,大排档,当家深井烧鹅",粤见粤发(拱墅店),"120.160454,30.301568",[],[],[],,,TRUE,TRUE,FALSE,FALSE,餐饮服务;中餐厅;广东菜(粤菜),餐饮服务,中餐厅,"['干炒牛河', '碳烤咸骨芥菜粥', '当家薄脆蚝仔烙', '爆汁卤鸽', '当家深井烧鹅', '生腌大虾', '生腌血蛤', '大排档', '当家深井烧鹅']"
[],[],粤菜,[],[],餐饮服务;快餐厅;快餐厅,[],[],050300,0,[],上城区,[],17328891799,B0KDC1EVZI,中山中路546-548号,[],浙江省,diner,杭州市,[],"金汤石锅翅,石锅佛跳墙,爆膏牛油大虾,豉油皇乳鸽,盐焗乳鸽,石锅萝卜牛腩,家传生炸乳鸽,怀旧陈皮骨,乳鸽,鸡肉",王翁记石锅翅·乳鸽专门店,"120.169793,30.257077",[],[],[],,,TRUE,TRUE,FALSE,FALSE,餐饮服务;快餐厅;快餐厅,餐饮服务,快餐厅,"['金汤石锅翅', '石锅佛跳墙', '爆膏牛油大虾', '豉油皇乳鸽', '盐焗乳鸽', '石锅萝卜牛腩', '家传生炸乳鸽', '怀旧陈皮骨', '乳鸽', '鸡肉']"
[],[],粤菜,[],[],餐饮服务;中餐厅;中餐厅,[],[],050100,0,[],上城区,[],0571-85225322;18069808919,B0FFLKL8ML,天城路86号1楼138铺,[],浙江省,diner,杭州市,[],"招牌蒸肠粉,双人餐,点心",粤甲壹方·壹粥壹面·潮汕菜(东站店),"120.200225,30.287493",[],[],[],,,TRUE,TRUE,FALSE,FALSE,餐饮服务;中餐厅;中餐厅,餐饮服务,中餐厅,"['招牌蒸肠粉', '双人餐', '点心']"
B0FFG4L0TW,[],粤菜,[],[],餐饮服务;中餐厅;中餐厅,[],[],050100,0,[],钱塘区,[],[],B023B172CR,高沙北区109-110号(都尚超市旁),[],浙江省,diner,杭州市,202,"海鲜粥,广式虾饺皇,油条,烤鱼,砂锅粥,杨枝甘露,豆腐,鱿鱼,艇仔粥",粤腾香海鲜砂锅粥(高沙店),"120.336797,30.316091",[],[],[],,,TRUE,TRUE,FALSE,FALSE,餐饮服务;中餐厅;中餐厅,餐饮服务,中餐厅,"['海鲜粥', '广式虾饺皇', '油条', '烤鱼', '砂锅粥', '杨枝甘露', '豆腐', '鱿鱼', '艇仔粥']"
[],[],潮州菜,[],[],餐饮服务;餐饮相关场所;餐饮相关,[],[],050000,0,[],余杭区,[],13136165703;18413259800,B0KDSCZDLP,文一西路998号海创园科研孵化区块1号楼102(与高教路交叉口),[],浙江省,diner,杭州市,[],"肠粉,鲜虾肠粉,大虾,牛肉",邦小宝潮汕美食馆,"120.019346,30.281119",[],[],[],,,TRUE,TRUE,FALSE,FALSE,餐饮服务;餐饮相关场所;餐饮相关,餐饮服务,餐饮相关场所,"['肠粉', '鲜虾肠粉', '大虾', '牛肉']"
B0HDZ938DO,[],粤菜,[],[],餐饮服务;中餐厅;中餐厅,[],[],050100,0,[],滨江区,[],18969927616,B0FFKVZDI7,长河街道江汉路1515号江南天街商业中心3幢501-1室,[],浙江省,diner,杭州市,202,"蝴蝶里,蝴蝶里菜品,蝴蝶里招牌乳鸽,豉汁蒸凤爪,点心拼盘,红米鲜虾脆皮肠粉,蝴蝶里虾饺皇,排骨,榴莲酥,煲仔饭,肠粉,香肠,素食,虾仁,鲜虾,乳鸽,大虾,点心,虾饺,鸡爪,蝴蝶里虾饺皇,海皇艇仔粥,煲仔饭,叉烧肠粉",蝴蝶里(滨江龙湖天街店),"120.202197,30.200169",[],[],[],,,TRUE,TRUE,FALSE,FALSE,餐饮服务;中餐厅;中餐厅,餐饮服务,中餐厅,"['蝴蝶里', '蝴蝶里菜品', '蝴蝶里招牌乳鸽', '豉汁蒸凤爪', '点心拼盘', '红米鲜虾脆皮肠粉', '蝴蝶里虾饺皇', '排骨', '榴莲酥', '煲仔饭', '肠粉', '香肠', '素食', '虾仁', '鲜虾', '乳鸽', '大虾', '点心', '虾饺', '鸡爪', '蝴蝶里虾饺皇', '海皇艇仔粥', '煲仔饭', '叉烧肠粉']"
B0FFIQDQI7,[],顺德菜,[],[],餐饮服务;中餐厅;中餐厅,[],[],050100,0,[],余杭区,[],0571-88586616;0571-88776616;13805797760,B0IALL44N5,仓前街道景兴路908号-7号EFCLIVE欧美商业广场301.302,[],浙江省,diner,杭州市,201,"鱿鱼,鲍鱼,鸡汤,煲仔饭,葱油拌面,豆腐,鸡肉,炒牛河,金牌广东烧鹅,腊味煲仔饭,干炒牛河,顺德双皮奶",粤顺餐厅(EFC LIVE欧美广场店),"120.002508,30.281584",[],[],[],,,TRUE,TRUE,FALSE,FALSE,餐饮服务;中餐厅;中餐厅,餐饮服务,中餐厅,"['鱿鱼', '鲍鱼', '鸡汤', '煲仔饭', '葱油拌面', '豆腐', '鸡肉', '炒牛河', '金牌广东烧鹅', '腊味煲仔饭', '干炒牛河', '顺德双皮奶']"
B0FFF01NZ0,[],小吃快餐,[],[],餐饮服务;中餐厅;中餐厅,[],[],050100,0,[],拱墅区,[],19157770501,B0JKBLQGL0,上塘路4号6号,[],浙江省,diner,杭州市,202,"双人餐,单人餐",潮马夜档,"120.170387,30.278042",[],[],[],,,TRUE,TRUE,FALSE,FALSE,餐饮服务;中餐厅;中餐厅,餐饮服务,中餐厅,"['双人餐', '单人餐']"
[],[],粤式茶点,[],[],餐饮服务;中餐厅;中餐厅,[],[],050100,0,[],滨江区,[],13666679837;18758644729,B0J2NXLORN,天官路18号,[],浙江省,diner,杭州市,[],"堂食,牛肉,排骨,肠粉,鸡爪,双皮奶,牛肉鸡蛋肠粉",咸鱼仔饮食店,"120.192998,30.170754",[],[],[],,,TRUE,TRUE,FALSE,FALSE,餐饮服务;中餐厅;中餐厅,餐饮服务,中餐厅,"['堂食', '牛肉', '排骨', '肠粉', '鸡爪', '双皮奶', '牛肉鸡蛋肠粉']"
B023B0AC6M,[],粤菜,[],[],餐饮服务;中餐厅;中餐厅,[],[],050100,1,[],滨江区,[],13682377458;13692212810,B0K33SZHYK,浦沿街道滨盛路4243-1号,[],浙江省,diner,杭州市,320,[],广东脆皮鸡煲(滨盛路店),"120.157925,30.187225",[],[],[],,,TRUE,TRUE,FALSE,FALSE,餐饮服务;中餐厅;中餐厅,餐饮服务,中餐厅,[]
B0FFJZAME5,[],粤菜,[],[],餐饮服务;中餐厅;中餐厅,[],[],050100,0,[],上城区,[],13456785858,B0L34UFX8G,环站东路424号中豪国际商业中心5幢104-1室,[],浙江省,diner,杭州市,202,大排档,潮中人潮汕大排档,"120.222605,30.289865",[],[],[],,,TRUE,TRUE,FALSE,FALSE,餐饮服务;中餐厅;中餐厅,餐饮服务,中餐厅,['大排档']
[],[],粤菜,[],[],餐饮服务;中餐厅;中餐厅,[],[],050100,0,[],西湖区,[],[],B0FFILJ0G2,玉古路166号粤顺餐馆,[],浙江省,diner,杭州市,[],"顺德双皮奶,特色肠粉,肠粉,腊味煲仔饭",粤顺·本味顺德(玉古路店),"120.128692,30.266996",[],[],[],,,TRUE,TRUE,FALSE,FALSE,餐饮服务;中餐厅;中餐厅,餐饮服务,中餐厅,"['顺德双皮奶', '特色肠粉', '肠粉', '腊味煲仔饭']"
B0FFKETBCV,[],粤菜,[],[],餐饮服务;中餐厅;中餐厅,[],[],050100,0,[],萧山区,[],0571-88003675;0571-88006193,B0JGLDFU7Z,博地中心丽筠酒店5层(盈丰路地铁站C口步行330米),[],浙江省,diner,杭州市,202,"沙拉,炒饭,自助餐,鸡肉",文兴酒家(博地中心店),"120.252108,30.235094",[],[],[],,,TRUE,TRUE,FALSE,FALSE,餐饮服务;中餐厅;中餐厅,餐饮服务,中餐厅,"['沙拉', '炒饭', '自助餐', '鸡肉']"
B0H0RN9JG7,[],粤菜,[],[],餐饮服务;中餐厅;潮州菜,[],[],050123,0,[],西湖区,[],0571-87758586,B023B0BFDI,益乐路39号蓝海时代国际大厦1层,[],浙江省,diner,杭州市,202,"白灼鱿鱼,虾粥,虾蟹粥,空心菜,卤水拼盘,卤鹅肝,螃蟹粥,鱿鱼筒,腌血蛤,椒盐炸豆腐鱼,潮州卤水,芥兰炒牛肉,薄壳,鱼片粥,潮汕年糕,生蚝,鲍鱼,豆腐,牛肉",潮中人潮州菜(蓝海时代国际大厦写字楼店),"120.113915,30.280014",[],[],[],,,TRUE,TRUE,FALSE,FALSE,餐饮服务;中餐厅;潮州菜,餐饮服务,中餐厅,"['白灼鱿鱼', '虾粥', '虾蟹粥', '空心菜', '卤水拼盘', '卤鹅肝', '螃蟹粥', '鱿鱼筒', '腌血蛤', '椒盐炸豆腐鱼', '潮州卤水', '芥兰炒牛肉', '薄壳', '鱼片粥', '潮汕年糕', '生蚝', '鲍鱼', '豆腐', '牛肉']"
B0IDRSDY4D,[],粤菜,[],[],餐饮服务;中餐厅;广东菜(粤菜),[],[],050103,1,[],滨江区,[],17557282077,B0JBSAMWZ6,越王路2077号安和隐世酒店A幢,[],浙江省,diner,杭州市,202,"拌饭,特色菜,豆腐",安和隐世·拾璞,"120.209563,30.136843",[],[],[],,,TRUE,TRUE,FALSE,FALSE,餐饮服务;中餐厅;广东菜(粤菜),餐饮服务,中餐厅,"['拌饭', '特色菜', '豆腐']"
B023B0052F,[],中餐,[],[],餐饮服务;中餐厅;中餐厅,[],[],050100,0,[],拱墅区,[],13335819588,B0GK2HINZV,杭州大厦D座5楼(武林广场地铁站B口步行400米),[],浙江省,diner,杭州市,202,"贵妃龙虾泡饭,辣汁花螺,生腌小青龙,金牌烧鹅,炒饭,点心,润烧玻璃乳鸽,广式蜜汁叉烧,奶油,杨枝甘露,牛肉,私房菜,豆腐",东富酒家(杭州大厦购物城D座店),"120.159970,30.274190",[],[],[],,,TRUE,TRUE,FALSE,FALSE,餐饮服务;中餐厅;中餐厅,餐饮服务,中餐厅,"['贵妃龙虾泡饭', '辣汁花螺', '生腌小青龙', '金牌烧鹅', '炒饭', '点心', '润烧玻璃乳鸽', '广式蜜汁叉烧', '奶油', '杨枝甘露', '牛肉', '私房菜', '豆腐']"
B0J05SS8Q7,[],粤菜,[],[],餐饮服务;中餐厅;火锅店,[],[],050117,0,[],拱墅区,[],15336887328,B0JKL7ZPHJ,"展览东路150号杭州中心L4层(西大门进入直行30m,扶梯上到L4可见)",[],浙江省,diner,杭州市,201,"双皮奶,鸡肉,广东腊味煲仔饭",喜禄(杭州中心店),"120.165648,30.273121",[],[],[],,,TRUE,TRUE,FALSE,FALSE,餐饮服务;中餐厅;火锅店,餐饮服务,中餐厅,"['双皮奶', '鸡肉', '广东腊味煲仔饭']"
B0LRZ53G9L,[],粤菜,[],[],餐饮服务;中餐厅;中餐厅,[],[],050100,0,[],萧山区,[],18067902530,B0KU5XSY8U,经济技术开发区钱江世纪公园A区4幢2单元(地铁C口20米),[],浙江省,diner,杭州市,202,"鸡肉,双人餐,大排档,虾饺皇皇",喜靓·老广排档(钱江世纪城店),"120.242303,30.241459",[],[],[],,,TRUE,TRUE,FALSE,FALSE,餐饮服务;中餐厅;中餐厅,餐饮服务,中餐厅,"['鸡肉', '双人餐', '大排档', '虾饺皇皇']"
B0LR1XV795,[],粤菜,[],[],餐饮服务;中餐厅;广东菜(粤菜),[],[],050103,0,[],上城区,[],0571-86083391,B0FFM13U4D,城星路98号迪凯城星国际B幢2层,[],浙江省,diner,杭州市,202,"牛肉,广东烧鹅,蜜汁叉烧,顺德双皮奶",粤顺·顺德菜(迪凯?城星国际店),"120.206246,30.241934",[],[],[],,,TRUE,TRUE,FALSE,FALSE,餐饮服务;中餐厅;广东菜(粤菜),餐饮服务,中餐厅,"['牛肉', '广东烧鹅', '蜜汁叉烧', '顺德双皮奶']"
B023B09EZO,[],中餐,[],[],餐饮服务;中餐厅;潮州菜,[],[],050123,0,[],西湖区,[],0571-87755259;15658166706,B0FFF6JPKL,文二西路古墩路387号绿城·金桂大厦1层,[],浙江省,diner,杭州市,320,"白灼鱿鱼,虾蟹粥,虾粥,空心菜,黄豆酱炒空心菜,卤鹅肝,潮州卤水,虾饼,蟹粥,腌血蛤,腌雪蛤,砂锅粥,牛肉丸生菜汤,蛋黄茶树菇,凉拌海草,海鲜粥,脆皮乳鸽,鹅肝,潮州菜",潮中人潮州菜(古墩路店),"120.099709,30.282327",[],[],[],,,TRUE,TRUE,FALSE,FALSE,餐饮服务;中餐厅;潮州菜,餐饮服务,中餐厅,"['白灼鱿鱼', '虾蟹粥', '虾粥', '空心菜', '黄豆酱炒空心菜', '卤鹅肝', '潮州卤水', '虾饼', '蟹粥', '腌血蛤', '腌雪蛤', '砂锅粥', '牛肉丸生菜汤', '蛋黄茶树菇', '凉拌海草', '海鲜粥', '脆皮乳鸽', '鹅肝', '潮州菜']"
B0JBZUKCOF,[],粤菜,[],[],餐饮服务;中餐厅;中餐厅,[],[],050100,0,[],余杭区,[],15158813141,B0L0FD2GQ3,"景兴路与创怡街交叉口,字节楼下(仓南里商场一层街区)",[],浙江省,diner,杭州市,320,[],容桂婆·顺德排档(杭州首店),"120.005562,30.272698",[],[],[],,,TRUE,TRUE,FALSE,FALSE,餐饮服务;中餐厅;中餐厅,餐饮服务,中餐厅,[]
B023B14AQF,[],牛肉火锅,[],[],餐饮服务;中餐厅;火锅店,[],[],050117,0,[],西湖区,[],13411918838,B0JRT72J4I,华星时代广场B座北门103号(文三路地铁站D3口旁),[],浙江省,diner,杭州市,202,"卤鹅,鲜牛肉火锅",潮汕叶记鲜牛肉火锅(华星时代广场店),"120.124433,30.277411",[],[],[],,,TRUE,TRUE,FALSE,FALSE,餐饮服务;中餐厅;火锅店,餐饮服务,中餐厅,"['卤鹅', '鲜牛肉火锅']"
B0FFHC6LCT,[],粤菜,[],[],餐饮服务;中餐厅;中餐厅,[],[],050100,0,[],萧山区,[],13296732999;18268850782,B0J2YMMC4K,北干街道萧杭路761号,[],浙江省,diner,杭州市,320,"双人餐,排骨,油条,阿广虾饺皇,脆皮大肠",東家猪杂粥覓味馆·干蒸菜(杭州萧杭人家店),"120.250046,30.176122",[],[],[],,,TRUE,TRUE,FALSE,FALSE,餐饮服务;中餐厅;中餐厅,餐饮服务,中餐厅,"['双人餐', '排骨', '油条', '阿广虾饺皇', '脆皮大肠']"
[],[],粤菜,[],[],餐饮服务;中餐厅;中餐厅,[],[],050100,0,[],西湖区,[],18969166160,B0L11RM6PE,黄姑山路23号-1C(文三路地铁站G口步行480米),[],浙江省,diner,杭州市,[],鱼生,潮味鲜·鱼生虾生(黄姑山路店),"120.133514,30.274821",[],[],[],,,TRUE,TRUE,FALSE,FALSE,餐饮服务;中餐厅;中餐厅,餐饮服务,中餐厅,['鱼生']
B0H0ZCWBR0,[],粤菜,[],[],餐饮服务;中餐厅;中餐厅,[],[],050100,0,[],西湖区,[],15268126766,B0L0J5GQK3,翠苑街道黄姑山路23号9号综合楼105-1,[],浙江省,diner,杭州市,202,双人餐,壹只鸡煲馆(杭州首店),"120.132303,30.274692",[],[],[],,,TRUE,TRUE,FALSE,FALSE,餐饮服务;中餐厅;中餐厅,餐饮服务,中餐厅,['双人餐']
B0J05SQIWD,[],粤菜,[],[],餐饮服务;中餐厅;中餐厅,[],[],050100,0,[],上城区,[],[],B0K1ZU1YBC,德信中心4幢1层102(彭埠地铁站B口步行350米),[],浙江省,diner,杭州市,202,砂锅粥,炉上夜档·潮汕排档·砂锅粥(德信中心商场店),"120.221945,30.295660",[],[],[],,,TRUE,TRUE,FALSE,FALSE,餐饮服务;中餐厅;中餐厅,餐饮服务,中餐厅,['砂锅粥']
B0FFFAK3GO,[],牛肉火锅,[],[],餐饮服务;中餐厅;中餐厅,[],[],050100,0,[],钱塘区,[],15867145155,B0L3DZ513C,新元金沙城2幢1层学林街1253-3号,[],浙江省,diner,杭州市,202,[],钟华平潮汕鲜活牛肉铺,"120.334209,30.315269",[],[],[],,,TRUE,TRUE,FALSE,FALSE,餐饮服务;中餐厅;中餐厅,餐饮服务,中餐厅,[]
B0FFHU4YRJ,[],粤菜,[],[],餐饮服务;中餐厅;广东菜(粤菜),[],[],050103,0,[],拱墅区,[],17788588029,B0LRC1HTGM,东新街道德胜路28号K区13号,[],浙江省,diner,杭州市,202,"双人餐,单人餐",粤蒸倌瑶姐古法干蒸菜(德胜路店),"120.173345,30.300677",[],[],[],,,TRUE,TRUE,FALSE,FALSE,餐饮服务;中餐厅;广东菜(粤菜),餐饮服务,中餐厅,"['双人餐', '单人餐']"
B0FFFELQLA,[],甜品店,[],[],餐饮服务;甜品店;甜品店,[],[],050900,0,[],上城区,[],15356675790,B0LAOLR1S8,延安路255号湖滨银泰in77C区B1层B1015,[],浙江省,diner,杭州市,202,[],汕心·潮汕甜汤(杭州湖滨in77店),"120.164694,30.252491",[],[],[],,,TRUE,TRUE,FALSE,FALSE,餐饮服务;甜品店;甜品店,餐饮服务,甜品店,[]
B0GD7A9AIE,[],粤菜,[],[],餐饮服务;中餐厅;广东菜(粤菜),[],[],050103,0,[],西湖区,[],18072770945,B0HUN5BNY6,花蒋天街商业中心2号楼二层21号(蒋村地铁站出入口旁),[],浙江省,diner,杭州市,201,"红米鲜虾脆皮肠粉,蝴蝶里虾饺皇,蝴蝶里招牌乳鸽,蝴蝶里菜品,豉汁蒸凤爪,点心拼盘,蝴蝶里,特色菜,点心,肠粉,煲仔饭,牛肉,虾仁,蝴蝶里虾饺皇",蝴蝶里(西溪天街店),"120.069258,30.293622",[],[],[],,,TRUE,TRUE,FALSE,FALSE,餐饮服务;中餐厅;广东菜(粤菜),餐饮服务,中餐厅,"['红米鲜虾脆皮肠粉', '蝴蝶里虾饺皇', '蝴蝶里招牌乳鸽', '蝴蝶里菜品', '豉汁蒸凤爪', '点心拼盘', '蝴蝶里', '特色菜', '点心', '肠粉', '煲仔饭', '牛肉', '虾仁', '蝴蝶里虾饺皇']"
B0FFGB3G33,[],顺德菜,[],[],餐饮服务;中餐厅;中餐厅,[],[],050100,0,[],拱墅区,[],13757191734,B0FFG3HDR6,朝晖路198号(西湖文化广场地铁站C口步行470米),[],浙江省,diner,杭州市,320,"双人餐,牛肉,鸡肉,煲仔饭,广州腊味煲仔饭",和家轩顺德菜(朝晖店),"120.168117,30.276753",[],[],[],,,TRUE,TRUE,FALSE,FALSE,餐饮服务;中餐厅;中餐厅,餐饮服务,中餐厅,"['双人餐', '牛肉', '鸡肉', '煲仔饭', '广州腊味煲仔饭']"
B0FFHCZ0KV,[],粤菜,[],[],餐饮服务;中餐厅;海鲜酒楼|餐饮服务;中餐厅;广东菜(粤菜)|公司企业;公司;公司,[],[],050119|050103|170200,0,[],上城区,[],0571-87022288,B023B073MI,南山路176号,[],浙江省,diner,杭州市,324,"猪猪流沙包,得意蘑菇包,菠萝油,虾酱啫芥兰,鲍鱼,干炒牛河,酱汁蒸凤爪,白灼芥蓝,烧味拼盘,鹅肝,虾饺,飘香炸乳鸽,薰衣草梳乎厘,燕窝,沙锅翅,鸡肉,蓬莲脆烧鹅,杨枝甘露",钜丰源·粤宫1998,"120.158533,30.238244",[],[],[],,,TRUE,TRUE,FALSE,FALSE,餐饮服务;中餐厅;海鲜酒楼,餐饮服务,中餐厅,"['猪猪流沙包', '得意蘑菇包', '菠萝油', '虾酱啫芥兰', '鲍鱼', '干炒牛河', '酱汁蒸凤爪', '白灼芥蓝', '烧味拼盘', '鹅肝', '虾饺', '飘香炸乳鸽', '薰衣草梳乎厘', '燕窝', '沙锅翅', '鸡肉', '蓬莲脆烧鹅', '杨枝甘露']"
B0FFHREP95,[],粤菜,[],[],餐饮服务;中餐厅;中餐厅,[],[],050100,0,[],西湖区,[],15825534198,B0KKUHJB7E,转塘街道207-1万美商业中心沿街首层,[],浙江省,diner,杭州市,202,单人餐,瑶姐·古法干蒸(转塘店),"120.070220,30.142802",[],[],[],,,TRUE,TRUE,FALSE,FALSE,餐饮服务;中餐厅;中餐厅,餐饮服务,中餐厅,['单人餐']
B0FFLGMN88,[],潮州菜,[],[],餐饮服务;中餐厅;潮州菜,[],[],050123,0,[],上城区,[],0571-88390179,B0HR1HCJMW,延安路233号杭州湖滨银泰IN77A区三楼,[],浙江省,diner,杭州市,201,"牛肉,双人餐",观言·鎏金(杭州湖滨in77A区北区店),"120.162653,30.253696",[],[],[],,,TRUE,TRUE,FALSE,FALSE,餐饮服务;中餐厅;潮州菜,餐饮服务,中餐厅,"['牛肉', '双人餐']"
[],[],中餐,[],[],餐饮服务;中餐厅;中餐厅,[],[],050100,0,[],拱墅区,[],13777806582,B0H0CUXALT,沈半路218号入口广场1层东侧,[],浙江省,diner,杭州市,[],"妙龄脆皮乳鸽,北京酥肉配凤梨,蜀香毛血旺,果醋堂灼雪花牛肉,潮汕生腌青龙仔,家烧大陈岛黄鱼,葱包烩,牛肉,小炒黄牛肉",味象餐厅,"120.166188,30.322386",[],[],[],,,TRUE,TRUE,FALSE,FALSE,餐饮服务;中餐厅;中餐厅,餐饮服务,中餐厅,"['妙龄脆皮乳鸽', '北京酥肉配凤梨', '蜀香毛血旺', '果醋堂灼雪花牛肉', '潮汕生腌青龙仔', '家烧大陈岛黄鱼', '葱包烩', '牛肉', '小炒黄牛肉']"
B0FFF3Z0H7,[],粤菜,[],[],餐饮服务;中餐厅;广东菜(粤菜),[],[],050103,0,[],钱塘区,[],18058707915,B0H617R1TH,金沙大道560号时代天街4楼,[],浙江省,diner,杭州市,201,"点心拼盘,蝴蝶里菜品,红米鲜虾脆皮肠粉,蝴蝶里虾饺皇,蝴蝶里,蝴蝶里招牌乳鸽,豉汁蒸凤爪,虾饺,鸡爪,点心,下午茶,烤鱼,鸡肉,广式腊味煲仔饭",蝴蝶里(下沙龙湖天街店),"120.326951,30.310001",[],[],[],,,TRUE,TRUE,FALSE,FALSE,餐饮服务;中餐厅;广东菜(粤菜),餐饮服务,中餐厅,"['点心拼盘', '蝴蝶里菜品', '红米鲜虾脆皮肠粉', '蝴蝶里虾饺皇', '蝴蝶里', '蝴蝶里招牌乳鸽', '豉汁蒸凤爪', '虾饺', '鸡爪', '点心', '下午茶', '烤鱼', '鸡肉', '广式腊味煲仔饭']"
[],[],粤菜,[],[],餐饮服务;中餐厅;中餐厅,[],[],050100,0,[],西湖区,[],0571-88365155;15306521600,B0JB9AYM4E,文二路387号戴斯温德姆酒店2层,[],浙江省,diner,杭州市,[],"双人餐,腊味煲仔饭,蜜汁指橙叉烧",庖云府·浙粤荟,"120.122610,30.281596",[],[],[],,,TRUE,TRUE,FALSE,FALSE,餐饮服务;中餐厅;中餐厅,餐饮服务,中餐厅,"['双人餐', '腊味煲仔饭', '蜜汁指橙叉烧']"
B023B14BPW,[],潮州菜,[],[],餐饮服务;中餐厅;潮州菜,[],[],050123,0,[],拱墅区,[],0571-88075277;15558019410,B023B16BEP,屏风街21号(近中河北路),[],浙江省,diner,杭州市,202,"砂锅粥,隆江猪手,招牌虾蟹粥,海鲜粥,椒盐虾菇,白灼鲜鱿鱼,卤水拼盘,香煎汕头年糕,基围虾煲粥,蚝仔烙,生腌血蛤,潮州卤味,盐焗花螺,龙游红糖发糕,干炸潮州牛肉丸,猪手,娃娃菜,猪蹄",潮东东(九鼎·名仕顿商务楼店),"120.169763,30.267077",[],[],[],,,TRUE,TRUE,FALSE,FALSE,餐饮服务;中餐厅;潮州菜,餐饮服务,中餐厅,"['砂锅粥', '隆江猪手', '招牌虾蟹粥', '海鲜粥', '椒盐虾菇', '白灼鲜鱿鱼', '卤水拼盘', '香煎汕头年糕', '基围虾煲粥', '蚝仔烙', '生腌血蛤', '潮州卤味', '盐焗花螺', '龙游红糖发糕', '干炸潮州牛肉丸', '猪手', '娃娃菜', '猪蹄']"
B0FFM1FU9U,[],江浙菜,[],[],餐饮服务;中餐厅;中餐厅,[],[],050100,0,[],钱塘区,[],19305813267,B0JKARM32W,下沙街道万晶湖畔中心东区2幢304室,[],浙江省,diner,杭州市,202,"乳鸽,蟹肉",湖心居.潮宴,"120.316289,30.308844",[],[],[],,,TRUE,TRUE,FALSE,FALSE,餐饮服务;中餐厅;中餐厅,餐饮服务,中餐厅,"['乳鸽', '蟹肉']"
[],[],粤菜,[],[],餐饮服务;中餐厅;广东菜(粤菜),[],[],050103,0,[],滨江区,[],0571-87858986;15088669719,B0G19G99D6,浦沿街道滨盛路3867号宝龙城3幢4楼,[],浙江省,diner,杭州市,[],"红米鲜虾脆皮肠粉,蝴蝶里虾饺皇,蝴蝶里招牌乳鸽,蝴蝶里菜品,豉汁蒸凤爪,蝴蝶里,点心拼盘,排骨,油条,鸡肉,乳鸽,凤爪,点心,牛蛙,鸡爪,叉烧,虾仁",蝴蝶里(滨江宝龙广场店),"120.167347,30.187663",[],[],[],,,TRUE,TRUE,FALSE,FALSE,餐饮服务;中餐厅;广东菜(粤菜),餐饮服务,中餐厅,"['红米鲜虾脆皮肠粉', '蝴蝶里虾饺皇', '蝴蝶里招牌乳鸽', '蝴蝶里菜品', '豉汁蒸凤爪', '蝴蝶里', '点心拼盘', '排骨', '油条', '鸡肉', '乳鸽', '凤爪', '点心', '牛蛙', '鸡爪', '叉烧', '虾仁']"
B0FFG4FNXR,[],粤菜,[],[],餐饮服务;中餐厅;火锅店,[],[],050117,0,[],萧山区,[],18106538877,B0K0C5EDOI,金城路927号万象汇(杭州萧山店)L3层,[],浙江省,diner,杭州市,201,"鸳鸯锅,海鲜拼盘,海鲜粥,粥底,斑鱼,浓汤",禧粤鱼捞·斑鱼海鲜粥火锅(萧山万象汇店),"120.267792,30.181705",[],[],[],,,TRUE,TRUE,FALSE,FALSE,餐饮服务;中餐厅;火锅店,餐饮服务,中餐厅,"['鸳鸯锅', '海鲜拼盘', '海鲜粥', '粥底', '斑鱼', '浓汤']"
[],[],粤菜,[],[],餐饮服务;餐饮相关场所;餐饮相关,[],[],050000,0,[],上城区,[],0571-85393762,B0LB7587QO,江城路849号(江城路地铁站A口步行200米),[],浙江省,diner,杭州市,[],"油条,鸡肉",小笨鸡潮汕煲店(杭州首店),"120.179411,30.240815",[],[],[],,,TRUE,TRUE,FALSE,FALSE,餐饮服务;餐饮相关场所;餐饮相关,餐饮服务,餐饮相关场所,"['油条', '鸡肉']"
B0FFFCRZJ9,[],粤菜,[],[],餐饮服务;中餐厅;中餐厅,[],[],050100,0,[],钱塘区,[],13856556011,B0LGOL80DU,高沙小区北区西1门旁,[],浙江省,diner,杭州市,202,单人餐,粤蒸倌·瑶姐古法干蒸菜(钱塘高沙店),"120.335077,30.316644",[],[],[],,,TRUE,TRUE,FALSE,FALSE,餐饮服务;中餐厅;中餐厅,餐饮服务,中餐厅,['单人餐']
B0FFG56P7H,[],粤菜,[],[],餐饮服务;餐饮相关场所;餐饮相关,[],[],050000,0,[],拱墅区,[],0571-87173688,B0GKXUDVQK,延安路385号杭州嘉里中心3幢402室,[],浙江省,diner,杭州市,201,"下午茶,点心,牛肉",蔡澜港式点心(杭州嘉里中心店),"120.162943,30.259554",[],[],[],,,TRUE,TRUE,FALSE,FALSE,餐饮服务;餐饮相关场所;餐饮相关,餐饮服务,餐饮相关场所,"['下午茶', '点心', '牛肉']"
B0GD7A9AIE,[],粤菜,[],[],餐饮服务;中餐厅;中餐厅,[],[],050100,0,[],西湖区,[],13858013851,B0JKYADRKI,双龙街168号潮汕夜档(靠近蒋墩路口),[],浙江省,diner,杭州市,202,"咸鱼茄子煲,牛腩土豆煲,香葱鳕鱼卷,陈年老菜脯蒸肉饼,脆皮乳鸽,山药炒芦笋,腌鲜虾,潮汕卤味拼盘,炸虾饼,牛肉丸生菜汤,潮汕年糕,芥兰炒牛肉,海鲜什锦粥,湿炒牛肉粿条,豆酱空心菜,红烧杂鱼,普宁炸豆干,炸粿条,蚝仔烙,凉拌无骨凤爪,腌虾姑,生腌蚝,白灼鱿鱼,酸汤肥牛,鱿鱼,卤汁,皮皮虾,砂锅粥,蟹肉,海鲜粥,螃蟹,鲜虾,鹅肉,鹅肝",潮中人潮汕夜档,"120.069437,30.292076",[],[],[],,,TRUE,TRUE,FALSE,FALSE,餐饮服务;中餐厅;中餐厅,餐饮服务,中餐厅,"['咸鱼茄子煲', '牛腩土豆煲', '香葱鳕鱼卷', '陈年老菜脯蒸肉饼', '脆皮乳鸽', '山药炒芦笋', '腌鲜虾', '潮汕卤味拼盘', '炸虾饼', '牛肉丸生菜汤', '潮汕年糕', '芥兰炒牛肉', '海鲜什锦粥', '湿炒牛肉粿条', '豆酱空心菜', '红烧杂鱼', '普宁炸豆干', '炸粿条', '蚝仔烙', '凉拌无骨凤爪', '腌虾姑', '生腌蚝', '白灼鱿鱼', '酸汤肥牛', '鱿鱼', '卤汁', '皮皮虾', '砂锅粥', '蟹肉', '海鲜粥', '螃蟹', '鲜虾', '鹅肉', '鹅肝']"
B0HDYHR3V5,[],粤菜,[],[],餐饮服务;餐饮相关场所;餐饮相关,[],[],050000,0,[],余杭区,[],0571-89138888,B0H1UO28OQ,仓前街道创景路与余杭塘路交汇处奥克斯时代未来之城5号楼,[],浙江省,diner,杭州市,202,"牛肉,杨枝甘露",彩丰楼中餐厅(杭州奥克斯中心皇冠假日酒店店),"119.998238,30.280536",[],[],[],,,TRUE,TRUE,FALSE,FALSE,餐饮服务;餐饮相关场所;餐饮相关,餐饮服务,餐饮相关场所,"['牛肉', '杨枝甘露']"
[],[],中餐,[],[],餐饮服务;中餐厅;中餐厅,[],[],050100,0,[],西湖区,[],0571-58121777;17706719588,B0I03CXT0S,黄龙路9号嘉海酒店9楼,[],浙江省,diner,杭州市,[],"生腌小青龙,辣汁花螺,贵妃龙虾泡饭,蜜汁叉烧,鸡肉",东富酒家(黄龙店),"120.135486,30.270299",[],[],[],,,TRUE,TRUE,FALSE,FALSE,餐饮服务;中餐厅;中餐厅,餐饮服务,中餐厅,"['生腌小青龙', '辣汁花螺', '贵妃龙虾泡饭', '蜜汁叉烧', '鸡肉']"
B0LDJHXOLT,[],粤菜,[],[],餐饮服务;中餐厅;火锅店,[],[],050117,0,[],萧山区,[],19033978877,B0L2CUIV9K,盈丰街道亚奥城西区1幢5层502室L535,[],浙江省,diner,杭州市,201,斑鱼,禧粤鱼捞·斑鱼海鲜粥火锅(杭州亚奥万象天地店),"120.247684,30.255540",[],[],[],,,TRUE,TRUE,FALSE,FALSE,餐饮服务;中餐厅;火锅店,餐饮服务,中餐厅,['斑鱼']
[],[],粤菜,[],[],餐饮服务;中餐厅;中餐厅,[],[],050100,0,[],滨江区,[],18668469139,B0LGRLC015,南环路3870号宜天时尚中心,[],浙江省,diner,杭州市,[],"干蒸容边排骨,干蒸本地土鸡,干蒸鲜切吊龙牛肉,干蒸肉饼流心蛋,单人餐,排骨",粤蒸倌·瑶姐古法干蒸菜(滨江店),"120.153690,30.179019",[],[],[],,,TRUE,TRUE,FALSE,FALSE,餐饮服务;中餐厅;中餐厅,餐饮服务,中餐厅,"['干蒸容边排骨', '干蒸本地土鸡', '干蒸鲜切吊龙牛肉', '干蒸肉饼流心蛋', '单人餐', '排骨']"
B023B1BSG9,[],中餐,[],[],餐饮服务;中餐厅;中餐厅,[],[],050100,0,[],上城区,[],13306818737;18505811888,B0G2U964FT,钱江新城航空大厦1号楼37层,[],浙江省,diner,杭州市,202,双人餐,云端37号·顶层江景餐厅,"120.208767,30.237305",[],[],[],,,TRUE,TRUE,FALSE,FALSE,餐饮服务;中餐厅;中餐厅,餐饮服务,中餐厅,['双人餐']
B0FFH150PQ,[],中餐,[],[],餐饮服务;中餐厅;中餐厅,[],[],050100,0,[],西湖区,[],0571-87093237,B0FFICX23P,转塘金街美地1号楼4层,[],浙江省,diner,杭州市,202,"招牌,农家小炒肉,干锅肥肠,烤鱼,衢州鸭头,酸菜鱼,堂食,小炒黄牛肉,糖醋里脊",印象坊餐厅(金街美地店),"120.077895,30.147594",[],[],[],,,TRUE,TRUE,FALSE,FALSE,餐饮服务;中餐厅;中餐厅,餐饮服务,中餐厅,"['招牌', '农家小炒肉', '干锅肥肠', '烤鱼', '衢州鸭头', '酸菜鱼', '堂食', '小炒黄牛肉', '糖醋里脊']"
B0FFLH9F7T,[],粤菜,[],[],餐饮服务;中餐厅;广东菜(粤菜),[],[],050103,0,[],上城区,[],17767273073,B0LUXLSB5O,彭埠街道和兴路129号杭州东站万象汇B1层B0118N、B0119N,[],浙江省,diner,杭州市,202,"招牌鸡饭,油白双拼,鸡饭",星平鸡饭·粤菜小炒(杭州东站万象汇店),"120.217738,30.294228",[],[],[],,,TRUE,TRUE,FALSE,FALSE,餐饮服务;中餐厅;广东菜(粤菜),餐饮服务,中餐厅,"['招牌鸡饭', '油白双拼', '鸡饭']"
B0J0JSKDUC,[],粤菜,[],[],餐饮服务;中餐厅;中餐厅,[],[],050100,0,[],萧山区,[],18969105065,B0LUVSDTEB,金城路773号,[],浙江省,diner,杭州市,320,[],酉今·台粤小食堂(RESIMPLE萧山万象汇店),"120.268473,30.182106",[],[],[],,,TRUE,TRUE,FALSE,FALSE,餐饮服务;中餐厅;中餐厅,餐饮服务,中餐厅,[]
B0K62A5UAJ,[],牛肉火锅,[],[],餐饮服务;中餐厅;火锅店,[],[],050117,0,[],临平区,[],0571-88661299,B0LKYD3ZLL,崇贤城北招商花园城4层4033,[],浙江省,diner,杭州市,202,"牛肉,双人餐",有牛在鲜潮汕牛肉火锅(城北招商花园城店),"120.159655,30.382153",[],[],[],,,TRUE,TRUE,FALSE,FALSE,餐饮服务;中餐厅;火锅店,餐饮服务,中餐厅,"['牛肉', '双人餐']"
B023B082T5,[],粤菜,[],[],餐饮服务;中餐厅;中餐厅,[],[],050100,0,[],上城区,[],19157877699,B0L2TS3LI4,西湖天地10C-1,[],浙江省,diner,杭州市,302,[],喜禄顺德菜(西湖天地店),"120.160137,30.247561",[],[],[],,,TRUE,TRUE,FALSE,FALSE,餐饮服务;中餐厅;中餐厅,餐饮服务,中餐厅,[]
B0FFI31CNG,[],粤菜,[],[],餐饮服务;中餐厅;火锅店,[],[],050117,0,[],滨江区,[],[],B0KRAP6ABY,江汉路1515号龙湖天街7楼,[],浙江省,diner,杭州市,201,"深水虾,现熬海鲜粥,手剥鲜笋,超薄斑鱼片,纸皮烧麦,竹笙鲜虾滑,翡翠松蓉包,鲜切匙柄,自制嫩鱼丸,宝藏海鲜拼盘,马兰头虾丸,安格斯禾牛牛小排,云南时令鲜菌,粥底九鲜格,斑鱼,海鲜拼盘,海鲜粥,粥底",禧粤鱼捞·斑鱼海鲜粥火锅(龙湖杭州滨江天街店),"120.203696,30.201241",[],[],[],,,TRUE,TRUE,FALSE,FALSE,餐饮服务;中餐厅;火锅店,餐饮服务,中餐厅,"['深水虾', '现熬海鲜粥', '手剥鲜笋', '超薄斑鱼片', '纸皮烧麦', '竹笙鲜虾滑', '翡翠松蓉包', '鲜切匙柄', '自制嫩鱼丸', '宝藏海鲜拼盘', '马兰头虾丸', '安格斯禾牛牛小排', '云南时令鲜菌', '粥底九鲜格', '斑鱼', '海鲜拼盘', '海鲜粥', '粥底']"
B0FFH3487X,[],粤菜,[],[],餐饮服务;中餐厅;中餐厅,[],[],050100,0,[],上城区,[],0571-86030399;0571-86469999,B0FFHBPVIM,剧院路399号钱江新城万豪酒店3层,[],浙江省,diner,杭州市,202,"杨枝甘露,双皮奶,万豪虾饺皇,蜜汁叉烧皇",钱江新城万豪酒店中餐厅,"120.217529,30.245818",[],[],[],,,TRUE,TRUE,FALSE,FALSE,餐饮服务;中餐厅;中餐厅,餐饮服务,中餐厅,"['杨枝甘露', '双皮奶', '万豪虾饺皇', '蜜汁叉烧皇']"
B0FFF3Z0H7,[],粤菜,[],[],餐饮服务;中餐厅;广东菜(粤菜),[],[],050103,0,[],钱塘区,[],18958078658,B0L3XU17U5,下沙街道沙天街4层(金沙湖地铁站A口步行100米),[],浙江省,diner,杭州市,202,[],喜禄顺德小馆(金沙天街店),"120.327225,30.310075",[],[],[],,,TRUE,TRUE,FALSE,FALSE,餐饮服务;中餐厅;广东菜(粤菜),餐饮服务,中餐厅,[]
[],[],粤菜,[],[],餐饮服务;中餐厅;广东菜(粤菜),[],[],050103,0,[],上城区,[],18058710038,B0H3SBIT5G,"丁兰街道丁城路515号A幢5楼31,32号",[],浙江省,diner,杭州市,[],"点心拼盘,蝴蝶里菜品,蝴蝶里招牌乳鸽,豉汁蒸凤爪,红米鲜虾脆皮肠粉,蝴蝶里虾饺皇,蝴蝶里,点心,虾仁,避风塘炒牛河,牛肉,干炒牛河",蝴蝶里(丁桥店),"120.216067,30.350529",[],[],[],,,TRUE,TRUE,FALSE,FALSE,餐饮服务;中餐厅;广东菜(粤菜),餐饮服务,中餐厅,"['点心拼盘', '蝴蝶里菜品', '蝴蝶里招牌乳鸽', '豉汁蒸凤爪', '红米鲜虾脆皮肠粉', '蝴蝶里虾饺皇', '蝴蝶里', '点心', '虾仁', '避风塘炒牛河', '牛肉', '干炒牛河']"
B0FFH2VWTH,[],粤菜,[],[],餐饮服务;中餐厅;中餐厅,[],[],050100,0,[],上城区,[],13336051975,B0LGFRO46Z,新业路228号杭州来福士中心B1层08号,[],浙江省,diner,杭州市,201,"招牌鸡饭,油白双拼,鸡饭",星平鸡饭·粤菜小炒(来福士店),"120.213190,30.248177",[],[],[],,,TRUE,TRUE,FALSE,FALSE,餐饮服务;中餐厅;中餐厅,餐饮服务,中餐厅,"['招牌鸡饭', '油白双拼', '鸡饭']"
B0IURUPL0I,[],粤菜,[],[],餐饮服务;中餐厅;广东菜(粤菜),[],[],050103,0,[],滨江区,[],13083999977,B0MGA9GBGO,西兴街道海威商务中心3幢501-9室,[],浙江省,diner,杭州市,202,"吉妈家烧土鸡煲,冰镇水果咕咾肉,石橄榄鸡煲,红花椒妙龄乳鸽,番茄澳洲牛腩配皮塔,五指毛桃海底椰鸡煲,鲍鱼姜汁焖鸡煲,鲍鱼",吉妈.新派广府食集·广式鸡煲,"120.224275,30.201475",[],[],[],,,TRUE,TRUE,FALSE,FALSE,餐饮服务;中餐厅;广东菜(粤菜),餐饮服务,中餐厅,"['吉妈家烧土鸡煲', '冰镇水果咕咾肉', '石橄榄鸡煲', '红花椒妙龄乳鸽', '番茄澳洲牛腩配皮塔', '五指毛桃海底椰鸡煲', '鲍鱼姜汁焖鸡煲', '鲍鱼']"
B0FFH2VWTH,[],粤菜,[],[],餐饮服务;中餐厅;广东菜(粤菜),[],[],050103,0,[],上城区,[],15325719677,B0L0L9BKR6,新业路228号杭州来福士中心06层14H/14J,[],浙江省,diner,杭州市,201,[],喜禄顺德小馆(来福士店),"120.213330,30.249160",[],[],[],,,TRUE,TRUE,FALSE,FALSE,餐饮服务;中餐厅;广东菜(粤菜),餐饮服务,中餐厅,[]
B0G1PYI6MQ,[],粤菜,[],[],餐饮服务;餐饮相关场所;餐饮相关,[],[],050000,0,[],余杭区,[],15267072882,B0LGLAIXY1,余杭塘路2499号美瑭广场F2层,[],浙江省,diner,杭州市,202,"本地土鸡,白灼毛毛菜,草包饭,爽口耗油生菜,干蒸鲜椒鱿鱼（辣）,干蒸黑鱼片（偏辣）,干蒸牛肉,干蒸溶边排骨,排骨,单人餐,双人餐",糊妞靓姐顺德干蒸菜(美塘店),"120.005114,30.283093",[],[],[],,,TRUE,TRUE,FALSE,FALSE,餐饮服务;餐饮相关场所;餐饮相关,餐饮服务,餐饮相关场所,"['本地土鸡', '白灼毛毛菜', '草包饭', '爽口耗油生菜', '干蒸鲜椒鱿鱼（辣）', '干蒸黑鱼片（偏辣）', '干蒸牛肉', '干蒸溶边排骨', '排骨', '单人餐', '双人餐']"
B0LR0OPBPM,[],粤菜,[],[],餐饮服务;中餐厅;中餐厅,[],[],050100,0,[],上城区,[],19818428892,B0MA2AR0AS,环站东路768号东站花园商务中心4幢1楼107室,[],浙江省,diner,杭州市,202,[],潇阳居·寻味广粤(东站东广场店),"120.219620,30.296960",[],[],[],,,TRUE,TRUE,FALSE,FALSE,餐饮服务;中餐厅;中餐厅,餐饮服务,中餐厅,[]
[],[],小吃快餐,[],[],餐饮服务;中餐厅;中餐厅,[],[],050100,0,[],萧山区,[],15557104099,B0MA5COQ76,瓜沥镇繁盛路473号,[],浙江省,diner,杭州市,[],"蒸菜,砂锅粥",顺德干蒸菜砂锅粥,"120.434220,30.214910",[],[],[],,,TRUE,TRUE,FALSE,FALSE,餐饮服务;中餐厅;中餐厅,餐饮服务,中餐厅,"['蒸菜', '砂锅粥']"
[],[],浙菜,[],[],餐饮服务;中餐厅;湖南菜(湘菜),[],[],050108,0,[],萧山区,[],0571-82686577;18069868677,B0FFF6V2KY,湘湖路84-8号,[],浙江省,diner,杭州市,[],"酱鸭舌,酱仔排,鸡冠油蒸芋艿,白切鸡,东坡肉,农家三鲜,自制酱鸭,干菜蒸鱼勾,家常菜,肉饼,五花肉,农家菜,牛肉,蒸菜,鸡肉,东坡肉,米粉,臭豆腐,卤鸭",湘香蒸菜馆(湘湖路店),"120.247219,30.158210",[],[],[],,,TRUE,TRUE,FALSE,FALSE,餐饮服务;中餐厅;湖南菜(湘菜),餐饮服务,中餐厅,"['酱鸭舌', '酱仔排', '鸡冠油蒸芋艿', '白切鸡', '东坡肉', '农家三鲜', '自制酱鸭', '干菜蒸鱼勾', '家常菜', '肉饼', '五花肉', '农家菜', '牛肉', '蒸菜', '鸡肉', '东坡肉', '米粉', '臭豆腐', '卤鸭']"
B0FFJYKKR1,[],湘菜,[],[],餐饮服务;中餐厅;中餐厅,[],[],050100,0,[],上城区,[],15574859515,B0KGF53CVF,湖滨路1号湖滨银泰in77E区3楼,[],浙江省,diner,杭州市,202,"费大厨辣椒炒肉,牛肉,拌饭,柠檬茶,辣椒炒肉,鸡肉",费大厨辣椒炒肉(杭州湖滨in77店),"120.163744,30.251171",[],[],[],,,TRUE,TRUE,FALSE,FALSE,餐饮服务;中餐厅;中餐厅,餐饮服务,中餐厅,"['费大厨辣椒炒肉', '牛肉', '拌饭', '柠檬茶', '辣椒炒肉', '鸡肉']"
[],[],江浙菜,[],[],餐饮服务;中餐厅;中餐厅,[],[],050100,0,[],西湖区,[],0571-88852877;19357626367,B0I1CUD54O,教工路250号,[],浙江省,diner,杭州市,[],"养身松茸竹荪汤,青苹果山药,江山黄牛排,土猪肉包子,芋艿烧牛肉·可做不辣,开化古法土猪肉·配酒酿馒头,猪肚煨土鸭,常山胡柚慕斯蛋糕,家烧溪水汪刺鱼,衢州市井炒粉干,辣椒炒土猪肉,衢州三宝,麦香饼,地道衢州烤饼,豆腐,牛肉,特色菜,衢州鸭头,鱼头,鸭头,羊肉",宴三衢·初味·衢州菜(西湖店),"120.135412,30.288752",[],[],[],,,TRUE,TRUE,FALSE,FALSE,餐饮服务;中餐厅;中餐厅,餐饮服务,中餐厅,"['养身松茸竹荪汤', '青苹果山药', '江山黄牛排', '土猪肉包子', '芋艿烧牛肉·可做不辣', '开化古法土猪肉·配酒酿馒头', '猪肚煨土鸭', '常山胡柚慕斯蛋糕', '家烧溪水汪刺鱼', '衢州市井炒粉干', '辣椒炒土猪肉', '衢州三宝', '麦香饼', '地道衢州烤饼', '豆腐', '牛肉', '特色菜', '衢州鸭头', '鱼头', '鸭头', '羊肉']"
B0FFI1ULJR,[],湘菜,[],[],餐饮服务;中餐厅;中餐厅,[],[],050100,0,[],上城区,[],0571-87020095;19376989585,B0ID6R6JL4,延安路258号湖滨银泰in77C3区2楼,[],浙江省,diner,杭州市,201,"热炒叁嫩,鲜切毛肚四合一,招牌火焰牛肉,板栗猪蹄,火爆虾,侯师傅嫩牛蛙,牛肉,小炒黄牛肉",侯师傅热炒店(杭州湖滨in77店),"120.164775,30.250869",[],[],[],,,TRUE,TRUE,FALSE,FALSE,餐饮服务;中餐厅;中餐厅,餐饮服务,中餐厅,"['热炒叁嫩', '鲜切毛肚四合一', '招牌火焰牛肉', '板栗猪蹄', '火爆虾', '侯师傅嫩牛蛙', '牛肉', '小炒黄牛肉']"
[],[],湘菜,[],[],餐饮服务;中餐厅;湖南菜(湘菜),[],[],050108,0,[],拱墅区,[],18989881503,B0FFHZWD5Z,莫干山路54号(银星停车场内海鲜礼盒入口),[],浙江省,diner,杭州市,[],"五花肉,剁椒鱼头,卤蛋,汤品,臭豆腐,蘑菇,鱼头,米粉,豆腐,青椒,鸭血,小炒黄牛肉,排骨,牛肉,猪肉,肉片,芋头,鸭肉,辣椒炒肉,火宫殿的臭豆腐,老坛剁椒鱼头,湘湘小炒肉,擂辣椒皮蛋,辣椒擂皮蛋,长沙臭豆腐,湘湘小炒黄牛肉",湘之荷·品质湘菜,"120.153525,30.276311",[],[],[],,,TRUE,TRUE,FALSE,FALSE,餐饮服务;中餐厅;湖南菜(湘菜),餐饮服务,中餐厅,"['五花肉', '剁椒鱼头', '卤蛋', '汤品', '臭豆腐', '蘑菇', '鱼头', '米粉', '豆腐', '青椒', '鸭血', '小炒黄牛肉', '排骨', '牛肉', '猪肉', '肉片', '芋头', '鸭肉', '辣椒炒肉', '火宫殿的臭豆腐', '老坛剁椒鱼头', '湘湘小炒肉', '擂辣椒皮蛋', '辣椒擂皮蛋', '长沙臭豆腐', '湘湘小炒黄牛肉']"
B0J0MMYJ28,[],湘菜,[],[],餐饮服务;中餐厅;中餐厅,[],[],050100,0,[],滨江区,[],18956972675,B0JKSAYJFH,海威商务中心2-106,[],浙江省,diner,杭州市,202,"小炒肉,牛肉,小炒黄牛肉,小炒黄牛肉,特色菜",老六小炒肉(滨江银泰店),"120.225432,30.200685",[],[],[],,,TRUE,TRUE,FALSE,FALSE,餐饮服务;中餐厅;中餐厅,餐饮服务,中餐厅,"['小炒肉', '牛肉', '小炒黄牛肉', '小炒黄牛肉', '特色菜']"
B0FFI31CNG,[],湘菜,[],[],餐饮服务;中餐厅;中餐厅,[],[],050100,0,[],滨江区,[],15666140451;19357673898,B0G21S70FH,江汉路1515号龙湖杭州滨江天街L5层,[],浙江省,diner,杭州市,201,"碾辣椒炒肉,小炒黄牛肉,牛肉",吃饭皇帝大·土家民族菜(龙湖天街店),"120.202639,30.200674",[],[],[],,,TRUE,TRUE,FALSE,FALSE,餐饮服务;中餐厅;中餐厅,餐饮服务,中餐厅,"['碾辣椒炒肉', '小炒黄牛肉', '牛肉']"
[],[],湘菜,[],[],餐饮服务;中餐厅;湖南菜(湘菜),[],[],050108,0,[],拱墅区,[],0571-88019089;13372541929;18153913165,B0FFKSZTY9,朝晖街道朝晖路190号-5,[],浙江省,diner,杭州市,[],"东安子鸡,永州血鸭,长沙臭豆腐,剁椒鱼头,邵阳猪血丸子,擂椒皮蛋,砂锅甲鱼,教你如何吃剁椒鱼头,小炒黄牛肉,家常菜,鸡肉,双人餐,擂辣椒皮蛋,招牌剁椒鱼头",巷子里湘菜馆(八年湘守),"120.168296,30.276610",[],[],[],,,TRUE,TRUE,FALSE,FALSE,餐饮服务;中餐厅;湖南菜(湘菜),餐饮服务,中餐厅,"['东安子鸡', '永州血鸭', '长沙臭豆腐', '剁椒鱼头', '邵阳猪血丸子', '擂椒皮蛋', '砂锅甲鱼', '教你如何吃剁椒鱼头', '小炒黄牛肉', '家常菜', '鸡肉', '双人餐', '擂辣椒皮蛋', '招牌剁椒鱼头']"
[],[],湘菜,[],[],餐饮服务;中餐厅;湖南菜(湘菜),[],[],050108,0,[],上城区,[],19012873536;19106592178,B0J1K7BGLY,延安路292号地下一层B126铺位,[],浙江省,diner,杭州市,[],"私房菜,湘遇长沙小炒肉,擂辣椒皮蛋,辣椒炒肉,小炒黄牛肉,牛肉,豆腐,鸡肉",湘遇·湖南私房菜(西湖店),"120.164627,30.254669",[],[],[],,,TRUE,TRUE,FALSE,FALSE,餐饮服务;中餐厅;湖南菜(湘菜),餐饮服务,中餐厅,"['私房菜', '湘遇长沙小炒肉', '擂辣椒皮蛋', '辣椒炒肉', '小炒黄牛肉', '牛肉', '豆腐', '鸡肉']"
B023B1AEMP,[],湘菜,[],[],餐饮服务;餐饮相关场所;餐饮相关,[],[],050000,0,[],滨江区,[],18968092406,B0FFM9REFL,齐飞路56号,[],浙江省,diner,杭州市,320,"酸辣鸡杂,生爆牛肉,五香拆骨肉,红烧茄子,小炒牛肉,豆角炒茄子,牛肉",岳阳楼(滨兴小区店),"120.200183,30.192883",[],[],[],,,TRUE,TRUE,FALSE,FALSE,餐饮服务;餐饮相关场所;餐饮相关,餐饮服务,餐饮相关场所,"['酸辣鸡杂', '生爆牛肉', '五香拆骨肉', '红烧茄子', '小炒牛肉', '豆角炒茄子', '牛肉']"
[],[],湘菜,[],[],餐饮服务;中餐厅;湖南菜(湘菜),[],[],050108,0,[],西湖区,[],18969050777,B0JD153TKA,文三路90号东部软件园内7号楼8号楼中间,[],浙江省,diner,杭州市,[],"剁椒鱼头,樟树港辣椒炒黑猪肉,鱼头,辣椒炒肉,剁椒鱼头,永州血鸭,辣椒炒肉,老坛剁椒千岛湖大鱼头",湘之荷·湖南会馆,"120.146360,30.278669",[],[],[],,,TRUE,TRUE,FALSE,FALSE,餐饮服务;中餐厅;湖南菜(湘菜),餐饮服务,中餐厅,"['剁椒鱼头', '樟树港辣椒炒黑猪肉', '鱼头', '辣椒炒肉', '剁椒鱼头', '永州血鸭', '辣椒炒肉', '老坛剁椒千岛湖大鱼头']"
B0G1NO6KLZ,[],烧烤,[],[],餐饮服务;中餐厅;中餐厅,[],[],050100,0,[],余杭区,[],13588029572,B0JG3743OJ,银天金城7幢132室,[],浙江省,diner,杭州市,202,"小龙虾,口味虾,口味小龙虾,小炒黄牛肉,大排档",彭兜兜鲜货烧烤·小龙虾湘菜大排档(未来科技城店),"120.015496,30.285509",[],[],[],,,TRUE,TRUE,FALSE,FALSE,餐饮服务;中餐厅;中餐厅,餐饮服务,中餐厅,"['小龙虾', '口味虾', '口味小龙虾', '小炒黄牛肉', '大排档']"
B023B173VP,[],湘菜,[],[],餐饮服务;中餐厅;湖南菜(湘菜),[],[],050108,0,[],拱墅区,[],15356154343;18700658188,B0JA47XOE7,丰潭路380号银泰百货城西店4楼,[],浙江省,diner,杭州市,201,"花甲爱上脆脆虾,擂辣椒炒荷包蛋,小钵子酱油拌饭,炭烤湘西野菜糍粑,金桔柠檬茶,灶膛罐罐牛腩,阿婆烧的手工苕粉,柴火稻草鱼,仔油姜烧土猪排,猫儿山的小黄牛,黑猪灼泉水时蔬,肉蛋汤,手撕扁担鸡,土家甜酒汤团,湘西土匪猪肝,牛肉,汤圆",吃饭皇帝大·土家民族菜(城西银泰城店),"120.106740,30.299866",[],[],[],,,TRUE,TRUE,FALSE,FALSE,餐饮服务;中餐厅;湖南菜(湘菜),餐饮服务,中餐厅,"['花甲爱上脆脆虾', '擂辣椒炒荷包蛋', '小钵子酱油拌饭', '炭烤湘西野菜糍粑', '金桔柠檬茶', '灶膛罐罐牛腩', '阿婆烧的手工苕粉', '柴火稻草鱼', '仔油姜烧土猪排', '猫儿山的小黄牛', '黑猪灼泉水时蔬', '肉蛋汤', '手撕扁担鸡', '土家甜酒汤团', '湘西土匪猪肝', '牛肉', '汤圆']"
B0FFGQ2Z5N,[],湘菜,[],[],餐饮服务;中餐厅;湖南菜(湘菜),[],[],050108,0,[],上城区,[],0571-88360607,B0JGM54BTI,明月桥路198号三花国际二楼(彭埠地铁口A出口),[],浙江省,diner,杭州市,202,"土家腊肉炒干豆腐,土家秘制酱香鱼,常德扇子骨,外婆小米蒸肉,湘西小炒肉,土酸菜捞猪脚,大蒜叶炒腊肉,萝卜干炒腊肉,腊味合蒸,双色剁椒鱼头,贡椒炒高山黄牛肉,来凤角角鱼,乡野高山黄牛肉,土家腊味合蒸,自家手工烟熏肥肠,鲜活干锅牛蛙,干锅鸭头,家暴金钱蛋,酸辣子炒肉,家常菜,小炒黄牛肉,拌饭,牛肉,猪脚,米粉,土豆丝,特色菜,豆腐",湘约屋坎上·土家民族菜·不改湘西味(三花国际总店),"120.224432,30.295039",[],[],[],,,TRUE,TRUE,FALSE,FALSE,餐饮服务;中餐厅;湖南菜(湘菜),餐饮服务,中餐厅,"['土家腊肉炒干豆腐', '土家秘制酱香鱼', '常德扇子骨', '外婆小米蒸肉', '湘西小炒肉', '土酸菜捞猪脚', '大蒜叶炒腊肉', '萝卜干炒腊肉', '腊味合蒸', '双色剁椒鱼头', '贡椒炒高山黄牛肉', '来凤角角鱼', '乡野高山黄牛肉', '土家腊味合蒸', '自家手工烟熏肥肠', '鲜活干锅牛蛙', '干锅鸭头', '家暴金钱蛋', '酸辣子炒肉', '家常菜', '小炒黄牛肉', '拌饭', '牛肉', '猪脚', '米粉', '土豆丝', '特色菜', '豆腐']"
B0L0FZ07K8,[],湘菜,[],[],餐饮服务;中餐厅;湖南菜(湘菜),[],[],050108,0,[],滨江区,[],[],B0LKBSTDF9,长河街道中南江一云境中心4幢101室,[],浙江省,diner,杭州市,202,双人餐,香香食局,"120.209875,30.197625",[],[],[],,,TRUE,TRUE,FALSE,FALSE,餐饮服务;中餐厅;湖南菜(湘菜),餐饮服务,中餐厅,['双人餐']
[],[],湘菜,[],[],餐饮服务;中餐厅;中餐厅,[],[],050100,0,[],上城区,[],15225353531,B0JARS166W,延安路工联cc商场4层416号(龙翔桥地铁站出入口旁),[],浙江省,diner,杭州市,[],"小炒黄牛肉,辣炒金钱蛋,长沙臭豆腐,酸辣鸡胗,湘西辣子鸡,小锅现蒸米饭,小炒肉,臭豆腐,长沙臭豆腐,辣椒炒肉,素菜,虾仁,辣椒炒肉,秘制剁椒鱼头",兰湘子·湘菜小炒(杭州工联CC店),"120.164650,30.254660",[],[],[],,,TRUE,TRUE,FALSE,FALSE,餐饮服务;中餐厅;中餐厅,餐饮服务,中餐厅,"['小炒黄牛肉', '辣炒金钱蛋', '长沙臭豆腐', '酸辣鸡胗', '湘西辣子鸡', '小锅现蒸米饭', '小炒肉', '臭豆腐', '长沙臭豆腐', '辣椒炒肉', '素菜', '虾仁', '辣椒炒肉', '秘制剁椒鱼头']"
B0J1Y7LN7K,[],湘菜,[],[],餐饮服务;中餐厅;湖南菜(湘菜),[],[],050108,0,[],西湖区,[],18868764883,B0JUCOB8R3,古天巷8号云州国际中心1号楼2层203室(天目里附近),[],浙江省,diner,杭州市,202,"家常菜,小炒黄牛肉,辣椒炒肉,小炒黄牛肉",湘绯·锦(天目山路店),"120.100609,30.267406",[],[],[],,,TRUE,TRUE,FALSE,FALSE,餐饮服务;中餐厅;湖南菜(湘菜),餐饮服务,中餐厅,"['家常菜', '小炒黄牛肉', '辣椒炒肉', '小炒黄牛肉']"
B0FFF3Z0H7,[],湘菜,[],[],餐饮服务;中餐厅;中餐厅,[],[],050100,0,[],钱塘区,[],19957122063,B0FFK71I2S,金沙大道560号龙湖杭州金沙天街L5层5F-10-1,[],浙江省,diner,杭州市,201,"老家桂花红糖凉粉,花甲爱上脆脆虾,炭烤湘西野菜糍粑,猫儿山的小黄牛,菜荪子甜嫩豆,手撕扁担鸡,灶膛罐罐牛腩,阿婆烧的手工苕粉,黑猪灼泉水时蔬,柴火稻草鱼,肉蛋汤,仔油姜烧土猪排,土家倒缸冲菜,牛肝菌炒肉,牛肉",吃饭皇帝大·土家民族菜(龙湖下沙天街店),"120.326944,30.309986",[],[],[],,,TRUE,TRUE,FALSE,FALSE,餐饮服务;中餐厅;中餐厅,餐饮服务,中餐厅,"['老家桂花红糖凉粉', '花甲爱上脆脆虾', '炭烤湘西野菜糍粑', '猫儿山的小黄牛', '菜荪子甜嫩豆', '手撕扁担鸡', '灶膛罐罐牛腩', '阿婆烧的手工苕粉', '黑猪灼泉水时蔬', '柴火稻草鱼', '肉蛋汤', '仔油姜烧土猪排', '土家倒缸冲菜', '牛肝菌炒肉', '牛肉']"
B0FFI31CNG,[],湘菜,[],[],餐饮服务;中餐厅;中餐厅,[],[],050100,0,[],滨江区,[],17680529459,B0KU6Z3FCS,江汉路1515号龙湖杭州滨江天街L5层,[],浙江省,diner,杭州市,201,"小炒黄牛肉,家常菜,鸡肉,小炒鲜牛肉,费大厨辣椒炒肉,排骨,柠檬茶,辣椒炒肉,豆腐",费大厨辣椒炒肉(滨江龙湖天街店),"120.203984,30.201376",[],[],[],,,TRUE,TRUE,FALSE,FALSE,餐饮服务;中餐厅;中餐厅,餐饮服务,中餐厅,"['小炒黄牛肉', '家常菜', '鸡肉', '小炒鲜牛肉', '费大厨辣椒炒肉', '排骨', '柠檬茶', '辣椒炒肉', '豆腐']"
[],[],中餐,[],[],餐饮服务;中餐厅;中餐厅,[],[],050100,0,[],拱墅区,[],[],B0KDX9ZHZU,小河路488号34幢105室,[],浙江省,diner,杭州市,[],"丝瓜油条,豆豉辣酱五花肉,衡东脆肚,双椒蒸黄鱼,肉汆蛋,豆豉辣酱蒸盘龙鳝,双人餐",香香食局(运河店),"120.137331,30.324576",[],[],[],,,TRUE,TRUE,FALSE,FALSE,餐饮服务;中餐厅;中餐厅,餐饮服务,中餐厅,"['丝瓜油条', '豆豉辣酱五花肉', '衡东脆肚', '双椒蒸黄鱼', '肉汆蛋', '豆豉辣酱蒸盘龙鳝', '双人餐']"
B023B08RIM,[],湘菜,[],[],餐饮服务;中餐厅;湖南菜(湘菜),[],[],050108,0,[],西湖区,[],0571-86793896;15875250016;18667169677,B0FFHEKSYD,益乐路39号1幢S09室,[],浙江省,diner,杭州市,202,"香辣跳跳蛙,湖南特色臭桂鱼,擂辣椒皮蛋,双椒鱼头,湘西土匪鸡,白椒炒肉,小炒黄牛肉,剁椒荷包蛋,双人餐,长沙臭豆腐,擂辣椒皮蛋,擂辣椒捯皮蛋,小炒黄牛肉,土匪猪肝",辣得香湘菜馆(益乐路店),"120.113548,30.279698",[],[],[],,,TRUE,TRUE,FALSE,FALSE,餐饮服务;中餐厅;湖南菜(湘菜),餐饮服务,中餐厅,"['香辣跳跳蛙', '湖南特色臭桂鱼', '擂辣椒皮蛋', '双椒鱼头', '湘西土匪鸡', '白椒炒肉', '小炒黄牛肉', '剁椒荷包蛋', '双人餐', '长沙臭豆腐', '擂辣椒皮蛋', '擂辣椒捯皮蛋', '小炒黄牛肉', '土匪猪肝']"
B0FFHQ7WBN,[],鱼头,[],[],餐饮服务;中餐厅;中餐厅,[],[],050100,0,[],淳安县,[],18258465050,B0KB4AX88W,碧云天6-6号,[],浙江省,diner,杭州市,202,"红烧肉焖鲍鱼,蒜蓉凤尾虾,老坛剁椒鱼头,千岛湖浓汤鱼头,爆浆榴莲芝士,香蛤金汤丝瓜,桂花海鲜粉丝煲,小炒黄牛肉,千莱蒸河鳗,春江鸭,翡翠山药,湘锅牛蛙,爆炒猪肚,麻婆小青龙,野葱玉米饼,阿嬷手工油豆腐,孜然手抓羊排,风味牡丹虾,葱油河蚌,渔湘罗氏虾,爱上魔芋,非遗临岐家宴暖锅,双人餐,千岛湖浓汤鱼头,爱心桂花米糕,老坛剁椒鱼头,桂花糕,千岛湖鱼头,小炒黄牛肉",渔湘记本地特色鱼头馆,"119.032924,29.603531",[],[],[],,,TRUE,TRUE,FALSE,FALSE,餐饮服务;中餐厅;中餐厅,餐饮服务,中餐厅,"['红烧肉焖鲍鱼', '蒜蓉凤尾虾', '老坛剁椒鱼头', '千岛湖浓汤鱼头', '爆浆榴莲芝士', '香蛤金汤丝瓜', '桂花海鲜粉丝煲', '小炒黄牛肉', '千莱蒸河鳗', '春江鸭', '翡翠山药', '湘锅牛蛙', '爆炒猪肚', '麻婆小青龙', '野葱玉米饼', '阿嬷手工油豆腐', '孜然手抓羊排', '风味牡丹虾', '葱油河蚌', '渔湘罗氏虾', '爱上魔芋', '非遗临岐家宴暖锅', '双人餐', '千岛湖浓汤鱼头', '爱心桂花米糕', '老坛剁椒鱼头', '桂花糕', '千岛湖鱼头', '小炒黄牛肉']"
B0FFLDI3CU,[],湘菜,[],[],餐饮服务;中餐厅;中餐厅,[],[],050100,0,[],余杭区,[],19357673818,B0I6P1HH89,访溪路西溪印象城A座2楼(洪园地铁站B口步行70米),[],浙江省,diner,杭州市,202,"猫儿山的小黄牛,野番茄炒土鸡蛋,炭烤湘西野菜糍粑,手撕扁担鸡,灶膛罐罐牛腩,小钵子酱油拌饭,碾辣椒炒肉,花甲爱上脆脆虾,牛肉,小炒黄牛肉",吃饭皇帝大·土家民族菜(西溪印象城A座店),"120.048559,30.247426",[],[],[],,,TRUE,TRUE,FALSE,FALSE,餐饮服务;中餐厅;中餐厅,餐饮服务,中餐厅,"['猫儿山的小黄牛', '野番茄炒土鸡蛋', '炭烤湘西野菜糍粑', '手撕扁担鸡', '灶膛罐罐牛腩', '小钵子酱油拌饭', '碾辣椒炒肉', '花甲爱上脆脆虾', '牛肉', '小炒黄牛肉']"
B0M6XCSKE5,[],湘菜,[],[],餐饮服务;中餐厅;中餐厅,[],[],050100,0,[],上城区,[],0571-88196692,B0L0U1XNWR,九堡街道科城街368号龙湖杭州上城天街A馆4F25b-26,[],浙江省,diner,杭州市,202,[],费大厨辣椒炒肉(龙湖杭州上城天街店),"120.277759,30.331186",[],[],[],,,TRUE,TRUE,FALSE,FALSE,餐饮服务;中餐厅;中餐厅,餐饮服务,中餐厅,[]
[],[],杭帮菜,[],[],餐饮服务;中餐厅;中餐厅,[],[],050100,0,[],淳安县,[],13588334074,B0L36DA0HK,梦姑路54号1号楼202-203室,[],浙江省,diner,杭州市,[],"浓汤鱼头,干锅鱼籽鱼泡,一鱼三吃,剁椒鱼头,馄饨老鸭,黄闷甲鱼,一鱼二吃,小炒黄牛肉,单人餐,双人餐",小渔村全湖景餐厅(湖光里店),"119.024801,29.600047",[],[],[],,,TRUE,TRUE,FALSE,FALSE,餐饮服务;中餐厅;中餐厅,餐饮服务,中餐厅,"['浓汤鱼头', '干锅鱼籽鱼泡', '一鱼三吃', '剁椒鱼头', '馄饨老鸭', '黄闷甲鱼', '一鱼二吃', '小炒黄牛肉', '单人餐', '双人餐']"
B023B14EZ9,[],湘菜,[],[],餐饮服务;中餐厅;中餐厅,[],[],050100,0,[],滨江区,[],13983519097,B0FFJRV3OJ,迎春东苑西2门北60米(滨和路地铁站D口步行460米),[],浙江省,diner,杭州市,320,"小炒黄牛肉,小炒黄牛肉,炸串,农家小炒肉,肥肠,炒螺蛳,辣椒炒肉,农家小炒肉,酱爆螺蛳",小湘厨(迎春东苑店),"120.221120,30.199383",[],[],[],,,TRUE,TRUE,FALSE,FALSE,餐饮服务;中餐厅;中餐厅,餐饮服务,中餐厅,"['小炒黄牛肉', '小炒黄牛肉', '炸串', '农家小炒肉', '肥肠', '炒螺蛳', '辣椒炒肉', '农家小炒肉', '酱爆螺蛳']"
B0FFG3G1JP,[],湘菜,[],[],餐饮服务;中餐厅;湖南菜(湘菜),[],[],050108,0,[],拱墅区,[],15381056383,B0LU3S9NVY,华中南路668号-101室,[],浙江省,diner,杭州市,202,"肉末四季豆,农家小炒肉,现炒雪花牛腱,奶皮子,工作餐",妙手菜湘.长沙菜(杭州首店),"120.202475,30.323773",[],[],[],,,TRUE,TRUE,FALSE,FALSE,餐饮服务;中餐厅;湖南菜(湘菜),餐饮服务,中餐厅,"['肉末四季豆', '农家小炒肉', '现炒雪花牛腱', '奶皮子', '工作餐']"
B023B0BUJJ,[],湘菜,[],[],餐饮服务;中餐厅;湖南菜(湘菜),[],[],050108,0,[],滨江区,[],[],B0FFFENCDP,长河街道滨康路371号(聚才路地铁站C口步行460米),[],浙江省,diner,杭州市,320,"小炒黄牛肉,霸王老鸭,双人餐,剁椒鱼头,土匪猪肝",大嘴巴湘菜馆·干煸小龙虾(长河店),"120.193936,30.181001",[],[],[],,,TRUE,TRUE,FALSE,FALSE,餐饮服务;中餐厅;湖南菜(湘菜),餐饮服务,中餐厅,"['小炒黄牛肉', '霸王老鸭', '双人餐', '剁椒鱼头', '土匪猪肝']"
B0FFJ62XXT,[],湘菜,[],[],餐饮服务;中餐厅;湖南菜(湘菜)|餐饮服务;冷饮店;冷饮店,[],[],050108|050700,0,[],萧山区,[],19011261201,B0JAACI7PH,飞虹路1408号印力汇德隆杭州奥体印象城4F层,[],浙江省,diner,杭州市,202,牛肉,吃饭皇帝大·土家民族菜(印力汇德隆杭州奥体印象城店),"120.252250,30.223581",[],[],[],,,TRUE,TRUE,FALSE,FALSE,餐饮服务;中餐厅;湖南菜(湘菜),餐饮服务,中餐厅,['牛肉']
B0GD7A9AIE,[],湘菜,[],[],餐饮服务;中餐厅;中餐厅,[],[],050100,0,[],西湖区,[],0571-86518973,B0KKUHIVP7,龙湖西溪天街5F(蒋村地铁站出入口旁),[],浙江省,diner,杭州市,202,"柠檬,辣椒炒肉,小炒鲜牛肉,费大厨辣椒炒肉,柠檬茶,小炒黄牛肉",费大厨辣椒炒肉(西溪天街店),"120.069376,30.293825",[],[],[],,,TRUE,TRUE,FALSE,FALSE,餐饮服务;中餐厅;中餐厅,餐饮服务,中餐厅,"['柠檬', '辣椒炒肉', '小炒鲜牛肉', '费大厨辣椒炒肉', '柠檬茶', '小炒黄牛肉']"
B023B1AEMO,[],湘菜,[],[],餐饮服务;中餐厅;湖南菜(湘菜),[],[],050108,0,[],滨江区,[],18668047995,B0FFGAR5AF,滨兴小区商铺064号,[],浙江省,diner,杭州市,320,"酸辣鸡杂,五香拆骨肉,红烧茄子,小炒牛肉,生爆牛肉,豆角炒茄子,农家小炒肉,特色菜,辣椒炒肉,牛肉,素菜,茄子,鸡肉,剁椒鱼头",小湘村湘菜(滨兴小区东区店),"120.200527,30.192742",[],[],[],,,TRUE,TRUE,FALSE,FALSE,餐饮服务;中餐厅;湖南菜(湘菜),餐饮服务,中餐厅,"['酸辣鸡杂', '五香拆骨肉', '红烧茄子', '小炒牛肉', '生爆牛肉', '豆角炒茄子', '农家小炒肉', '特色菜', '辣椒炒肉', '牛肉', '素菜', '茄子', '鸡肉', '剁椒鱼头']"
B0HGXUX4DE,[],湘菜,[],[],餐饮服务;中餐厅;湖南菜(湘菜),[],[],050108,0,[],余杭区,[],13362168039,B0LUD9EEAO,五常街道阿里B区(数字生态创新园)3号楼1层,[],浙江省,diner,杭州市,202,小炒黄牛肉,湘绯·杭城拾佳湘菜(阿里店),"120.028085,30.276345",[],[],[],,,TRUE,TRUE,FALSE,FALSE,餐饮服务;中餐厅;湖南菜(湘菜),餐饮服务,中餐厅,['小炒黄牛肉']
B0FFF4JMT6,[],湘菜,[],[],餐饮服务;中餐厅;湖南菜(湘菜),[],[],050108,0,[],余杭区,[],19106797196,B0I3OZ4VPI,仓前街道海鸥路8号,[],浙江省,diner,杭州市,320,"甲鱼,肥肠,剁椒鱼头,荷包蛋,剁椒鱼头,小炒黄牛肉,辣椒炒肉",忆湘味-鲜炒·湖南菜(EFC店),"120.006051,30.281137",[],[],[],,,TRUE,TRUE,FALSE,FALSE,餐饮服务;中餐厅;湖南菜(湘菜),餐饮服务,中餐厅,"['甲鱼', '肥肠', '剁椒鱼头', '荷包蛋', '剁椒鱼头', '小炒黄牛肉', '辣椒炒肉']"
B0FFIMEKW0,[],湘菜,[],[],餐饮服务;中餐厅;湖南菜(湘菜),[],[],050108,0,[],上城区,[],13157121778,B0L2G5SHZP,湖滨街道湖滨银泰in77商场D区3F层L3008室,[],浙江省,diner,杭州市,202,"招牌酱椒鱼头,湖南名菜东安鸡,现炒鲜牛肉（免辣版）,现炒鲜牛肉,辣椒炒肉（黑猪肉）,辣椒炒肉,黑猪肉",巡湘记?乡野湖南菜(杭州湖滨in77店),"120.163440,30.253527",[],[],[],,,TRUE,TRUE,FALSE,FALSE,餐饮服务;中餐厅;湖南菜(湘菜),餐饮服务,中餐厅,"['招牌酱椒鱼头', '湖南名菜东安鸡', '现炒鲜牛肉（免辣版）', '现炒鲜牛肉', '辣椒炒肉（黑猪肉）', '辣椒炒肉', '黑猪肉']"
B023B09XDX,[],湘菜,[],[],餐饮服务;中餐厅;中餐厅,[],[],050100,0,[],西湖区,[],17758008616,B0LKYB434Y,三墩镇古墩路588号第MA栋第L1层01-15号,[],浙江省,diner,杭州市,202,家常菜,陆幺陆家常菜古墩路店,"120.099310,30.294116",[],[],[],,,TRUE,TRUE,FALSE,FALSE,餐饮服务;中餐厅;中餐厅,餐饮服务,中餐厅,['家常菜']
B0FFJ62XXT,[],湘菜,[],[],餐饮服务;中餐厅;中餐厅,[],[],050100,0,[],萧山区,[],0571-85506572,B0L16SRRAT,盈丰街道飞虹路1408号印力汇德隆奥体印象城5层10号,[],浙江省,diner,杭州市,201,[],费大厨辣椒炒肉(奥体印象城店),"120.252811,30.223589",[],[],[],,,TRUE,TRUE,FALSE,FALSE,餐饮服务;中餐厅;中餐厅,餐饮服务,中餐厅,[]
B023B14N2R,[],湘菜,[],[],餐饮服务;中餐厅;湖南菜(湘菜),[],[],050108,1,[],桐庐县,[],0571-64288517,B023B14Q8I,滨江路1369号,[],浙江省,diner,杭州市,320,"招牌鱼头,辣子炒鸡丁,饼加回锅肉,口味土豆丝,酱椒鱼头,酸汤肥牛,辣椒炒肉,小炒黄牛肉,双人餐,小炒黄牛肉",江南公社(桐庐店),"119.681060,29.795018",[],[],[],,,TRUE,TRUE,FALSE,FALSE,餐饮服务;中餐厅;湖南菜(湘菜),餐饮服务,中餐厅,"['招牌鱼头', '辣子炒鸡丁', '饼加回锅肉', '口味土豆丝', '酱椒鱼头', '酸汤肥牛', '辣椒炒肉', '小炒黄牛肉', '双人餐', '小炒黄牛肉']"
[],[],川菜,[],[],餐饮服务;中餐厅;四川菜(川菜),[],[],050102,0,[],上城区,[],13817391121;15669022348,B023B0BGK3,邮电路9-1号,[],浙江省,diner,杭州市,[],"毛血旺,辣子鸡,酸菜鱼,酱爆螺丝,炒螺蛳,口水鸡,豆腐,鸡肉",川湘馆(邮电路店),"120.169892,30.251819",[],[],[],,,TRUE,TRUE,FALSE,FALSE,餐饮服务;中餐厅;四川菜(川菜),餐饮服务,中餐厅,"['毛血旺', '辣子鸡', '酸菜鱼', '酱爆螺丝', '炒螺蛳', '口水鸡', '豆腐', '鸡肉']"
B0FFI1XQ9O,[],湘菜,[],[],餐饮服务;中餐厅;中餐厅,[],[],050100,0,[],萧山区,[],17681818308;17681883668,B0K0RLLY2G,蜀山街道未来城科创园10幢2层226-1,[],浙江省,diner,杭州市,320,双人餐,湘江春·精致湘菜,"120.263439,30.126688",[],[],[],,,TRUE,TRUE,FALSE,FALSE,餐饮服务;中餐厅;中餐厅,餐饮服务,中餐厅,['双人餐']
B0FFIQDQI7,[],中餐,[],[],餐饮服务;中餐厅;湖南菜(湘菜),[],[],050108,0,[],余杭区,[],17376554018,B0JDRSGHPC,仓前街道景兴路908号EFC LIVE欧美商业广场F2层A226-a,[],浙江省,diner,杭州市,201,"茄子擂辣椒皮蛋,现炒黄牛肉,单人餐,小炒黄牛肉,双人餐,小炒黄牛肉,牛肉,辣椒炒肉",湘先生米小姐(EFC LIVE欧美广场店),"120.002513,30.281600",[],[],[],,,TRUE,TRUE,FALSE,FALSE,餐饮服务;中餐厅;湖南菜(湘菜),餐饮服务,中餐厅,"['茄子擂辣椒皮蛋', '现炒黄牛肉', '单人餐', '小炒黄牛肉', '双人餐', '小炒黄牛肉', '牛肉', '辣椒炒肉']"
B0FFH15ESE,[],浙菜,[],[],餐饮服务;中餐厅;中餐厅,[],[],050100,0,[],西湖区,[],17357189166,B0I39H10RU,转塘街道美院南街89号2号楼203室,[],浙江省,diner,杭州市,202,"招牌野生脆鱼肚,辣子胸口油,排骨年糕烧墨鱼,小炒黄牛肉配飞饼,湖南剁椒鱼头煲,深海锅包虾,江鱼一锅鲜,京葱烧猪脚,油焖梅干菜沼虾,椒盐羊排,红烧野鸭,青椒紫苏焖生态甲鱼,酸菜羔羊煲,牛肉,双人餐,小炒黄牛肉",碧湖小馆(象山国际店),"120.079061,30.149935",[],[],[],,,TRUE,TRUE,FALSE,FALSE,餐饮服务;中餐厅;中餐厅,餐饮服务,中餐厅,"['招牌野生脆鱼肚', '辣子胸口油', '排骨年糕烧墨鱼', '小炒黄牛肉配飞饼', '湖南剁椒鱼头煲', '深海锅包虾', '江鱼一锅鲜', '京葱烧猪脚', '油焖梅干菜沼虾', '椒盐羊排', '红烧野鸭', '青椒紫苏焖生态甲鱼', '酸菜羔羊煲', '牛肉', '双人餐', '小炒黄牛肉']"
B0FFF3Z0H7,[],湘菜,[],[],餐饮服务;中餐厅;中餐厅,[],[],050100,0,[],钱塘区,[],0571-86720835,B0K3U7PNCX,杭州金沙天街4层1号门进入,[],浙江省,diner,杭州市,201,"五花肉,肉片,青椒,辣椒炒肉,小炒鲜牛肉,小炒黄牛肉,费大厨辣椒炒肉",费大厨辣椒炒肉(金沙天街店),"120.327377,30.310149",[],[],[],,,TRUE,TRUE,FALSE,FALSE,餐饮服务;中餐厅;中餐厅,餐饮服务,中餐厅,"['五花肉', '肉片', '青椒', '辣椒炒肉', '小炒鲜牛肉', '小炒黄牛肉', '费大厨辣椒炒肉']"
B0FFG4JOVW,[],湘菜,[],[],餐饮服务;中餐厅;湖南菜(湘菜),[],[],050108,0,[],萧山区,[],17767142517,B0FFI6ULHY,奥体中心利丰路690号,[],浙江省,diner,杭州市,320,"双人餐,剁椒鱼头",大嘴巴湘菜馆·干煸小龙虾(奥体店),"120.255756,30.228430",[],[],[],,,TRUE,TRUE,FALSE,FALSE,餐饮服务;中餐厅;湖南菜(湘菜),餐饮服务,中餐厅,"['双人餐', '剁椒鱼头']"
B023B142SU,[],湘菜,[],[],餐饮服务;中餐厅;湖南菜(湘菜),[],[],050108,0,[],萧山区,[],0571-82340992;18969928498;18969974559,B0JD77B19B,建设四路81号永泰丰广场F1层,[],浙江省,diner,杭州市,202,"五花肉,小炒肉,鱼鲜,小炒黄牛肉,牛蛙,黄牛肉,辣椒炒肉,超级小炒肉,现炒黄牛肉",湘辣湘食·湘菜馆(市心北路店),"120.268184,30.207538",[],[],[],,,TRUE,TRUE,FALSE,FALSE,餐饮服务;中餐厅;湖南菜(湘菜),餐饮服务,中餐厅,"['五花肉', '小炒肉', '鱼鲜', '小炒黄牛肉', '牛蛙', '黄牛肉', '辣椒炒肉', '超级小炒肉', '现炒黄牛肉']"
B023B09XDX,[],中餐,[],[],餐饮服务;中餐厅;湖南菜(湘菜),[],[],050108,0,[],西湖区,[],13685266224,B0J3TUK73G,古墩路588号印象城(杭州古墩路店)L2层L209,[],浙江省,diner,杭州市,201,"单人餐,双人餐,小炒黄牛肉,茄子擂辣椒皮蛋,现炒黄牛肉,辣椒炒肉",湘先生米小姐湖南小炒(古墩路印象城店),"120.099683,30.293715",[],[],[],,,TRUE,TRUE,FALSE,FALSE,餐饮服务;中餐厅;湖南菜(湘菜),餐饮服务,中餐厅,"['单人餐', '双人餐', '小炒黄牛肉', '茄子擂辣椒皮蛋', '现炒黄牛肉', '辣椒炒肉']"
B0I17ZPTKO,[],湘菜,[],[],餐饮服务;中餐厅;湖南菜(湘菜),[],[],050108,0,[],西湖区,[],15068795418,B0IGS7596Y,双龙街99号(浙大紫金港地铁站B2口步行270米),[],浙江省,diner,杭州市,202,"小炒四季豆,手抓羊排,湘绯金钱蛋,小炒黄牛肉,猪肉,擂辣椒皮蛋,湘绯经典双椒鱼头,辣椒炒肉,剁椒鱼头,小炒黄牛肉",湘绯·杭城拾佳湘菜(三深国际店),"120.075929,30.291604",[],[],[],,,TRUE,TRUE,FALSE,FALSE,餐饮服务;中餐厅;湖南菜(湘菜),餐饮服务,中餐厅,"['小炒四季豆', '手抓羊排', '湘绯金钱蛋', '小炒黄牛肉', '猪肉', '擂辣椒皮蛋', '湘绯经典双椒鱼头', '辣椒炒肉', '剁椒鱼头', '小炒黄牛肉']"
B0HG0SX6BO,[],湘菜,[],[],餐饮服务;中餐厅;中餐厅,[],[],050100,0,[],拱墅区,[],0571-85093299,B0MDG1RUU7,莫干山路813号杭州大悦城F6层,[],浙江省,diner,杭州市,202,[],费大厨辣椒炒肉(杭州大悦城店),"120.130484,30.301738",[],[],[],,,TRUE,TRUE,FALSE,FALSE,餐饮服务;中餐厅;中餐厅,餐饮服务,中餐厅,[]
B0HU3RZASB,[],湘菜,[],[],餐饮服务;中餐厅;湖南菜(湘菜),[],[],050108,0,[],余杭区,[],13758117084,B0J2N7BZX7,良渚街道杭行金座3-83-93-10,[],浙江省,diner,杭州市,202,"牛排骨/土猪肉暖锅,羊肉/猪肚鸡/牛腩仔排吊锅,小炒金钱蛋,香干辣椒肉丝,金钱蛋,小龙虾,擂辣椒皮蛋,长沙辣椒炒黑猪肉,辣椒炒肉,小炒黄牛肉,长沙臭豆腐,双人餐,羊肉",小苏哥·湘菜(杭行荟店),"120.118362,30.337719",[],[],[],,,TRUE,TRUE,FALSE,FALSE,餐饮服务;中餐厅;湖南菜(湘菜),餐饮服务,中餐厅,"['牛排骨/土猪肉暖锅', '羊肉/猪肚鸡/牛腩仔排吊锅', '小炒金钱蛋', '香干辣椒肉丝', '金钱蛋', '小龙虾', '擂辣椒皮蛋', '长沙辣椒炒黑猪肉', '辣椒炒肉', '小炒黄牛肉', '长沙臭豆腐', '双人餐', '羊肉']"
B0J05SS8Q7,[],湘菜,[],[],餐饮服务;中餐厅;中餐厅,[],[],050100,0,[],拱墅区,[],0571-86750710,B0JKL704KS,展览东路150号杭州中心L7层,[],浙江省,diner,杭州市,202,"擂辣椒皮蛋,鲜切现炒黄牛肉,小炒黄牛肉,辣椒炒肉,牛肉",洞庭3000里·乡野湖南菜(杭州中心店),"120.166029,30.272537",[],[],[],,,TRUE,TRUE,FALSE,FALSE,餐饮服务;中餐厅;中餐厅,餐饮服务,中餐厅,"['擂辣椒皮蛋', '鲜切现炒黄牛肉', '小炒黄牛肉', '辣椒炒肉', '牛肉']"
B0FFHBJOFN,[],湘菜,[],[],餐饮服务;中餐厅;湖南菜(湘菜),[],[],050108,0,[],拱墅区,[],0571-88031653,B0J2755OEW,延安路609号国大城市广场6楼,[],浙江省,diner,杭州市,202,"虾仁,小炒黄牛肉,特色菜,辣椒炒肉,辣椒炒肉,秘制剁椒鱼头",兰湘子·湘菜小炒(杭州国大店),"120.162826,30.269729",[],[],[],,,TRUE,TRUE,FALSE,FALSE,餐饮服务;中餐厅;湖南菜(湘菜),餐饮服务,中餐厅,"['虾仁', '小炒黄牛肉', '特色菜', '辣椒炒肉', '辣椒炒肉', '秘制剁椒鱼头']"
B023B0BQ65,[],中餐,[],[],餐饮服务;中餐厅;湖南菜(湘菜),[],[],050108,0,[],萧山区,[],13879953519,B0KRGMKWY5,山阴路688号萧山众安广场1楼(商场内)商场1号门2号门3号门5号门直行,[],浙江省,diner,杭州市,202,"单人餐,牛肉,小炒黄牛肉,双人餐,辣椒炒肉,现炒黄牛肉",湘先生米小姐(众安广场店),"120.261925,30.178275",[],[],[],,,TRUE,TRUE,FALSE,FALSE,餐饮服务;中餐厅;湖南菜(湘菜),餐饮服务,中餐厅,"['单人餐', '牛肉', '小炒黄牛肉', '双人餐', '辣椒炒肉', '现炒黄牛肉']"
B0FFI0VFCR,[],湘菜,[],[],餐饮服务;中餐厅;湖南菜(湘菜),[],[],050108,0,[],滨江区,[],[],B0MB97UM7R,火炬大道3867号滨江宝龙城L4层,[],浙江省,diner,杭州市,202,[],费大厨辣椒炒肉(滨江宝龙城店),"120.167603,30.187304",[],[],[],,,TRUE,TRUE,FALSE,FALSE,餐饮服务;中餐厅;湖南菜(湘菜),餐饮服务,中餐厅,[]
[],[],中餐,[],[],餐饮服务;中餐厅;湖南菜(湘菜),[],[],050108,0,[],西湖区,[],19157882156;19157899508,B0IUAAVRRL,三墩镇古墩路1009号龙湖杭州紫荆天街5层(电影院旁),[],浙江省,diner,杭州市,[],"牛肉,单人餐,双人餐,辣椒炒肉,老长沙臭豆腐,现炒黄牛肉,小炒黄牛肉",椿湘现炒下饭菜(紫荆天街店),"120.091853,30.320711",[],[],[],,,TRUE,TRUE,FALSE,FALSE,餐饮服务;中餐厅;湖南菜(湘菜),餐饮服务,中餐厅,"['牛肉', '单人餐', '双人餐', '辣椒炒肉', '老长沙臭豆腐', '现炒黄牛肉', '小炒黄牛肉']"
B023B0ACDU,[],湘菜,[],[],餐饮服务;中餐厅;湖南菜(湘菜),[],[],050108,0,[],滨江区,[],18072949031,B0FFI68KQI,火炬大道581号宝龙城旁三维大厦F1层,[],浙江省,diner,杭州市,202,"剁椒鱼头,辣椒炒肉,剁椒鱼头,小炒黄牛肉,牛肉,米粉,鱼头,长沙臭豆腐,臭豆腐,湘绯经典双椒鱼头",湘绯·杭城拾佳湘菜(滨江宝龙店),"120.164469,30.186640",[],[],[],,,TRUE,TRUE,FALSE,FALSE,餐饮服务;中餐厅;湖南菜(湘菜),餐饮服务,中餐厅,"['剁椒鱼头', '辣椒炒肉', '剁椒鱼头', '小炒黄牛肉', '牛肉', '米粉', '鱼头', '长沙臭豆腐', '臭豆腐', '湘绯经典双椒鱼头']"
B023B14O4S,[],湘菜,[],[],餐饮服务;中餐厅;中餐厅,[],[],050100,0,[],西湖区,[],19032284394,B0L2M1ZK6P,转塘街道美院南街89号2号楼107室,[],浙江省,diner,杭州市,320,双人餐,味道野的很·湖南山里菜(象山国际店),"120.079025,30.150225",[],[],[],,,TRUE,TRUE,FALSE,FALSE,餐饮服务;中餐厅;中餐厅,餐饮服务,中餐厅,['双人餐']
B0FFMEKR2Y,[],湘菜,[],[],餐饮服务;中餐厅;中餐厅,[],[],050100,0,[],萧山区,[],0571-82589277,B0HKVD5Q6G,通惠南路667号5F层525M,[],浙江省,diner,杭州市,202,双人餐,蛙来哒(萧山银泰店),"120.286619,30.144545",[],[],[],,,TRUE,TRUE,FALSE,FALSE,餐饮服务;中餐厅;中餐厅,餐饮服务,中餐厅,['双人餐']
B0FFFEVMTP,[],中餐,[],[],餐饮服务;中餐厅;湖南菜(湘菜),[],[],050108,0,[],西湖区,[],13148443679,B0K35P41IB,教工路26号世贸丽晶城欧美中心1号楼二楼湘先生米小姐,[],浙江省,diner,杭州市,202,"臭豆腐,长沙臭豆腐,双人餐",湘先生米小姐(EAC世贸丽晶城店),"120.137117,30.273712",[],[],[],,,TRUE,TRUE,FALSE,FALSE,餐饮服务;中餐厅;湖南菜(湘菜),餐饮服务,中餐厅,"['臭豆腐', '长沙臭豆腐', '双人餐']"
[],[],湘菜,[],[],餐饮服务;中餐厅;湖南菜(湘菜),[],[],050108,0,[],萧山区,[],13366101363;17758009626,B0I2YUVMBK,宁围街道裕龙路122号,[],浙江省,diner,杭州市,[],"豆腐,麻婆豆腐,臭豆腐,小炒黄牛肉,五花肉,土豆丝",湘小妹·湘菜馆(钱江世纪城店),"120.245248,30.241802",[],[],[],,,TRUE,TRUE,FALSE,FALSE,餐饮服务;中餐厅;湖南菜(湘菜),餐饮服务,中餐厅,"['豆腐', '麻婆豆腐', '臭豆腐', '小炒黄牛肉', '五花肉', '土豆丝']"
B0LDJHXOLT,[],湘菜,[],[],餐饮服务;中餐厅;中餐厅,[],[],050100,0,[],萧山区,[],17398007080,B0L2DS8HJR,盈丰街道亚奥万象天地L457,[],浙江省,diner,杭州市,202,"长沙臭豆腐,小炒黄牛肉,辣炒金钱蛋,小锅现蒸米饭",兰湘子·湘菜小炒(杭州亚奥万象天地店),"120.248014,30.256112",[],[],[],,,TRUE,TRUE,FALSE,FALSE,餐饮服务;中餐厅;中餐厅,餐饮服务,中餐厅,"['长沙臭豆腐', '小炒黄牛肉', '辣炒金钱蛋', '小锅现蒸米饭']"
B0G15UOZKY,[],私房菜,[],[],餐饮服务;中餐厅;湖南菜(湘菜),[],[],050108,0,[],淳安县,[],15268133561;18857156158,B0JA3UWUOW,文昌镇文昌路6一2号,[],浙江省,diner,杭州市,202,"爆炒花蛤,红烧鸡爪,爆炒蛏子,盐水毛豆,农家土鸡煲,葱油蛏子,糖醋里脊,葱油河蚌,生炒鸡,麻婆豆腐,蒜蓉空心菜,千岛湖有机鱼头汤,千岛野娇娇,酱爆茄子,丝瓜炒蛋,梅干菜玉米饼,双人餐,私房菜,酸菜鱼,农家土鸡煲",聚缘私房菜(千岛湖高铁站店),"119.189837,29.734112",[],[],[],,,TRUE,TRUE,FALSE,FALSE,餐饮服务;中餐厅;湖南菜(湘菜),餐饮服务,中餐厅,"['爆炒花蛤', '红烧鸡爪', '爆炒蛏子', '盐水毛豆', '农家土鸡煲', '葱油蛏子', '糖醋里脊', '葱油河蚌', '生炒鸡', '麻婆豆腐', '蒜蓉空心菜', '千岛湖有机鱼头汤', '千岛野娇娇', '酱爆茄子', '丝瓜炒蛋', '梅干菜玉米饼', '双人餐', '私房菜', '酸菜鱼', '农家土鸡煲']"
B0JU6M0J02,[],湘菜,[],[],餐饮服务;中餐厅;中餐厅,[],[],050100,0,[],上城区,[],19157799573,B0KD1K98K8,九沙大道国芳天街A馆2楼,[],浙江省,diner,杭州市,202,"老坛剁椒鱼头,豆腐,牛肉,辣椒炒肉",鹊拾湘·金奖现炒黄牛肉(国芳天街店),"120.272958,30.309259",[],[],[],,,TRUE,TRUE,FALSE,FALSE,餐饮服务;中餐厅;中餐厅,餐饮服务,中餐厅,"['老坛剁椒鱼头', '豆腐', '牛肉', '辣椒炒肉']"
B023B0BUJJ,[],湘菜,[],[],餐饮服务;中餐厅;湖南菜(湘菜),[],[],050108,0,[],滨江区,[],[],B0MA29SE12,长河街道滨康路363号(中国建设银行旁边),[],浙江省,diner,杭州市,320,[],湘约屋坎上·土家菜·湘西炊锅(聚才店),"120.194289,30.181070",[],[],[],,,TRUE,TRUE,FALSE,FALSE,餐饮服务;中餐厅;湖南菜(湘菜),餐饮服务,中餐厅,[]
B0FFG97JK0,[],中餐,[],[],餐饮服务;中餐厅;湖南菜(湘菜),[],[],050108,0,[],钱塘区,[],15821392016;18706261194,B0ID4YM1YA,金沙大道97号杭州金沙印象城L5层L5-07,[],浙江省,diner,杭州市,202,"小炒黄牛肉,辣椒炒肉,剁椒鱼头,现炒黄牛肉,茄子擂辣椒皮蛋,单人餐,双人餐",湘先生米小姐(金沙印象城店),"120.336784,30.308675",[],[],[],,,TRUE,TRUE,FALSE,FALSE,餐饮服务;中餐厅;湖南菜(湘菜),餐饮服务,中餐厅,"['小炒黄牛肉', '辣椒炒肉', '剁椒鱼头', '现炒黄牛肉', '茄子擂辣椒皮蛋', '单人餐', '双人餐']"
B0GD7A9AIE,[],湘菜,[],[],餐饮服务;中餐厅;湖南菜(湘菜),[],[],050108,0,[],西湖区,[],19967350673,B0KKZSMCSH,余杭塘路1001号龙湖杭州西溪天街F5层,[],浙江省,diner,杭州市,202,"招牌酱椒鱼头,现炒鲜牛肉（免辣版）,湖南名菜东安鸡,现炒鲜牛肉,辣椒炒肉（黑猪肉）,小炒黄牛肉,剁椒鱼头,现炒鲜牛肉,擂辣椒皮蛋,长沙臭豆腐,招牌酱椒鱼头,牛肉",巡湘记?乡野湖南菜(龙湖杭州西溪天街店),"120.068756,30.293997",[],[],[],,,TRUE,TRUE,FALSE,FALSE,餐饮服务;中餐厅;湖南菜(湘菜),餐饮服务,中餐厅,"['招牌酱椒鱼头', '现炒鲜牛肉（免辣版）', '湖南名菜东安鸡', '现炒鲜牛肉', '辣椒炒肉（黑猪肉）', '小炒黄牛肉', '剁椒鱼头', '现炒鲜牛肉', '擂辣椒皮蛋', '长沙臭豆腐', '招牌酱椒鱼头', '牛肉']"
B0FFMEKR2Y,[],湘菜,[],[],餐饮服务;中餐厅;湖南菜(湘菜),[],[],050108,0,[],萧山区,[],0571-82463216,B0KAGAR8P0,通惠南路667号萧山银泰5F,[],浙江省,diner,杭州市,202,"小锅现蒸米饭,长沙臭豆腐,酸辣鸡胗,湘西辣子鸡,小炒黄牛肉,辣炒金钱蛋,辣椒炒肉,鱿鱼,拌饭,泡菜,辣椒炒肉,鸡肉",兰湘子·湘菜小炒(杭州萧山银泰店),"120.286441,30.144213",[],[],[],,,TRUE,TRUE,FALSE,FALSE,餐饮服务;中餐厅;湖南菜(湘菜),餐饮服务,中餐厅,"['小锅现蒸米饭', '长沙臭豆腐', '酸辣鸡胗', '湘西辣子鸡', '小炒黄牛肉', '辣炒金钱蛋', '辣椒炒肉', '鱿鱼', '拌饭', '泡菜', '辣椒炒肉', '鸡肉']"
B023B1EV4I,[],湘菜,[],[],餐饮服务;中餐厅;湖南菜(湘菜),[],[],050108,0,[],上城区,[],0571-87201607;13170040096;13170040896,B0H1V5S657,中豪湘座2号楼一层号,[],浙江省,diner,杭州市,202,"小炒肉,小炒黄牛肉,土猪肉,爆米花,猪蹄,酸菜鱼",东厢记乌猪小炒肉,"120.212368,30.274030",[],[],[],,,TRUE,TRUE,FALSE,FALSE,餐饮服务;中餐厅;湖南菜(湘菜),餐饮服务,中餐厅,"['小炒肉', '小炒黄牛肉', '土猪肉', '爆米花', '猪蹄', '酸菜鱼']"
B0FFHOJC1B,[],湘菜,[],[],餐饮服务;中餐厅;中餐厅,[],[],050100,0,[],上城区,[],19157821952,B0FFKO1RU4,新风路619号汇和城4层4012,[],浙江省,diner,杭州市,201,"双人餐,剁椒鱼头",举炊·寻湘记·湖南菜(东站汇和城店),"120.204732,30.293711",[],[],[],,,TRUE,TRUE,FALSE,FALSE,餐饮服务;中餐厅;中餐厅,餐饮服务,中餐厅,"['双人餐', '剁椒鱼头']"
B0FFKX8Q5C,[],湘菜,[],[],餐饮服务;中餐厅;中餐厅,[],[],050100,0,[],西湖区,[],15336883886,B0K2PKFI8G,紫荆花北路316号宝港生活广场(肉本家旁边),[],浙江省,diner,杭州市,202,"招牌辣椒炒肉,盖饭,酸辣粉,面食,小炒黄牛肉,辣椒炒肉",盖饭邦·长沙菜馆(宝港生活广场店),"120.092562,30.306684",[],[],[],,,TRUE,TRUE,FALSE,FALSE,餐饮服务;中餐厅;中餐厅,餐饮服务,中餐厅,"['招牌辣椒炒肉', '盖饭', '酸辣粉', '面食', '小炒黄牛肉', '辣椒炒肉']"
B0FFI0VFCR,[],湘菜,[],[],餐饮服务;中餐厅;中餐厅,[],[],050100,0,[],滨江区,[],19817112865,B0IKU544VP,滨盛路3867号宝龙商场内1号楼4楼湘先生米小姐,[],浙江省,diner,杭州市,202,"老长沙臭豆腐,小炒黄牛肉,辣椒炒肉,现炒黄牛肉,双人餐",湘先生米小姐(滨江宝龙店),"120.167010,30.188121",[],[],[],,,TRUE,TRUE,FALSE,FALSE,餐饮服务;中餐厅;中餐厅,餐饮服务,中餐厅,"['老长沙臭豆腐', '小炒黄牛肉', '辣椒炒肉', '现炒黄牛肉', '双人餐']"
B0G1PYI6MQ,[],湘菜,[],[],餐饮服务;中餐厅;湖南菜(湘菜),[],[],050108,0,[],余杭区,[],17300908322,B0I0SAH79O,华夏之心14幢301、302、303(外街东面观光梯上三楼即可),[],浙江省,diner,杭州市,202,"辣椒炒肉,小炒黄牛肉,剁椒鱼头,小炒黄牛肉,湘绯双椒鱼头,辣椒炒肉",湘绯(华夏之心店),"120.003916,30.282895",[],[],[],,,TRUE,TRUE,FALSE,FALSE,餐饮服务;中餐厅;湖南菜(湘菜),餐饮服务,中餐厅,"['辣椒炒肉', '小炒黄牛肉', '剁椒鱼头', '小炒黄牛肉', '湘绯双椒鱼头', '辣椒炒肉']"
B0GD7A9AIE,[],湘菜,[],[],餐饮服务;中餐厅;湖南菜(湘菜),[],[],050108,0,[],西湖区,[],15191406302,B0K67A1SYE,蒋村街道余杭塘路花蒋天街商业中心2号楼5层14、15号,[],浙江省,diner,杭州市,202,"长沙臭豆腐,小锅现蒸米饭,小炒黄牛肉,辣炒金钱蛋,炸鸡,红烧肉,家常菜,工作餐,薯条,豆花,辣椒炒肉,小炒肉,辣子鸡,鸡爪,辣椒炒肉,长沙臭豆腐",兰湘子·湘菜小炒(杭州西溪龙湖天街店),"120.068957,30.293962",[],[],[],,,TRUE,TRUE,FALSE,FALSE,餐饮服务;中餐厅;湖南菜(湘菜),餐饮服务,中餐厅,"['长沙臭豆腐', '小锅现蒸米饭', '小炒黄牛肉', '辣炒金钱蛋', '炸鸡', '红烧肉', '家常菜', '工作餐', '薯条', '豆花', '辣椒炒肉', '小炒肉', '辣子鸡', '鸡爪', '辣椒炒肉', '长沙臭豆腐']"
B0FFF33YR7,[],湘菜,[],[],餐饮服务;中餐厅;湖南菜(湘菜),[],[],050108,0,[],萧山区,[],0571-88237690,B0HKDZVT5G,金鸡路2388号,[],浙江省,diner,杭州市,202,"小炒黄牛肉,小炒黄牛肉,臭豆腐,鱿鱼,牛肉,鸡爪",大嘴巴湘菜馆·干煸小龙虾(钱江世纪城店),"120.239159,30.236619",[],[],[],,,TRUE,TRUE,FALSE,FALSE,餐饮服务;中餐厅;湖南菜(湘菜),餐饮服务,中餐厅,"['小炒黄牛肉', '小炒黄牛肉', '臭豆腐', '鱿鱼', '牛肉', '鸡爪']"
B0FFJ62XXT,[],湘菜,[],[],餐饮服务;中餐厅;湖南菜(湘菜),[],[],050108,0,[],萧山区,[],17621599147,B0LRUZCMRO,盈丰街道飞虹路1408号汇德隆印象城5层26号,[],浙江省,diner,杭州市,201,"现炒鲜牛肉,湖南名菜东安鸡,现炒鲜牛肉（免辣版）,招牌酱椒鱼头,东安鸡",巡湘记?乡野湖南菜(杭州奥体印象城店),"120.252709,30.223732",[],[],[],,,TRUE,TRUE,FALSE,FALSE,餐饮服务;中餐厅;湖南菜(湘菜),餐饮服务,中餐厅,"['现炒鲜牛肉', '湖南名菜东安鸡', '现炒鲜牛肉（免辣版）', '招牌酱椒鱼头', '东安鸡']"
B0JBOZK0P9,[],湘菜,[],[],餐饮服务;中餐厅;中餐厅,[],[],050100,0,[],滨江区,[],18969106134,B0LRKYGU9O,滨江宝龙城B1(诚业路地铁站C口步行100米),[],浙江省,diner,杭州市,202,"双人餐,小铁锅辣椒炒肉",元气考拉·湖南小炒(滨江宝龙城店),"120.168625,30.187075",[],[],[],,,TRUE,TRUE,FALSE,FALSE,餐饮服务;中餐厅;中餐厅,餐饮服务,中餐厅,"['双人餐', '小铁锅辣椒炒肉']"
B0FFF5NWC1,[],中餐,[],[],餐饮服务;中餐厅;中餐厅,[],[],050100,0,[],上城区,[],[],B0JK77PS98,季青街道城星路111号铸江时代广场,[],浙江省,diner,杭州市,202,"小炒黄牛肉,辣椒炒肉,香香炸脆皮大肠",王小赞·现炒湖南菜(钱江时代广场店),"120.206239,30.240462",[],[],[],,,TRUE,TRUE,FALSE,FALSE,餐饮服务;中餐厅;中餐厅,餐饮服务,中餐厅,"['小炒黄牛肉', '辣椒炒肉', '香香炸脆皮大肠']"
B023B14NK3,[],湘菜,[],[],餐饮服务;快餐厅;快餐厅,[],[],050300,0,[],上城区,[],18482006515,B0LU7S0V26,延安路西湖银泰负一楼大米先生(coco奶茶对面),[],浙江省,diner,杭州市,201,畅销辣椒炒肉,大米先生(西湖银泰百货店),"120.165989,30.243523",[],[],[],,,TRUE,TRUE,FALSE,FALSE,餐饮服务;快餐厅;快餐厅,餐饮服务,快餐厅,['畅销辣椒炒肉']
B0FFF3Z0H7,[],湘菜,[],[],餐饮服务;中餐厅;湖南菜(湘菜),[],[],050108,0,[],钱塘区,[],0571-88061390,B0JGCAKNUC,金沙大道560号龙湖天街商场4楼010号,[],浙江省,diner,杭州市,201,"长沙臭豆腐,酸辣鸡胗,湘西辣子鸡,小炒黄牛肉,辣炒金钱蛋,小锅现蒸米饭,臭豆腐,鸡翅,辣椒炒肉,酸菜鱼,辣椒炒肉,土豆丝,牛肉",兰湘子·湘菜小炒(杭州下沙龙湖天街店),"120.327304,30.310248",[],[],[],,,TRUE,TRUE,FALSE,FALSE,餐饮服务;中餐厅;湖南菜(湘菜),餐饮服务,中餐厅,"['长沙臭豆腐', '酸辣鸡胗', '湘西辣子鸡', '小炒黄牛肉', '辣炒金钱蛋', '小锅现蒸米饭', '臭豆腐', '鸡翅', '辣椒炒肉', '酸菜鱼', '辣椒炒肉', '土豆丝', '牛肉']"
B0JB166H4V,[],湘菜,[],[],餐饮服务;餐饮相关场所;餐饮相关,[],[],050000,0,[],临平区,[],15381093458,B0H0JSTAHF,南苑街32号西子国际3号楼1-2层,[],浙江省,diner,杭州市,202,"工作餐,辣椒炒肉,霸王剁椒鱼头,小火锅,小炒黄牛肉",湘粤江南(西子国际店),"120.302299,30.401061",[],[],[],,,TRUE,TRUE,FALSE,FALSE,餐饮服务;餐饮相关场所;餐饮相关,餐饮服务,餐饮相关场所,"['工作餐', '辣椒炒肉', '霸王剁椒鱼头', '小火锅', '小炒黄牛肉']"
B0G29HN4CH,[],湘菜,[],[],餐饮服务;中餐厅;湖南菜(湘菜),[],[],050108,0,[],上城区,[],15395836078,B0IKUZ17F1,大农港路1238-1278号西子丁兰广场F1层,[],浙江省,diner,杭州市,202,"湘西土匪猪肝,双人餐,擂辣椒皮蛋,小炒黄牛肉,辣椒炒肉",举炊·寻湘记·湖南菜(西子丁兰广场店),"120.207617,30.350237",[],[],[],,,TRUE,TRUE,FALSE,FALSE,餐饮服务;中餐厅;湖南菜(湘菜),餐饮服务,中餐厅,"['湘西土匪猪肝', '双人餐', '擂辣椒皮蛋', '小炒黄牛肉', '辣椒炒肉']"
B0H6VHFWQ7,[],中餐,[],[],餐饮服务;中餐厅;湖南菜(湘菜),[],[],050108,0,[],余杭区,[],15731714608,B0J2MR0GP7,文一西路961号阿里巴巴西溪亲橙里3F层6310,[],浙江省,diner,杭州市,201,"单人餐,土匪猪肝,辣椒炒肉,双人餐,老长沙臭豆腐",湘先生米小姐(亲橙里购物中心店),"120.029819,30.281329",[],[],[],,,TRUE,TRUE,FALSE,FALSE,餐饮服务;中餐厅;湖南菜(湘菜),餐饮服务,中餐厅,"['单人餐', '土匪猪肝', '辣椒炒肉', '双人餐', '老长沙臭豆腐']"
[],[],湘菜,[],[],餐饮服务;餐饮相关场所;餐饮相关,[],[],050000,0,[],滨江区,[],15355064120,B0LBFDYL5T,闻涛路1852-11号,[],浙江省,diner,杭州市,[],"擂辣椒皮蛋,板凳家辣椒炒肉,老长沙臭豆腐",只有板凳长·湖南山里菜,"120.197421,30.209078",[],[],[],,,TRUE,TRUE,FALSE,FALSE,餐饮服务;餐饮相关场所;餐饮相关,餐饮服务,餐饮相关场所,"['擂辣椒皮蛋', '板凳家辣椒炒肉', '老长沙臭豆腐']"
B0I1X6E4LN,[],湘菜,[],[],餐饮服务;中餐厅;中餐厅,[],[],050100,0,[],萧山区,[],0571-83527587,B0FFJQ21EE,北干街道市心中路268汇德隆银隆B座4楼,[],浙江省,diner,杭州市,202,牛蛙,蛙小侠(银隆B座店),"120.268035,30.170790",[],[],[],,,TRUE,TRUE,FALSE,FALSE,餐饮服务;中餐厅;中餐厅,餐饮服务,中餐厅,['牛蛙']
B0J0JSKDUC,[],湘菜,[],[],餐饮服务;中餐厅;中餐厅,[],[],050100,0,[],萧山区,[],15268126607,B0G0FZ9GHX,金城路927号杭州萧山万象汇F2层,[],浙江省,diner,杭州市,320,"木桶饭,虎皮鸡爪,辣子鸡,鱼香肉丝",原香木桶饭川湘菜馆(萧山万象汇店),"120.269562,30.182248",[],[],[],,,TRUE,TRUE,FALSE,FALSE,餐饮服务;中餐厅;中餐厅,餐饮服务,中餐厅,"['木桶饭', '虎皮鸡爪', '辣子鸡', '鱼香肉丝']"
B0J3RATWIE,[],湘菜,[],[],餐饮服务;中餐厅;湖南菜(湘菜),[],[],050108,0,[],拱墅区,[],0571-82750350,B0KK67K7JI,石桥街道杭玻街368号华丰时代城1幢3018室拱墅吾悦广场3楼3018铺位,[],浙江省,diner,杭州市,202,"长沙臭豆腐,小炒黄牛肉,辣炒金钱蛋,小炒牛肉,酸辣鸡胗,香煎酥皮鲈鱼,一品鲜虾豆花,小锅现蒸米饭,招牌辣椒炒肉,工作餐",兰湘子·湘菜小炒(杭州拱墅吾悦店),"120.210575,30.343425",[],[],[],,,TRUE,TRUE,FALSE,FALSE,餐饮服务;中餐厅;湖南菜(湘菜),餐饮服务,中餐厅,"['长沙臭豆腐', '小炒黄牛肉', '辣炒金钱蛋', '小炒牛肉', '酸辣鸡胗', '香煎酥皮鲈鱼', '一品鲜虾豆花', '小锅现蒸米饭', '招牌辣椒炒肉', '工作餐']"
[],[],湘菜,[],[],餐饮服务;中餐厅;中餐厅,[],[],050100,0,[],西湖区,[],15355816887,B0LUVUD9DA,文一路294号101-6,[],浙江省,diner,杭州市,[],"双人餐,白辣椒炒肉,小炒黄牛肉",举炊·寻湘记·湖南菜(大象城店),"120.123959,30.288390",[],[],[],,,TRUE,TRUE,FALSE,FALSE,餐饮服务;中餐厅;中餐厅,餐饮服务,中餐厅,"['双人餐', '白辣椒炒肉', '小炒黄牛肉']"
B0FFLH9F7T,[],中餐,[],[],餐饮服务;中餐厅;中餐厅,[],[],050100,0,[],上城区,[],13396559560,B0KDUARLLL,和兴路129号,[],浙江省,diner,杭州市,202,"双人餐,牛肉,小炒黄牛肉,现炒黄牛肉",朝天椒·现炒黄牛肉(杭州东站万象汇店),"120.217065,30.294289",[],[],[],,,TRUE,TRUE,FALSE,FALSE,餐饮服务;中餐厅;中餐厅,餐饮服务,中餐厅,"['双人餐', '牛肉', '小炒黄牛肉', '现炒黄牛肉']"
B0FFLNKIBK,[],湘菜,[],[],餐饮服务;中餐厅;湖南菜(湘菜),[],[],050108,0,[],滨江区,[],0571-82208218;18069770931,B0JB1LKD99,西兴路2333号星澜里F1层,[],浙江省,diner,杭州市,202,"长沙辣椒小炒肉,土家腊猪蹄火锅,艾叶粑粑,野山椒爆炒黄牛肉,大蒜炒精品五花腊肉,鸿运当头,老坛剁椒鱼头王,湘潭水煮活鱼,干锅香辣虾,洞庭生态大甲鱼,洪湖粉藕汤,长沙臭豆腐,毛式红烧肉,小炒黄牛肉,口味虾,农家小炒肉,老坛剁椒鱼头王,小炒黄牛肉,长沙口味小龙虾,长沙臭豆腐,辣椒炒肉,青团",湘宜艺术餐厅(星澜里店),"120.222038,30.214907",[],[],[],,,TRUE,TRUE,FALSE,FALSE,餐饮服务;中餐厅;湖南菜(湘菜),餐饮服务,中餐厅,"['长沙辣椒小炒肉', '土家腊猪蹄火锅', '艾叶粑粑', '野山椒爆炒黄牛肉', '大蒜炒精品五花腊肉', '鸿运当头', '老坛剁椒鱼头王', '湘潭水煮活鱼', '干锅香辣虾', '洞庭生态大甲鱼', '洪湖粉藕汤', '长沙臭豆腐', '毛式红烧肉', '小炒黄牛肉', '口味虾', '农家小炒肉', '老坛剁椒鱼头王', '小炒黄牛肉', '长沙口味小龙虾', '长沙臭豆腐', '辣椒炒肉', '青团']"
B023B0A4ZD,[],湘菜,[],[],餐饮服务;中餐厅;湖南菜(湘菜),[],[],050108,0,[],上城区,[],17757183757,B0LD3UJR57,富春路701号万象城一期B2层B221,[],浙江省,diner,杭州市,202,[],芙蓉霄·湘(杭州首店),"120.215225,30.251575",[],[],[],,,TRUE,TRUE,FALSE,FALSE,餐饮服务;中餐厅;湖南菜(湘菜),餐饮服务,中餐厅,[]
B023B1BBA0,[],湘菜,[],[],餐饮服务;中餐厅;湖南菜(湘菜),[],[],050108,0,[],滨江区,[],0571-86027579,B0L11SL2JM,江南大道3780号元天科技大楼A座1层(原上菜呷饭),[],浙江省,diner,杭州市,202,[],大嘴巴湘菜馆·干煸小龙虾(杭州彩虹城店),"120.162308,30.185572",[],[],[],,,TRUE,TRUE,FALSE,FALSE,餐饮服务;中餐厅;湖南菜(湘菜),餐饮服务,中餐厅,[]
B0FFKH01IG,[],湘菜,[],[],餐饮服务;中餐厅;中餐厅,[],[],050100,0,[],余杭区,[],0571-88645810,B0J0N59HPZ,良渚街道杭行路1499号万象城5楼L511号,[],浙江省,diner,杭州市,202,"小锅现蒸米饭,长沙臭豆腐,酸辣鸡胗,小炒黄牛肉,辣炒金钱蛋,鸡肉,拌饭,辣椒炒肉,辣椒炒肉,长沙臭豆腐,擂辣椒皮蛋,秘制剁椒鱼头,擂椒茄子皮蛋",兰湘子·湘菜小炒(杭州城北万象城店),"120.113124,30.352350",[],[],[],,,TRUE,TRUE,FALSE,FALSE,餐饮服务;中餐厅;中餐厅,餐饮服务,中餐厅,"['小锅现蒸米饭', '长沙臭豆腐', '酸辣鸡胗', '小炒黄牛肉', '辣炒金钱蛋', '鸡肉', '拌饭', '辣椒炒肉', '辣椒炒肉', '长沙臭豆腐', '擂辣椒皮蛋', '秘制剁椒鱼头', '擂椒茄子皮蛋']"
[],[],私房菜,[],[],餐饮服务;中餐厅;湖南菜(湘菜),[],[],050108,0,[],余杭区,[],19012832885,B0L6O7J2XE,余杭塘路1号,[],浙江省,diner,杭州市,[],"老坛剁椒鱼头,小炒黄牛肉,农家小炒肉,鸡汁土笋,砂锅将军鸭,梅菜扣肉,小炒黄牛肉,香辣小龙虾,双人餐,口味虾,老坛剁椒鱼头",湖南人家私房菜馆(上尚城店),"119.988794,30.279194",[],[],[],,,TRUE,TRUE,FALSE,FALSE,餐饮服务;中餐厅;湖南菜(湘菜),餐饮服务,中餐厅,"['老坛剁椒鱼头', '小炒黄牛肉', '农家小炒肉', '鸡汁土笋', '砂锅将军鸭', '梅菜扣肉', '小炒黄牛肉', '香辣小龙虾', '双人餐', '口味虾', '老坛剁椒鱼头']"
B023B1AD0J,[],小吃快餐,[],[],餐饮服务;餐饮相关场所;餐饮相关,[],[],050000,0,[],钱塘区,[],0571-86505693,B0HGJUIEEQ,科技园路2号科技园大厦F1层,[],浙江省,diner,杭州市,202,"香辣炒鸡,青花椒炒鸡,小炒牛肉手擀拌面,金牌炒鸡煲,红烧东坡肉炒鸡,泡面炒鸡,酸菜炒鸡,辣椒炒鸡手擀拌面,辣椒炒肉手擀拌面,骨汤鱼片鲜蔬锅,辣椒炒肉",小禾山·大碗饭(科技园店),"120.368732,30.303000",[],[],[],,,TRUE,TRUE,FALSE,FALSE,餐饮服务;餐饮相关场所;餐饮相关,餐饮服务,餐饮相关场所,"['香辣炒鸡', '青花椒炒鸡', '小炒牛肉手擀拌面', '金牌炒鸡煲', '红烧东坡肉炒鸡', '泡面炒鸡', '酸菜炒鸡', '辣椒炒鸡手擀拌面', '辣椒炒肉手擀拌面', '骨汤鱼片鲜蔬锅', '辣椒炒肉']"
B0IR65MVM4,[],湘菜,[],[],餐饮服务;中餐厅;中餐厅,[],[],050100,0,[],滨江区,[],[],B0KBO5EEZM,启智街475号银泰百货C区B1层,[],浙江省,diner,杭州市,202,"长沙臭豆腐,辣椒炒肉,吊龙,小炒黄牛肉,现切现炒黄牛肉",鹊拾湘·金奖现炒黄牛肉(滨江银泰店),"120.223976,30.202297",[],[],[],,,TRUE,TRUE,FALSE,FALSE,餐饮服务;中餐厅;中餐厅,餐饮服务,中餐厅,"['长沙臭豆腐', '辣椒炒肉', '吊龙', '小炒黄牛肉', '现切现炒黄牛肉']"
B0HG0SX6BO,[],家常菜,[],[],餐饮服务;餐饮相关场所;餐饮相关,[],[],050000,0,[],拱墅区,[],13310109978,B0LGR5B744,祥符街道杭悦商业中心4幢159室,[],浙江省,diner,杭州市,202,双人餐,老六小炒肉(杭州大悦城店),"120.129842,30.300072",[],[],[],,,TRUE,TRUE,FALSE,FALSE,餐饮服务;餐饮相关场所;餐饮相关,餐饮服务,餐饮相关场所,['双人餐']
B0G1PCL48J,[],中餐,[],[],餐饮服务;中餐厅;湖南菜(湘菜),[],[],050108,0,[],上城区,[],13486399401;15736837866,B0J03AXZ48,七堡花园城三楼湘先生米小姐,[],浙江省,diner,杭州市,202,"现炒黄牛肉,小炒黄牛肉,双人餐,辣椒炒肉,单人餐,擂辣椒皮蛋",湘先生米小姐(杭州七堡花园城店),"120.242320,30.300014",[],[],[],,,TRUE,TRUE,FALSE,FALSE,餐饮服务;中餐厅;湖南菜(湘菜),餐饮服务,中餐厅,"['现炒黄牛肉', '小炒黄牛肉', '双人餐', '辣椒炒肉', '单人餐', '擂辣椒皮蛋']"
B0FFF5YOCE,[],湘菜,[],[],餐饮服务;中餐厅;湖南菜(湘菜),[],[],050108,0,[],余杭区,[],15382306117,B0FFGKDZY9,逸盛路168号,[],浙江省,diner,杭州市,201,"汽锅鱼头王,陈醋凤爪,臭豆腐,橙汁,湘西土匪鸡,当家肉,鱼头,一品过江鱼,爽口野菜,干锅手撕包菜,腊味三蒸,红糖发糕,清蒸龙利鱼,酸豆角肉沫,土匪猪肝,青椒攸县香干,牛肉",溢湘堂湖南山里味(上亿彩虹郡店),"120.115152,30.378200",[],[],[],,,TRUE,TRUE,FALSE,FALSE,餐饮服务;中餐厅;湖南菜(湘菜),餐饮服务,中餐厅,"['汽锅鱼头王', '陈醋凤爪', '臭豆腐', '橙汁', '湘西土匪鸡', '当家肉', '鱼头', '一品过江鱼', '爽口野菜', '干锅手撕包菜', '腊味三蒸', '红糖发糕', '清蒸龙利鱼', '酸豆角肉沫', '土匪猪肝', '青椒攸县香干', '牛肉']"
B023B0A4ZD,[],湘菜,[],[],餐饮服务;餐饮相关场所;餐饮相关,[],[],050000,1,[],上城区,[],0571-86939580,B0K27A4N52,万象城5楼溜冰场楼上(江锦路地铁站B3口旁),[],浙江省,diner,杭州市,202,"工作餐,小炒黄牛肉,鲜切现炒黄牛肉,擂辣椒皮蛋",洞庭3000里·乡野湖南菜,"120.215789,30.251573",[],[],[],,,TRUE,TRUE,FALSE,FALSE,餐饮服务;餐饮相关场所;餐饮相关,餐饮服务,餐饮相关场所,"['工作餐', '小炒黄牛肉', '鲜切现炒黄牛肉', '擂辣椒皮蛋']"
[],[],湘菜,[],[],餐饮服务;中餐厅;中餐厅,[],[],050100,0,[],拱墅区,[],0571-87062598;19105813558,B0LK2UQZMZ,城西银泰4层,[],浙江省,diner,杭州市,[],土菜,农耕记·湖南土菜(杭州城西银泰城店),"120.107610,30.299456",[],[],[],,,TRUE,TRUE,FALSE,FALSE,餐饮服务;中餐厅;中餐厅,餐饮服务,中餐厅,['土菜']
B0JRFCSVRF,[],湘菜,[],[],餐饮服务;中餐厅;湖南菜(湘菜),[],[],050108,0,[],上城区,[],17385650084,B0M63U8VCO,九堡街道科城街368号杭州上城天街A-5F-18号,[],浙江省,diner,杭州市,202,[],兰湘子·湘菜小炒(杭州上城龙湖天街店),"120.277675,30.330725",[],[],[],,,TRUE,TRUE,FALSE,FALSE,餐饮服务;中餐厅;湖南菜(湘菜),餐饮服务,中餐厅,[]
B0FFKH01IG,[],湘菜,[],[],餐饮服务;中餐厅;湖南菜(湘菜),[],[],050108,0,[],余杭区,[],18106567919,B0L1JZ727L,杭行路1499号杭州城北万象城L5层,[],浙江省,diner,杭州市,202,"现炒鲜牛肉,辣椒炒肉（黑猪肉）,湖南名菜东安鸡,现炒鲜牛肉（免辣版）,招牌酱椒鱼头,黑猪肉,辣椒炒肉",巡湘记?乡野湖南菜(城北万象城店),"120.112557,30.351598",[],[],[],,,TRUE,TRUE,FALSE,FALSE,餐饮服务;中餐厅;湖南菜(湘菜),餐饮服务,中餐厅,"['现炒鲜牛肉', '辣椒炒肉（黑猪肉）', '湖南名菜东安鸡', '现炒鲜牛肉（免辣版）', '招牌酱椒鱼头', '黑猪肉', '辣椒炒肉']"
B023B18JQ2,[],湘菜,[],[],餐饮服务;中餐厅;湖南菜(湘菜),[],[],050108,0,[],萧山区,[],[],B0FFK69M5M,建设一路11-10号一层,[],浙江省,diner,杭州市,320,"农家小炒肉,辣椒炒肉,小炒黄牛肉",湘府湘菜馆(天海阳光地带店),"120.284425,30.193023",[],[],[],,,TRUE,TRUE,FALSE,FALSE,餐饮服务;中餐厅;湖南菜(湘菜),餐饮服务,中餐厅,"['农家小炒肉', '辣椒炒肉', '小炒黄牛肉']"
[],[],湘菜,[],[],餐饮服务;中餐厅;湖南菜(湘菜),[],[],050108,0,[],萧山区,[],18413259436,B0LBO64PWW,闻兴路与水田畈路交叉口南140米,[],浙江省,diner,杭州市,[],"双人餐,小龙虾,辣椒炒肉,剁椒鱼头",不忘湘·精致湘菜·小龙虾(闻堰老街店),"120.170099,30.126065",[],[],[],,,TRUE,TRUE,FALSE,FALSE,餐饮服务;中餐厅;湖南菜(湘菜),餐饮服务,中餐厅,"['双人餐', '小龙虾', '辣椒炒肉', '剁椒鱼头']"
B0FFI31CNG,[],湘菜,[],[],餐饮服务;中餐厅;湖南菜(湘菜),[],[],050108,0,[],滨江区,[],[],B0L0TLB4HH,滨江龙湖天街4层(江汉路地铁站D口步行450米),[],浙江省,diner,杭州市,202,[],巡湘记 乡野湖南菜(龙湖杭州滨江天街店),"120.203896,30.200745",[],[],[],,,TRUE,TRUE,FALSE,FALSE,餐饮服务;中餐厅;湖南菜(湘菜),餐饮服务,中餐厅,[]
B023B07HTH,[],中餐,[],[],餐饮服务;中餐厅;湖南菜(湘菜),[],[],050108,0,[],临安区,[],17630329238,B0K15APLV0,城中街临安人民广场B1层003-1号(肯德基斜对面),[],浙江省,diner,杭州市,302,牛肉,湘先生米小姐(临安人民广场店),"119.707742,30.227219",[],[],[],,,TRUE,TRUE,FALSE,FALSE,餐饮服务;中餐厅;湖南菜(湘菜),餐饮服务,中餐厅,['牛肉']
[],[],川菜,[],[],餐饮服务;中餐厅;中餐厅,[],[],050100,0,[],西湖区,[],15057110468,B0FFIK76OR,转塘街道象山路之江商务中心1号楼104室,[],浙江省,diner,杭州市,[],"茄子,红糖糍粑,蟹黄,小炒黄牛肉,豆腐,老坛酸菜鱼",東禧张大厨老坛柠檬鱼(首尔印象店),"120.071870,30.141603",[],[],[],,,TRUE,TRUE,FALSE,FALSE,餐饮服务;中餐厅;中餐厅,餐饮服务,中餐厅,"['茄子', '红糖糍粑', '蟹黄', '小炒黄牛肉', '豆腐', '老坛酸菜鱼']"
B0FFG7Y0P1,[],湘菜,[],[],餐饮服务;中餐厅;中餐厅,[],[],050100,0,[],余杭区,[],[],B0K0L7SUPS,古墩路1888号永旺梦乐城杭州良渚新城店2F层,[],浙江省,diner,杭州市,202,"老坛剁椒鱼头,现切现炒黄牛肉,小炒黄牛肉,辣椒炒肉,吊龙",鹊拾湘·金奖现炒黄牛肉(良渚永旺店),"120.057694,30.360320",[],[],[],,,TRUE,TRUE,FALSE,FALSE,餐饮服务;中餐厅;中餐厅,餐饮服务,中餐厅,"['老坛剁椒鱼头', '现切现炒黄牛肉', '小炒黄牛肉', '辣椒炒肉', '吊龙']"
[],[],湘菜,[],[],餐饮服务;中餐厅;湖南菜(湘菜),[],[],050108,1,[],萧山区,[],13173686825,B0JUOM59CK,明星路457号(明星路地铁站B口步行180米),[],浙江省,diner,杭州市,[],"工作餐,辣椒炒肉,小炒黄牛肉,排骨,牛肉",叭嘴湘·湖南下饭菜(乐创城店),"120.248867,30.205700",[],[],[],,,TRUE,TRUE,FALSE,FALSE,餐饮服务;中餐厅;湖南菜(湘菜),餐饮服务,中餐厅,"['工作餐', '辣椒炒肉', '小炒黄牛肉', '排骨', '牛肉']"
B0J6ZCT80M,[],湘菜,[],[],餐饮服务;中餐厅;湖南菜(湘菜),[],[],050108,0,[],拱墅区,[],13279469709,B0KDO1XBNU,春蓝路288号杭州拱墅宝龙广场F3层,[],浙江省,diner,杭州市,202,"小锅现蒸米饭,小炒黄牛肉,辣炒金钱蛋,长沙臭豆腐,酸辣鸡胗,湘西辣子鸡,鸡肉,豆腐",兰湘子·湘菜小炒(杭州拱墅宝龙广场店),"120.179073,30.341192",[],[],[],,,TRUE,TRUE,FALSE,FALSE,餐饮服务;中餐厅;湖南菜(湘菜),餐饮服务,中餐厅,"['小锅现蒸米饭', '小炒黄牛肉', '辣炒金钱蛋', '长沙臭豆腐', '酸辣鸡胗', '湘西辣子鸡', '鸡肉', '豆腐']"
B0FFG4FNXR,[],湘菜,[],[],餐饮服务;中餐厅;中餐厅,[],[],050100,0,[],萧山区,[],0571-82027077,B0KRCB50KO,金城路927号杭州萧山万象汇L4层,[],浙江省,diner,杭州市,201,"辣椒炒肉,鸡爪,拌饭,酥肉,小炒黄牛肉,小炒鲜牛肉,干锅肥肠,费大厨辣椒炒肉",费大厨辣椒炒肉(萧山万象汇店),"120.267612,30.181785",[],[],[],,,TRUE,TRUE,FALSE,FALSE,餐饮服务;中餐厅;中餐厅,餐饮服务,中餐厅,"['辣椒炒肉', '鸡爪', '拌饭', '酥肉', '小炒黄牛肉', '小炒鲜牛肉', '干锅肥肠', '费大厨辣椒炒肉']"
B0HKA7JW2U,[],湘菜,[],[],餐饮服务;中餐厅;湖南菜(湘菜),[],[],050108,0,[],钱塘区,[],15257189923,B0KDJS7Y0F,义蓬街道青六中路667号永旺梦乐城1F永旺梦乐城杭州钱塘店F4,[],浙江省,diner,杭州市,201,"小锅现蒸米饭,小炒黄牛肉,辣炒金钱蛋,长沙臭豆腐,拌饭,辣椒炒肉,小炒牛肉,臭豆腐,小炒黄牛肉",兰湘子·湘菜小炒(杭州钱塘永旺梦乐城店),"120.483940,30.262736",[],[],[],,,TRUE,TRUE,FALSE,FALSE,餐饮服务;中餐厅;湖南菜(湘菜),餐饮服务,中餐厅,"['小锅现蒸米饭', '小炒黄牛肉', '辣炒金钱蛋', '长沙臭豆腐', '拌饭', '辣椒炒肉', '小炒牛肉', '臭豆腐', '小炒黄牛肉']"
B0FFFAMY3E,[],湘菜,[],[],餐饮服务;中餐厅;湖南菜(湘菜),[],[],050108,0,[],临平区,[],18552056620,B0K31RSD29,临平街道荷禹路105号万达广场F4,[],浙江省,diner,杭州市,202,"小锅现蒸米饭,小炒黄牛肉,辣炒金钱蛋,长沙臭豆腐,酸辣鸡胗,湘西辣子鸡,辣椒炒肉",兰湘子·湘菜小炒(杭州临平万达店),"120.283608,30.432658",[],[],[],,,TRUE,TRUE,FALSE,FALSE,餐饮服务;中餐厅;湖南菜(湘菜),餐饮服务,中餐厅,"['小锅现蒸米饭', '小炒黄牛肉', '辣炒金钱蛋', '长沙臭豆腐', '酸辣鸡胗', '湘西辣子鸡', '辣椒炒肉']"
B0FFF3Z0H7,[],湘菜,[],[],餐饮服务;中餐厅;湖南菜(湘菜),[],[],050108,0,[],钱塘区,[],15558117998,B0LKYB39II,金沙大道560号龙湖杭州金沙天街L4层,[],浙江省,diner,杭州市,202,[],巡湘记·乡野湖南菜(杭州金沙龙湖店),"120.326714,30.310252",[],[],[],,,TRUE,TRUE,FALSE,FALSE,餐饮服务;中餐厅;湖南菜(湘菜),餐饮服务,中餐厅,[]
B0FFH2VWTH,[],湘菜,[],[],餐饮服务;中餐厅;中餐厅,[],[],050100,0,[],上城区,[],18505817996,B0M6N7EYOG,来福士广场5层(江锦路地铁站B1口步行440米),[],浙江省,diner,杭州市,202,[],巡湘记·乡野湖南菜(杭州来福士店),"120.213125,30.248975",[],[],[],,,TRUE,TRUE,FALSE,FALSE,餐饮服务;中餐厅;中餐厅,餐饮服务,中餐厅,[]
B0FFI2RL5M,[],湘菜,[],[],餐饮服务;中餐厅;湖南菜(湘菜),[],[],050108,1,[],拱墅区,[],17328877280,B0J2VCL0J8,长浜路718号新天地购物中心北门二楼(喜茶或汉堡王楼上),[],浙江省,diner,杭州市,202,"牛肉,豆腐,辣椒炒肉,小炒黄牛肉,鸡肉,黄牛肉,现切现炒黄牛肉,小炒黄牛肉",鹊拾湘·现炒黄牛肉(新天地购物中心店),"120.179515,30.323155",[],[],[],,,TRUE,TRUE,FALSE,FALSE,餐饮服务;中餐厅;湖南菜(湘菜),餐饮服务,中餐厅,"['牛肉', '豆腐', '辣椒炒肉', '小炒黄牛肉', '鸡肉', '黄牛肉', '现切现炒黄牛肉', '小炒黄牛肉']"
B0FFI0VFCR,[],湘菜,[],[],餐饮服务;快餐厅;快餐厅,[],[],050300,0,[],滨江区,[],19186013370,B0K117PRXJ,宝龙城负一层-085(诚业路地铁站C口步行130米),[],浙江省,diner,杭州市,202,[],大米先生(宝龙城店),"120.168048,30.187095",[],[],[],,,TRUE,TRUE,FALSE,FALSE,餐饮服务;快餐厅;快餐厅,餐饮服务,快餐厅,[]
B023B06BWV,[],湘菜,[],[],餐饮服务;中餐厅;湖南菜(湘菜),[],[],050108,0,[],拱墅区,[],16605813636,B0JDKH3BKK,体育场路279-1杭州粮贸大厦,[],浙江省,diner,杭州市,202,[],渔你湘约(杭州粮贸大厦店),"120.165977,30.269949",[],[],[],,,TRUE,TRUE,FALSE,FALSE,餐饮服务;中餐厅;湖南菜(湘菜),餐饮服务,中餐厅,[]
B0L1DCV05M,[],鱼,[],[],餐饮服务;中餐厅;中餐厅,[],[],050100,0,[],富阳区,[],0571-56901677;18413259368,B0KAV96ZD1,银湖街道银湖路277号集世迈大厦1号102室南面,[],浙江省,diner,杭州市,202,"辣椒炒肉,辣子鸡,臭豆腐,小炒黄牛肉,鱼头,工作餐",富红姐鱼头,"119.979348,30.140891",[],[],[],,,TRUE,TRUE,FALSE,FALSE,餐饮服务;中餐厅;中餐厅,餐饮服务,中餐厅,"['辣椒炒肉', '辣子鸡', '臭豆腐', '小炒黄牛肉', '鱼头', '工作餐']"
B023B1GWS8,[],湘菜,[],[],餐饮服务;中餐厅;中餐厅,[],[],050100,0,[],余杭区,[],17621349664,B0MANAP8P9,五常街道五常大道1号杭州西溪印象城B座L2层,[],浙江省,diner,杭州市,202,[],椿湘现炒下饭菜(西溪印象城B座店),"120.046801,30.246652",[],[],[],,,TRUE,TRUE,FALSE,FALSE,餐饮服务;中餐厅;中餐厅,餐饮服务,中餐厅,[]
B0FFI0VFCR,[],湘菜,[],[],餐饮服务;中餐厅;中餐厅,[],[],050100,0,[],滨江区,[],15356162560,B0J0AC802C,滨盛路1167号宝龙城(杭州滨江店),[],浙江省,diner,杭州市,202,"擂椒皮蛋,牛肉,小炒黄牛肉,剁椒鱼头,擂辣椒皮蛋,小炒鲜牛肉",年年不忘下饭菜(滨江宝龙店),"120.167535,30.187998",[],[],[],,,TRUE,TRUE,FALSE,FALSE,餐饮服务;中餐厅;中餐厅,餐饮服务,中餐厅,"['擂椒皮蛋', '牛肉', '小炒黄牛肉', '剁椒鱼头', '擂辣椒皮蛋', '小炒鲜牛肉']"
B0JRFCSVRF,[],湘菜,[],[],餐饮服务;中餐厅;中餐厅,[],[],050100,0,[],上城区,[],15393432013,B0L0TRAPNC,科城街368号滨乔商务中心杭州上城天街B1楼11号,[],浙江省,diner,杭州市,202,吊龙,鹊拾湘·金奖现炒黄牛肉(龙湖上城天街店),"120.276502,30.330130",[],[],[],,,TRUE,TRUE,FALSE,FALSE,餐饮服务;中餐厅;中餐厅,餐饮服务,中餐厅,['吊龙']
B023B0BMUZ,[],湘菜,[],[],餐饮服务;中餐厅;中餐厅,[],[],050100,0,[],滨江区,[],4008548745,B0J6Z5KHIY,滨康小区二苑32号商铺,[],浙江省,diner,杭州市,320,[],小湘厨滨康店,"120.210830,30.178691",[],[],[],,,TRUE,TRUE,FALSE,FALSE,餐饮服务;中餐厅;中餐厅,餐饮服务,中餐厅,[]
B023B14NK3,[],徽菜,[],[],餐饮服务;中餐厅;中餐厅,[],[],050100,0,[],上城区,[],0571-87002338,B0G0L7JY9T,延安路98号2层2F-201-1,[],浙江省,diner,杭州市,202,"徽菜,工作餐,酸菜鱼,小炒黄牛肉,特色菜,红烧肉",小菜园新徽菜(杭州西湖银泰店),"120.165732,30.243113",[],[],[],,,TRUE,TRUE,FALSE,FALSE,餐饮服务;中餐厅;中餐厅,餐饮服务,中餐厅,"['徽菜', '工作餐', '酸菜鱼', '小炒黄牛肉', '特色菜', '红烧肉']"
B0FFLH9F7T,[],徽菜,[],[],餐饮服务;中餐厅;中餐厅,[],[],050100,0,[],上城区,[],0571-88193309,B0HG0R0LMB,和兴路杭州东站万象汇L113,[],浙江省,diner,杭州市,202,"徽菜,地锅鸡,夫妻肺片,料理,肥牛,鸡爪,牛蛙,特色菜,红烧肉,土豆丝,小炒黄牛肉,年糕,薯条,蘑菇,酸菜鱼,鸡肉",小菜园新徽菜(杭州东站万象汇店),"120.216898,30.294589",[],[],[],,,TRUE,TRUE,FALSE,FALSE,餐饮服务;中餐厅;中餐厅,餐饮服务,中餐厅,"['徽菜', '地锅鸡', '夫妻肺片', '料理', '肥牛', '鸡爪', '牛蛙', '特色菜', '红烧肉', '土豆丝', '小炒黄牛肉', '年糕', '薯条', '蘑菇', '酸菜鱼', '鸡肉']"
B0J05SQIWD,[],中餐,[],[],餐饮服务;中餐厅;安徽菜(徽菜),[],[],050109,0,[],上城区,[],18827410138,B0J1LDN32E,明月桥路源聚路交叉口德信中心(彭埠地铁站B口直行100米),[],浙江省,diner,杭州市,202,"臭鳜鱼捞饭,溪水甲鱼,酱炒花菜,腌鲜鳜鱼王,山里伯娘炒的鸡,擂椒炒皮蛋,皖南老母鸡汤,油爆虾,黄山梅子酱排,八公山手作豆腐,石耳炒土鸡蛋,五代传承灵山酒酿,老妈小炒肉,徽州三宝,酸芹炒黄牛肉,18秒生爆吊龙,梅干菜锅巴,鹿茸菌炒肚丝,双人餐",大鱼徽州·皖南家宴(东站德信店),"120.221755,30.295734",[],[],[],,,TRUE,TRUE,FALSE,FALSE,餐饮服务;中餐厅;安徽菜(徽菜),餐饮服务,中餐厅,"['臭鳜鱼捞饭', '溪水甲鱼', '酱炒花菜', '腌鲜鳜鱼王', '山里伯娘炒的鸡', '擂椒炒皮蛋', '皖南老母鸡汤', '油爆虾', '黄山梅子酱排', '八公山手作豆腐', '石耳炒土鸡蛋', '五代传承灵山酒酿', '老妈小炒肉', '徽州三宝', '酸芹炒黄牛肉', '18秒生爆吊龙', '梅干菜锅巴', '鹿茸菌炒肚丝', '双人餐']"
[],[],徽菜,[],[],餐饮服务;中餐厅;中餐厅|商务住宅;商务住宅相关;商务住宅相关,[],[],050100|120000,0,[],临安区,[],0571-61087288;0571-61087388,B0FFLL6VX4,锦城街道东门街29号(201-205),[],浙江省,diner,杭州市,[],"烤羊排,烤鸭,牛肉,羊排,农家菜,油条,红烧肉",印象临安(城东店),"119.732692,30.238277",[],[],[],,,TRUE,TRUE,FALSE,FALSE,餐饮服务;中餐厅;中餐厅,餐饮服务,中餐厅,"['烤羊排', '烤鸭', '牛肉', '羊排', '农家菜', '油条', '红烧肉']"
B0FFGB3G33,[],徽菜,[],[],餐饮服务;中餐厅;安徽菜(徽菜),[],[],050109,0,[],拱墅区,[],0571-87199798;19106765796,B0L1TU4557,朝晖街道朝晖路198号1楼,[],浙江省,diner,杭州市,320,臭鳜鱼,卢家·皖掌柜(杭州首店),"120.168075,30.276725",[],[],[],,,TRUE,TRUE,FALSE,FALSE,餐饮服务;中餐厅;安徽菜(徽菜),餐饮服务,中餐厅,['臭鳜鱼']
B023B17WPA,[],徽菜,[],[],餐饮服务;中餐厅;安徽菜(徽菜),[],[],050109,0,[],西湖区,[],0571-86751726;15088620507,B0LDH5PR3G,三墩镇紫宣路279号汇禾领府6号楼底商6-1号商铺,[],浙江省,diner,杭州市,320,"红烧臭豆腐,黄山臭鳜鱼,徽氏酱排,爆款,红烧鱼块,浓汤鱼头,酸菜鱼,双人餐,土菜",徽灶头·安徽土菜(三墩店),"120.071559,30.322622",[],[],[],,,TRUE,TRUE,FALSE,FALSE,餐饮服务;中餐厅;安徽菜(徽菜),餐饮服务,中餐厅,"['红烧臭豆腐', '黄山臭鳜鱼', '徽氏酱排', '爆款', '红烧鱼块', '浓汤鱼头', '酸菜鱼', '双人餐', '土菜']"
B0FFG9VJ40,[],徽菜,[],[],餐饮服务;中餐厅;中餐厅,[],[],050100,0,[],萧山区,[],18075442212;19357637768,B0JAF9X80U,平澜路御金台1层底商296号(近钱江世纪城地铁站E4口),[],浙江省,diner,杭州市,320,"爆款,肥肠鸡,霸王别鸡,加点五花肉,小鸡炖蘑菇,猪肚筒骨鸡,老鹅锅,鸡加牛骨,特色地锅鸡,锡林格勒冰煮羊,地锅锡林格勒羊肉,地锅排骨,安徽臭鳜鱼,安徽臭桂鱼,地锅鸡,千岛湖螺丝,铁锅炖大鹅,干豆角,招牌地锅鸡,鸡加排骨锅,花干（豆腐干）,鸡肉,安徽臭鳜鱼",大俺徽地锅鸡(御金台),"120.241920,30.237788",[],[],[],,,TRUE,TRUE,FALSE,FALSE,餐饮服务;中餐厅;中餐厅,餐饮服务,中餐厅,"['爆款', '肥肠鸡', '霸王别鸡', '加点五花肉', '小鸡炖蘑菇', '猪肚筒骨鸡', '老鹅锅', '鸡加牛骨', '特色地锅鸡', '锡林格勒冰煮羊', '地锅锡林格勒羊肉', '地锅排骨', '安徽臭鳜鱼', '安徽臭桂鱼', '地锅鸡', '千岛湖螺丝', '铁锅炖大鹅', '干豆角', '招牌地锅鸡', '鸡加排骨锅', '花干（豆腐干）', '鸡肉', '安徽臭鳜鱼']"
B023B06DB9,[],火锅鸡,[],[],餐饮服务;中餐厅;中餐厅,[],[],050100,0,[],萧山区,[],13365625545;13600530901,B0HR3NCVP0,宁围街道市心北路201号绿都百瑞广场1幢1层,[],浙江省,diner,杭州市,320,"千豆角,地锅排骨,爆款,鸡加牛骨,肥肠鸡,花干（豆腐干）,锡林格勒冰煮羊,地锅锡林格勒羊肉,安徽臭桂鱼,千岛湖螺丝,鸡加排骨锅,小鸡炖蘑菇,老鹅锅,霸王别鸡,铁锅炖大鹅4个贴饼,招牌地锅鸡,老鹅汤,地锅鸡,鸡肉,炒螺蛳,酱爆螺丝",大俺徽地锅鸡(绿都百瑞店),"120.267506,30.203970",[],[],[],,,TRUE,TRUE,FALSE,FALSE,餐饮服务;中餐厅;中餐厅,餐饮服务,中餐厅,"['千豆角', '地锅排骨', '爆款', '鸡加牛骨', '肥肠鸡', '花干（豆腐干）', '锡林格勒冰煮羊', '地锅锡林格勒羊肉', '安徽臭桂鱼', '千岛湖螺丝', '鸡加排骨锅', '小鸡炖蘑菇', '老鹅锅', '霸王别鸡', '铁锅炖大鹅4个贴饼', '招牌地锅鸡', '老鹅汤', '地锅鸡', '鸡肉', '炒螺蛳', '酱爆螺丝']"
B023B09OTE,[],中餐,[],[],餐饮服务;中餐厅;中餐厅,[],[],050100,0,[],滨江区,[],13282128032,B0FFLAH9UK,长河街道星光国际广场一期4幢201室,[],浙江省,diner,杭州市,320,"山里伯娘炒的鸡,酸芹炒黄牛肉,黄山梅子酱排,石耳炒土鸡蛋,板栗烧鸡,徽州毛豆腐,双人餐,鸡肉,榴莲春卷,舌尖上的毛豆腐",大鱼徽州·皖南家宴(星光总店),"120.208803,30.208401",[],[],[],,,TRUE,TRUE,FALSE,FALSE,餐饮服务;中餐厅;中餐厅,餐饮服务,中餐厅,"['山里伯娘炒的鸡', '酸芹炒黄牛肉', '黄山梅子酱排', '石耳炒土鸡蛋', '板栗烧鸡', '徽州毛豆腐', '双人餐', '鸡肉', '榴莲春卷', '舌尖上的毛豆腐']"
B023B17WP5,[],徽菜,[],[],餐饮服务;中餐厅;安徽菜(徽菜),[],[],050109,0,[],拱墅区,[],18761619708,B0LKPMZFOZ,石祥路138号中大银泰城F2层,[],浙江省,diner,杭州市,202,徽菜,小菜园新徽菜(杭州拱墅中大银泰店),"120.175003,30.327007",[],[],[],,,TRUE,TRUE,FALSE,FALSE,餐饮服务;中餐厅;安徽菜(徽菜),餐饮服务,中餐厅,['徽菜']
B0J10CFPI3,[],徽菜,[],[],餐饮服务;中餐厅;中餐厅,[],[],050100,0,[],滨江区,[],15381092056;19157932110,B0LAYH02FH,中赢星海B座3楼整层,[],浙江省,diner,杭州市,202,"太平湖生态甲鱼,披云刀板香,披云秘制臭鱼,胡适一品锅,乌米刀板香松叶蟹,山粉圆子烩波龙,石斛汁脆皮乳鸽,披云鱼头皇,双人餐",披云徽府(中赢星海店),"120.209859,30.193287",[],[],[],,,TRUE,TRUE,FALSE,FALSE,餐饮服务;中餐厅;中餐厅,餐饮服务,中餐厅,"['太平湖生态甲鱼', '披云刀板香', '披云秘制臭鱼', '胡适一品锅', '乌米刀板香松叶蟹', '山粉圆子烩波龙', '石斛汁脆皮乳鸽', '披云鱼头皇', '双人餐']"
B0L02ANM9X,[],徽菜,[],[],餐饮服务;外国餐厅;韩国料理,[],[],050203,0,[],拱墅区,[],0571-85122215,B0FFLA0RUE,杭行路666号万达商业中心4楼,[],浙江省,diner,杭州市,202,"徽菜,素菜,红烧肉,排骨,芋泥,薯条,地锅鸡,家常菜,拌饭,鸡翅",小菜园新徽菜(杭州拱墅万达店),"120.119708,30.330508",[],[],[],,,TRUE,TRUE,FALSE,FALSE,餐饮服务;外国餐厅;韩国料理,餐饮服务,外国餐厅,"['徽菜', '素菜', '红烧肉', '排骨', '芋泥', '薯条', '地锅鸡', '家常菜', '拌饭', '鸡翅']"
B0FFJB29IQ,[],火锅鸡,[],[],餐饮服务;中餐厅;中餐厅,[],[],050100,0,[],滨江区,[],15079229696;17366615877,B0G0VYJ9VP,江南大道4756号星荟广场2层201-2号,[],浙江省,diner,杭州市,201,"鸡加牛骨,地锅排骨,安徽臭鳜鱼,锡林格勒冰煮羊,千岛湖螺丝,铁锅炖大鹅,花干（豆腐干）,特色地锅鸡,地锅鸡,招牌地锅鸡,安徽臭桂鱼,鸡加排骨锅,霸王别鸡,小鸡炖蘑菇,加点五花肉,地锅锡林格勒羊肉,老鹅锅,肥肠鸡,干豆角,猪肚筒骨鸡,鸡肉,双人餐",大俺徽地锅鸡(星荟广场店),"120.147165,30.187658",[],[],[],,,TRUE,TRUE,FALSE,FALSE,餐饮服务;中餐厅;中餐厅,餐饮服务,中餐厅,"['鸡加牛骨', '地锅排骨', '安徽臭鳜鱼', '锡林格勒冰煮羊', '千岛湖螺丝', '铁锅炖大鹅', '花干（豆腐干）', '特色地锅鸡', '地锅鸡', '招牌地锅鸡', '安徽臭桂鱼', '鸡加排骨锅', '霸王别鸡', '小鸡炖蘑菇', '加点五花肉', '地锅锡林格勒羊肉', '老鹅锅', '肥肠鸡', '干豆角', '猪肚筒骨鸡', '鸡肉', '双人餐']"
B023B18JO4,[],火锅鸡,[],[],餐饮服务;中餐厅;中餐厅,[],[],050100,0,[],萧山区,[],17767163457;18702502130,B0G107GJAC,皓月路186号,[],浙江省,diner,杭州市,202,"地锅鸡,霸王别鸡,特色地锅鸡,猪肚筒骨鸡,爆款,招牌地锅鸡,锡林格勒冰煮羊,鸡加牛骨,安徽臭鳜鱼,铁锅炖大鹅,加点五花肉,小鸡炖蘑菇,老鹅锅,千岛湖螺丝,九宫格拼盘,肥肠鸡,干豆角,花干（豆腐干）,地锅锡林格勒羊肉,千岛湖鱼头,地锅排骨,地锅羊肉,双人餐,鸡肉",大俺徽柴火鸡·地锅鸡(皓月路店),"120.256737,30.233501",[],[],[],,,TRUE,TRUE,FALSE,FALSE,餐饮服务;中餐厅;中餐厅,餐饮服务,中餐厅,"['地锅鸡', '霸王别鸡', '特色地锅鸡', '猪肚筒骨鸡', '爆款', '招牌地锅鸡', '锡林格勒冰煮羊', '鸡加牛骨', '安徽臭鳜鱼', '铁锅炖大鹅', '加点五花肉', '小鸡炖蘑菇', '老鹅锅', '千岛湖螺丝', '九宫格拼盘', '肥肠鸡', '干豆角', '花干（豆腐干）', '地锅锡林格勒羊肉', '千岛湖鱼头', '地锅排骨', '地锅羊肉', '双人餐', '鸡肉']"
B023B089XA,[],中餐,[],[],餐饮服务;中餐厅;中餐厅,[],[],050100,0,[],西湖区,[],13346155199,B0FFK2HOW8,文二路西湖国际科技大厦B3座1楼(星巴克隔壁),[],浙江省,diner,杭州市,202,"山里伯娘炒的鸡,油爆虾,竹荪鸡汤,处理过的臭鳜鱼,黄山梅子酱排,徽州三宝,老妈小炒肉,酸芹炒黄牛肉,绩溪挞粿,石耳炒土鸡蛋,双人餐,牛肉",大鱼徽州·皖南家宴(文二店),"120.120982,30.281947",[],[],[],,,TRUE,TRUE,FALSE,FALSE,餐饮服务;中餐厅;中餐厅,餐饮服务,中餐厅,"['山里伯娘炒的鸡', '油爆虾', '竹荪鸡汤', '处理过的臭鳜鱼', '黄山梅子酱排', '徽州三宝', '老妈小炒肉', '酸芹炒黄牛肉', '绩溪挞粿', '石耳炒土鸡蛋', '双人餐', '牛肉']"
B0FFGI19FD,[],徽菜,[],[],餐饮服务;中餐厅;安徽菜(徽菜),[],[],050109,0,[],拱墅区,[],15557188088,B0JRF1UVWC,丰潭路508号海蓝·天行国际F1层,[],浙江省,diner,杭州市,202,"徽菜,徽味香干,红烧大公鸡,红焖甲鱼,徽式酱烧排骨,徽三宝,徽姐臭鳜鱼,油菜苔烧肥肠,砂锅豆腐,梅干菜烧肉,扁豆干焖黑毛猪,呈坎毛豆腐,腊味糍粑,黄山笋尖炒肉丝,杀猪菜,胡适一品锅,徽爆黄牛肉,盐水鸭,徽姐手抓骨,徽派毛血旺,刀板香焖八公山豆腐,徽州毛豆腐,双人餐,毛血旺,鸡肉,呈坎毛豆腐,黄牛肉,家常菜,小炒黄牛肉,牛肉,臭鳜鱼",徽姐姐徽菜·臭鳜鱼(海蓝·天行国际店),"120.105884,30.302766",[],[],[],,,TRUE,TRUE,FALSE,FALSE,餐饮服务;中餐厅;安徽菜(徽菜),餐饮服务,中餐厅,"['徽菜', '徽味香干', '红烧大公鸡', '红焖甲鱼', '徽式酱烧排骨', '徽三宝', '徽姐臭鳜鱼', '油菜苔烧肥肠', '砂锅豆腐', '梅干菜烧肉', '扁豆干焖黑毛猪', '呈坎毛豆腐', '腊味糍粑', '黄山笋尖炒肉丝', '杀猪菜', '胡适一品锅', '徽爆黄牛肉', '盐水鸭', '徽姐手抓骨', '徽派毛血旺', '刀板香焖八公山豆腐', '徽州毛豆腐', '双人餐', '毛血旺', '鸡肉', '呈坎毛豆腐', '黄牛肉', '家常菜', '小炒黄牛肉', '牛肉', '臭鳜鱼']"
B0J05SS8Q7,[],徽菜,[],[],餐饮服务;中餐厅;中餐厅,[],[],050100,0,[],拱墅区,[],18072985218,B0JKL704KT,展览东路150号杭州中心L7层,[],浙江省,diner,杭州市,201,"徽菜,双人餐,徽州毛豆腐,青花椒徽州臭桂鱼,臭鳜鱼,牛肉,鸡肉,鱼子酱呈坎毛豆腐",半勺晴山·中国徽菜(杭州中心店),"120.165525,30.272035",[],[],[],,,TRUE,TRUE,FALSE,FALSE,餐饮服务;中餐厅;中餐厅,餐饮服务,中餐厅,"['徽菜', '双人餐', '徽州毛豆腐', '青花椒徽州臭桂鱼', '臭鳜鱼', '牛肉', '鸡肉', '鱼子酱呈坎毛豆腐']"
[],[],火锅鸡,[],[],餐饮服务;中餐厅;中餐厅,[],[],050100,0,[],上城区,[],15361341799;19016961998,B0J2GMBUY5,庆春路159号一层103.105室,[],浙江省,diner,杭州市,[],"鸡加牛骨,肥肠鸡,花干（豆腐干）,锡林格勒冰煮羊,地锅锡林格勒羊肉,安徽臭桂鱼,千豆角,地锅排骨,加点五花肉,爆款,千岛湖螺丝,鸡加排骨锅,猪肚筒骨鸡,小鸡炖蘑菇,老鹅锅,霸王别鸡,铁锅炖大鹅4个贴饼,地锅鸡,安徽臭鱖鱼,招牌地锅鸡,双人餐,鸡肉",大俺徽地锅鸡(庆春店),"120.170544,30.257846",[],[],[],,,TRUE,TRUE,FALSE,FALSE,餐饮服务;中餐厅;中餐厅,餐饮服务,中餐厅,"['鸡加牛骨', '肥肠鸡', '花干（豆腐干）', '锡林格勒冰煮羊', '地锅锡林格勒羊肉', '安徽臭桂鱼', '千豆角', '地锅排骨', '加点五花肉', '爆款', '千岛湖螺丝', '鸡加排骨锅', '猪肚筒骨鸡', '小鸡炖蘑菇', '老鹅锅', '霸王别鸡', '铁锅炖大鹅4个贴饼', '地锅鸡', '安徽臭鱖鱼', '招牌地锅鸡', '双人餐', '鸡肉']"
B023B13YJC,[],徽菜,[],[],餐饮服务;中餐厅;安徽菜(徽菜),[],[],050109,1,[],西湖区,[],0571-87710707,B0FFIPFQXH,紫荆花路386号徽商故里,[],浙江省,diner,杭州市,202,"蒙城烧饼,黄山云雾毛峰虾,胡适一品锅,徽州土鸡汤,明炉玉兰笋,徽府刀板香,徽州毛豆腐,一帅一徽商臭鳜鱼,红烧悠悠猪肉,特色菜,猪肉,黄山毛豆腐,豆腐,臭鳜鱼,徽州毛豆腐,徽商臭鳜鱼",徽商故里(杭州店),"120.092897,30.291750",[],[],[],,,TRUE,TRUE,FALSE,FALSE,餐饮服务;中餐厅;安徽菜(徽菜),餐饮服务,中餐厅,"['蒙城烧饼', '黄山云雾毛峰虾', '胡适一品锅', '徽州土鸡汤', '明炉玉兰笋', '徽府刀板香', '徽州毛豆腐', '一帅一徽商臭鳜鱼', '红烧悠悠猪肉', '特色菜', '猪肉', '黄山毛豆腐', '豆腐', '臭鳜鱼', '徽州毛豆腐', '徽商臭鳜鱼']"
B0H1OSR3PO,[],徽菜,[],[],餐饮服务;中餐厅;安徽菜(徽菜),[],[],050109,0,[],拱墅区,[],19157889805,B0KRTDXPCM,石祥路789号徽商大厦2楼,[],浙江省,diner,杭州市,202,"太平湖生态甲鱼,乌米刀板香蒸松叶蟹,古井酱香臭鳜鱼,山粉圆子烩波龙,胡氏一品锅,问政山笋,披云刀板香,双人餐,古井酱香臭鳜鱼,徽州毛豆腐,深度毛豆腐",披云徽府(杭州徽商大厦店),"120.110866,30.322247",[],[],[],,,TRUE,TRUE,FALSE,FALSE,餐饮服务;中餐厅;安徽菜(徽菜),餐饮服务,中餐厅,"['太平湖生态甲鱼', '乌米刀板香蒸松叶蟹', '古井酱香臭鳜鱼', '山粉圆子烩波龙', '胡氏一品锅', '问政山笋', '披云刀板香', '双人餐', '古井酱香臭鳜鱼', '徽州毛豆腐', '深度毛豆腐']"
B0JRFCSVRF,[],徽菜,[],[],餐饮服务;中餐厅;安徽菜(徽菜),[],[],050109,0,[],上城区,[],0571-85035078,B0L0DZNF6A,九堡街道科城街与九华路交叉口上城龙湖4F-38-39,[],浙江省,diner,杭州市,202,徽菜,小菜园新徽菜(杭州上城龙湖店),"120.277611,30.330372",[],[],[],,,TRUE,TRUE,FALSE,FALSE,餐饮服务;中餐厅;安徽菜(徽菜),餐饮服务,中餐厅,['徽菜']
B0FFI0VFCR,[],徽菜,[],[],餐饮服务;中餐厅;安徽菜(徽菜),[],[],050109,0,[],滨江区,[],0571-81957637,B0H06SCDAB,滨盛路3867号宝龙城四楼,[],浙江省,diner,杭州市,202,"徽菜,牛肉,鸡翅,家常菜,豆腐",小菜园新徽菜(杭州滨江宝龙店),"120.166723,30.187847",[],[],[],,,TRUE,TRUE,FALSE,FALSE,餐饮服务;中餐厅;安徽菜(徽菜),餐饮服务,中餐厅,"['徽菜', '牛肉', '鸡翅', '家常菜', '豆腐']"
B0FFHSMO63,[],徽菜,[],[],餐饮服务;中餐厅;安徽菜(徽菜),[],[],050109,0,[],上城区,[],19818504713,B0HRLX3QWR,高德置地广场三楼(市民中心地铁站出入口旁),[],浙江省,diner,杭州市,202,"古法臭鳜鱼,河鲜臭鳜鱼,油渣炒油冬菜,红烧土猪肉,咸蹄炖泉水豆腐,腌鲜臭鳜鱼,腌菜黄牛肉锅,古法臭鳜鱼,土菜,拌饭,臭鳜鱼,鱼鲜",沈厨臭鳜鱼·山野徽州土菜(高德置地店),"120.208330,30.244051",[],[],[],,,TRUE,TRUE,FALSE,FALSE,餐饮服务;中餐厅;安徽菜(徽菜),餐饮服务,中餐厅,"['古法臭鳜鱼', '河鲜臭鳜鱼', '油渣炒油冬菜', '红烧土猪肉', '咸蹄炖泉水豆腐', '腌鲜臭鳜鱼', '腌菜黄牛肉锅', '古法臭鳜鱼', '土菜', '拌饭', '臭鳜鱼', '鱼鲜']"
B0HDMZUNR8,[],徽菜,[],[],餐饮服务;中餐厅;安徽菜(徽菜),[],[],050109,0,[],拱墅区,[],0571-85187888,B0LGXR5WEZ,长浜路666号时代星火城1幢4楼餐厅,[],浙江省,diner,杭州市,202,杭州酱鸭舌,同庆楼(杭州富茂国际酒店),"120.181025,30.321325",[],[],[],,,TRUE,TRUE,FALSE,FALSE,餐饮服务;中餐厅;安徽菜(徽菜),餐饮服务,中餐厅,['杭州酱鸭舌']
B0FFH352AP,[],徽菜,[],[],餐饮服务;中餐厅;安徽菜(徽菜),[],[],050109,0,[],余杭区,[],18761618921,B0L2DC8X68,余杭街道文一西路1888号万达广场4039室,[],浙江省,diner,杭州市,202,徽菜,小菜园新徽菜(杭州余杭万达店),"119.955308,30.269958",[],[],[],,,TRUE,TRUE,FALSE,FALSE,餐饮服务;中餐厅;安徽菜(徽菜),餐饮服务,中餐厅,['徽菜']
[],[],柴火鸡,[],[],餐饮服务;中餐厅;中餐厅,[],[],050100,0,[],萧山区,[],15157362576;17328868891,B0HRXGP1PC,北干街道金鸡路492号(拒绝预制菜、有包厢团建聚餐、生日宴),[],浙江省,diner,杭州市,[],"双人餐,地锅鸡,小龙虾,柴火鸡,鸡肉",大俺徽柴火鸡·地锅鸡(加州阳光店),"120.253471,30.182604",[],[],[],,,TRUE,TRUE,FALSE,FALSE,餐饮服务;中餐厅;中餐厅,餐饮服务,中餐厅,"['双人餐', '地锅鸡', '小龙虾', '柴火鸡', '鸡肉']"
B0I1X6E4LN,[],徽菜,[],[],餐饮服务;中餐厅;中餐厅,[],[],050100,0,[],萧山区,[],0571-82649959,B0J2BSP612,汇德隆银隆B座4层(杭发厂地铁站出入口旁),[],浙江省,diner,杭州市,202,"徽菜,地锅鸡,臭鳜鱼,红烧肉",小菜园新徽菜(杭州萧山银隆百货店),"120.268041,30.170767",[],[],[],,,TRUE,TRUE,FALSE,FALSE,餐饮服务;中餐厅;中餐厅,餐饮服务,中餐厅,"['徽菜', '地锅鸡', '臭鳜鱼', '红烧肉']"
B023B14O4S,[],火锅鸡,[],[],餐饮服务;中餐厅;中餐厅,[],[],050100,0,[],西湖区,[],17767152966;18279219585,B0IK3DNK56,转塘街道龙田街象山国际广场1楼,[],浙江省,diner,杭州市,320,"猪肚筒骨鸡,小鸡炖蘑菇,老鹅锅,千豆角,地锅排骨,加点五花肉,爆款,鸡加牛骨,肥肠鸡,花干（豆腐干）,锡林格勒冰煮羊,地锅锡林格勒羊肉,安徽臭桂鱼,千岛湖螺丝,鸡加排骨锅,霸王别鸡,铁锅炖大鹅4个贴饼,地锅鸡,安徽臭鱖鱼,招牌地锅鸡,老鹅汤,鸡肉,双人餐",大俺徽地锅鸡(转塘象山国际店),"120.079415,30.149691",[],[],[],,,TRUE,TRUE,FALSE,FALSE,餐饮服务;中餐厅;中餐厅,餐饮服务,中餐厅,"['猪肚筒骨鸡', '小鸡炖蘑菇', '老鹅锅', '千豆角', '地锅排骨', '加点五花肉', '爆款', '鸡加牛骨', '肥肠鸡', '花干（豆腐干）', '锡林格勒冰煮羊', '地锅锡林格勒羊肉', '安徽臭桂鱼', '千岛湖螺丝', '鸡加排骨锅', '霸王别鸡', '铁锅炖大鹅4个贴饼', '地锅鸡', '安徽臭鱖鱼', '招牌地锅鸡', '老鹅汤', '鸡肉', '双人餐']"
B0H6VHFWQ7,[],徽菜,[],[],餐饮服务;中餐厅;中餐厅,[],[],050100,0,[],余杭区,[],18072829905,B0JRPOZ7K2,文一西路961号阿里巴巴西溪亲橙里4F层6410,[],浙江省,diner,杭州市,202,"徽菜,家乡松茸老鸡汤,腌鲜臭鳜鱼,河鲜臭鳜鱼,古法臭鳜鱼,臭鳜鱼,土菜",沈厨臭 鳜鱼·山野徽州土菜(阿里亲橙里店),"120.030079,30.281378",[],[],[],,,TRUE,TRUE,FALSE,FALSE,餐饮服务;中餐厅;中餐厅,餐饮服务,中餐厅,"['徽菜', '家乡松茸老鸡汤', '腌鲜臭鳜鱼', '河鲜臭鳜鱼', '古法臭鳜鱼', '臭鳜鱼', '土菜']"
B0FFGQ7HPD,[],徽菜,[],[],餐饮服务;中餐厅;中餐厅,[],[],050100,0,[],富阳区,[],[],B0J2RMG5RC,乐汇城,[],浙江省,diner,杭州市,202,"18秒小炒牛肉,黄山臭鳜鱼,毕掌柜小炒肉,毕掌柜猪肝汤,黄山臭鳜鱼",菜缘·浙皖民间菜(乐汇城店),"119.914589,30.064229",[],[],[],,,TRUE,TRUE,FALSE,FALSE,餐饮服务;中餐厅;中餐厅,餐饮服务,中餐厅,"['18秒小炒牛肉', '黄山臭鳜鱼', '毕掌柜小炒肉', '毕掌柜猪肝汤', '黄山臭鳜鱼']"
B0HKA7JW2U,[],徽菜,[],[],餐饮服务;中餐厅;中餐厅,[],[],050100,0,[],钱塘区,[],0571-28930105,B0KRPHIJ5B,义蓬街道青六中路667号永旺梦乐城(杭州钱塘店)4F层,[],浙江省,diner,杭州市,201,"徽菜,凤爪",小菜园新徽菜(杭州钱塘永旺店),"120.483682,30.262968",[],[],[],,,TRUE,TRUE,FALSE,FALSE,餐饮服务;中餐厅;中餐厅,餐饮服务,中餐厅,"['徽菜', '凤爪']"
B0HABKOALX,[],火锅,[],[],餐饮服务;中餐厅;中餐厅,[],[],050100,0,[],滨江区,[],13965231922;19157825772,B0FFHE29XT,西兴街道江陵路336号鑫都汇大厦1幢115室,[],浙江省,diner,杭州市,202,"霸王别鸡,地锅排骨,地锅鸡,千岛湖螺丝,干豆角,花干（豆腐干）,老鹅锅,锡林格勒冰煮羊,小鸡炖蘑菇,鸡加牛骨,安徽臭鳜鱼,鸡加排骨锅,加点五花肉,特色地锅鸡,猪肚筒骨鸡,招牌地锅鸡,安徽臭桂鱼,肥肠鸡,地锅锡林格勒羊肉,铁锅炖大鹅,双人餐,鸡肉,五花肉",大俺徽柴火鸡·地锅鸡(鑫都汇店),"120.218578,30.182667",[],[],[],,,TRUE,TRUE,FALSE,FALSE,餐饮服务;中餐厅;中餐厅,餐饮服务,中餐厅,"['霸王别鸡', '地锅排骨', '地锅鸡', '千岛湖螺丝', '干豆角', '花干（豆腐干）', '老鹅锅', '锡林格勒冰煮羊', '小鸡炖蘑菇', '鸡加牛骨', '安徽臭鳜鱼', '鸡加排骨锅', '加点五花肉', '特色地锅鸡', '猪肚筒骨鸡', '招牌地锅鸡', '安徽臭桂鱼', '肥肠鸡', '地锅锡林格勒羊肉', '铁锅炖大鹅', '双人餐', '鸡肉', '五花肉']"
B0G23RCFID,[],徽菜,[],[],餐饮服务;中餐厅;安徽菜(徽菜),[],[],050109,0,[],滨江区,[],0571-85096519,B0JKRBUOJ2,浦沿街道滨文路868号闻涛新生大厦4层429室,[],浙江省,diner,杭州市,202,"徽菜,夫妻肺片,红烧肉,金针菇",小菜园新徽菜(杭州滨江开元店),"120.134957,30.168688",[],[],[],,,TRUE,TRUE,FALSE,FALSE,餐饮服务;中餐厅;安徽菜(徽菜),餐饮服务,中餐厅,"['徽菜', '夫妻肺片', '红烧肉', '金针菇']"
B0L0PL1XQJ,[],火锅鸡,[],[],餐饮服务;中餐厅;中餐厅,[],[],050100,0,[],拱墅区,[],15168025535,B0KRT6S6PH,沈半路宝龙广场6幢1层101号商铺,[],浙江省,diner,杭州市,202,"锡林格勒冰煮羊,地锅锡林格勒羊肉,安徽臭桂鱼,招牌地锅鸡,安徽臭鱖鱼,地锅鸡,加点五花肉,小鸡炖蘑菇,老鹅锅,猪肚筒骨鸡,五花肉,双人餐,鸡肉",大俺徽地锅鸡(拱墅宝龙店),"120.178716,30.341123",[],[],[],,,TRUE,TRUE,FALSE,FALSE,餐饮服务;中餐厅;中餐厅,餐饮服务,中餐厅,"['锡林格勒冰煮羊', '地锅锡林格勒羊肉', '安徽臭桂鱼', '招牌地锅鸡', '安徽臭鱖鱼', '地锅鸡', '加点五花肉', '小鸡炖蘑菇', '老鹅锅', '猪肚筒骨鸡', '五花肉', '双人餐', '鸡肉']"
B0FFGCQE67,[],徽菜,[],[],餐饮服务;中餐厅;中餐厅,[],[],050100,0,[],临安区,[],19012799732;19339036661,B0KUGURGHM,锦胜小区西北门旁,[],浙江省,diner,杭州市,320,"鸡肉,地锅鸡,素菜",皖北囍阿婆地锅鸡,"119.725482,30.226451",[],[],[],,,TRUE,TRUE,FALSE,FALSE,餐饮服务;中餐厅;中餐厅,餐饮服务,中餐厅,"['鸡肉', '地锅鸡', '素菜']"
B0FFFGUOG5,[],中餐,[],[],餐饮服务;中餐厅;中餐厅,[],[],050100,0,[],上城区,[],18758035777,B0L3ZMZR6Y,望江东路332号万泰城2层(近江地铁口C2出口440米),[],浙江省,diner,杭州市,202,[],徽小馆,"120.192398,30.229803",[],[],[],,,TRUE,TRUE,FALSE,FALSE,餐饮服务;中餐厅;中餐厅,餐饮服务,中餐厅,[]
B0FFG7Y0P1,[],徽菜,[],[],餐饮服务;中餐厅;中餐厅,[],[],050100,0,[],余杭区,[],0571-88771163,B0LUAUI8UQ,良渚街道古墩路1888号永旺梦乐城2层,[],浙江省,diner,杭州市,202,徽菜,小菜园新徽菜(杭州余杭良渚永旺店),"120.058114,30.360716",[],[],[],,,TRUE,TRUE,FALSE,FALSE,餐饮服务;中餐厅;中餐厅,餐饮服务,中餐厅,['徽菜']
B023B1AEMP,[],徽菜,[],[],餐饮服务;中餐厅;中餐厅,[],[],050100,0,[],滨江区,[],18368843326,B0FFHFXCOR,齐飞路78号(滨兴小区西区东门旁),[],浙江省,diner,杭州市,320,酸菜鱼,皖北小厨房(滨兴小区西区店),"120.200166,30.192678",[],[],[],,,TRUE,TRUE,FALSE,FALSE,餐饮服务;中餐厅;中餐厅,餐饮服务,中餐厅,['酸菜鱼']
B0JBTU36FL,[],徽菜,[],[],餐饮服务;中餐厅;中餐厅,[],[],050100,0,[],萧山区,[],18761618520,B0JKA5G7JQ,市心南路1216号萧山开元广场L4层,[],浙江省,diner,杭州市,202,"徽菜,猪肉,京酱肉丝",小菜园新徽菜(杭州萧山开元广场店),"120.266706,30.134822",[],[],[],,,TRUE,TRUE,FALSE,FALSE,餐饮服务;中餐厅;中餐厅,餐饮服务,中餐厅,"['徽菜', '猪肉', '京酱肉丝']"
B0KR7KCMQL,[],火锅鸡,[],[],餐饮服务;中餐厅;火锅店,[],[],050117,0,[],上城区,[],15157362576;18757140845,B0KKDL4NBR,同协南路祥生中心6幢1层123-124号,[],浙江省,diner,杭州市,202,"双人餐,鸡肉,地锅鸡",大俺徽地锅鸡(东站祥生中心店),"120.224654,30.301169",[],[],[],,,TRUE,TRUE,FALSE,FALSE,餐饮服务;中餐厅;火锅店,餐饮服务,中餐厅,"['双人餐', '鸡肉', '地锅鸡']"
B023B0BY5W,[],徽菜,[],[],餐饮服务;中餐厅;中餐厅,[],[],050100,0,[],萧山区,[],[],B0L374KK8S,市心北路216号(建设三路地铁站A口步行100米),[],浙江省,diner,杭州市,202,[],铁锅年代现炒地锅鸡(大成名座店),"120.269166,30.205936",[],[],[],,,TRUE,TRUE,FALSE,FALSE,餐饮服务;中餐厅;中餐厅,餐饮服务,中餐厅,[]
[],[],徽菜,[],[],餐饮服务;中餐厅;中餐厅,[],[],050100,0,[],余杭区,[],15168330801,B0GUNOKMFJ,良上线七贤郡,[],浙江省,diner,杭州市,[],私房菜,刘记私房菜(七贤郡店),"120.003050,30.347622",[],[],[],,,TRUE,TRUE,FALSE,FALSE,餐饮服务;中餐厅;中餐厅,餐饮服务,中餐厅,['私房菜']
B0FFJ62XXT,[],徽菜,[],[],餐饮服务;中餐厅;安徽菜(徽菜),[],[],050109,0,[],萧山区,[],15867118804,B0LKPMZ0WM,飞虹路1408号汇德隆印象城5层,[],浙江省,diner,杭州市,202,徽菜,小菜园新徽菜(杭州萧山奥体印象城店),"120.252861,30.223465",[],[],[],,,TRUE,TRUE,FALSE,FALSE,餐饮服务;中餐厅;安徽菜(徽菜),餐饮服务,中餐厅,['徽菜']
B0FFL1B6A6,[],徽菜,[],[],餐饮服务;中餐厅;中餐厅,[],[],050100,0,[],萧山区,[],0571-86999979;19032258378,B0M6RH0IBY,诺德财富中心2幢102、105室,[],浙江省,diner,杭州市,202,徽菜,水墨徽I新安·徽菜(钱江世纪城店),"120.254406,30.234074",[],[],[],,,TRUE,TRUE,FALSE,FALSE,餐饮服务;中餐厅;中餐厅,餐饮服务,中餐厅,['徽菜']
B0FFMEKR2Y,[],徽菜,[],[],餐饮服务;中餐厅;中餐厅,[],[],050100,0,[],萧山区,[],18761610331,B0JK1MJBJH,新塘街道通惠南路667号萧山银泰百货五楼小菜园,[],浙江省,diner,杭州市,202,"徽菜,水煮肉片",小菜园新徽菜(杭州萧山银泰店),"120.286180,30.144324",[],[],[],,,TRUE,TRUE,FALSE,FALSE,餐饮服务;中餐厅;中餐厅,餐饮服务,中餐厅,"['徽菜', '水煮肉片']"
B0FFLA87RX,[],徽菜,[],[],餐饮服务;中餐厅;中餐厅,[],[],050100,0,[],临平区,[],18868157512,B0GKU7JE1Y,兴国路195号喜悦广场F1层,[],浙江省,diner,杭州市,202,"徽菜,豆腐,红糖糍粑,芹菜,徽州臭桂鱼,臭鳜鱼",徽州名灶妈妈菜(喜悦广场店),"120.261795,30.426394",[],[],[],,,TRUE,TRUE,FALSE,FALSE,餐饮服务;中餐厅;中餐厅,餐饮服务,中餐厅,"['徽菜', '豆腐', '红糖糍粑', '芹菜', '徽州臭桂鱼', '臭鳜鱼']"
B023B0644K,[],徽菜,[],[],餐饮服务;中餐厅;中餐厅,[],[],050100,0,[],拱墅区,[],19941340490,B0LUVZE0B6,"潮王路226号,徽姐姐餐厅",[],浙江省,diner,杭州市,202,"徽菜,徽式酱烧排骨,徽派毛血旺,盐水鸭,红糖麻糍,腊味糍粑,徽味香干,红烧大公鸡,刀板香八公山豆腐,黄山笋尖炒肉丝,徽爆黄牛肉,呈坎毛豆腐,刀板香蒸笋衣,梅干菜烧肉,徽三宝,扁豆干焖黑毛猪,口味小龙虾,白切鸡,毛血旺,黄牛肉,臭鳜鱼,徽姐臭鳜鱼",徽姐姐徽菜·臭鳜鱼(潮王路店),"120.153048,30.285974",[],[],[],,,TRUE,TRUE,FALSE,FALSE,餐饮服务;中餐厅;中餐厅,餐饮服务,中餐厅,"['徽菜', '徽式酱烧排骨', '徽派毛血旺', '盐水鸭', '红糖麻糍', '腊味糍粑', '徽味香干', '红烧大公鸡', '刀板香八公山豆腐', '黄山笋尖炒肉丝', '徽爆黄牛肉', '呈坎毛豆腐', '刀板香蒸笋衣', '梅干菜烧肉', '徽三宝', '扁豆干焖黑毛猪', '口味小龙虾', '白切鸡', '毛血旺', '黄牛肉', '臭鳜鱼', '徽姐臭鳜鱼']"
[],[],徽菜,[],[],餐饮服务;中餐厅;安徽菜(徽菜),[],[],050109,0,[],临安区,[],[],B0L0D7OO2V,石镜街246-2号,[],浙江省,diner,杭州市,[],地锅鸡,好兄弟地锅鸡,"119.725821,30.226759",[],[],[],,,TRUE,TRUE,FALSE,FALSE,餐饮服务;中餐厅;安徽菜(徽菜),餐饮服务,中餐厅,['地锅鸡']
B0J3RATWIE,[],徽菜,[],[],餐饮服务;中餐厅;安徽菜(徽菜),[],[],050109,0,[],拱墅区,[],0571-85122215,B0M6DH6VMP,石桥街道杭玻街368号华丰时代城1幢3021室,[],浙江省,diner,杭州市,202,徽菜,小菜园新徽菜(杭州拱墅吾悦店),"120.210092,30.343531",[],[],[],,,TRUE,TRUE,FALSE,FALSE,餐饮服务;中餐厅;安徽菜(徽菜),餐饮服务,中餐厅,['徽菜']
[],[],徽菜,[],[],餐饮服务;餐饮相关场所;餐饮相关,[],[],050000,0,[],上城区,[],18714957831,B0L34HFW9R,杭州东站出发层(火车东站地铁站A口步行80米),[],浙江省,diner,杭州市,[],[],老乡鸡(杭州东站店),"120.213238,30.291498",[],[],[],,,TRUE,TRUE,FALSE,FALSE,餐饮服务;餐饮相关场所;餐饮相关,餐饮服务,餐饮相关场所,[]
B0FFLFBRI3,[],徽菜,[],[],餐饮服务;中餐厅;中餐厅,[],[],050100,0,[],富阳区,[],0571-63523182,B0HUDCK399,新桥新路28号富阳万达广场3F3036-3037号商铺,[],浙江省,diner,杭州市,202,"徽菜,牛肉,家常菜,酸菜鱼",小菜园新徽菜(杭州富阳万达店),"119.932799,30.088849",[],[],[],,,TRUE,TRUE,FALSE,FALSE,餐饮服务;中餐厅;中餐厅,餐饮服务,中餐厅,"['徽菜', '牛肉', '家常菜', '酸菜鱼']"
B0FFG4HJXM,[],徽菜,[],[],餐饮服务;中餐厅;中餐厅,[],[],050100,0,[],拱墅区,[],13777456891,B0I30UK3Q8,沈半路118号善贤人家(善贤地铁站B1口步行70米),[],浙江省,diner,杭州市,320,"鸡汤,地锅鸡",皖碗鸡(善贤人家店),"120.161292,30.317586",[],[],[],,,TRUE,TRUE,FALSE,FALSE,餐饮服务;中餐厅;中餐厅,餐饮服务,中餐厅,"['鸡汤', '地锅鸡']"
B023B13GTC,[],鱼,[],[],餐饮服务;餐饮相关场所;餐饮相关,[],[],050000,0,[],余杭区,[],13064731000;13968021548,B0FFKEEAVK,朱家路276-278号,[],浙江省,diner,杭州市,320,"三道菜,小龙虾,地锅鸡,烧烤大排档,青椒,回锅肉",皖北地锅鸡,"120.090112,30.340903",[],[],[],,,TRUE,TRUE,FALSE,FALSE,餐饮服务;餐饮相关场所;餐饮相关,餐饮服务,餐饮相关场所,"['三道菜', '小龙虾', '地锅鸡', '烧烤大排档', '青椒', '回锅肉']"
B0FFKQ4L36,[],徽菜,[],[],餐饮服务;中餐厅;中餐厅,[],[],050100,0,[],临平区,[],15068819674,B0HUBYCQ3D,星桥街道星都路16号博鸿大厦一层12号,[],浙江省,diner,杭州市,202,地锅鸡,皖宴地锅鸡·地锅鱼,"120.262915,30.380722",[],[],[],,,TRUE,TRUE,FALSE,FALSE,餐饮服务;中餐厅;中餐厅,餐饮服务,中餐厅,['地锅鸡']
B0FFKFEZ6H,[],徽菜,[],[],餐饮服务;餐饮相关场所;餐饮相关,[],[],050000,0,[],建德市,[],0571-64750983,B0K05HSS3E,新安江街道严东关路南北盛德国际广场恒太城M层小菜园,[],浙江省,diner,杭州市,202,徽菜,小菜园新徽菜(杭州建德恒太城店),"119.276725,29.471195",[],[],[],,,TRUE,TRUE,FALSE,FALSE,餐饮服务;餐饮相关场所;餐饮相关,餐饮服务,餐饮相关场所,['徽菜']
B0FFHREP95,[],徽菜,[],[],餐饮服务;中餐厅;中餐厅,[],[],050100,0,[],西湖区,[],18056130317,B0IUK5RT8T,霞鸣街157号万美商务中心F1层,[],浙江省,diner,杭州市,202,地锅鸡,皖碗地锅鸡(万美商务中心店),"120.069554,30.143037",[],[],[],,,TRUE,TRUE,FALSE,FALSE,餐饮服务;中餐厅;中餐厅,餐饮服务,中餐厅,['地锅鸡']
B0FFF6WJVL,[],徽菜,[],[],餐饮服务;餐饮相关场所;餐饮相关,[],[],050000,0,[],上城区,[],[],B0LKMD695L,九堡佳苑3区11排15号,[],浙江省,diner,杭州市,320,杂面条,马姐阜阳杂面条烂猪蹄,"120.287761,30.313502",[],[],[],,,TRUE,TRUE,FALSE,FALSE,餐饮服务;餐饮相关场所;餐饮相关,餐饮服务,餐饮相关场所,['杂面条']
B023B0A7KR,[],徽菜,[],[],餐饮服务;中餐厅;安徽菜(徽菜),[],[],050109,1,[],建德市,[],18867523452,B0IAU51QPG,明珠路150号(锦华园西北1门旁),[],浙江省,diner,杭州市,320,"五花肉,地锅鸡,手擀面,豆腐",铁锅年代地锅鸡(明珠路店),"119.294727,29.489749",[],[],[],,,TRUE,TRUE,FALSE,FALSE,餐饮服务;中餐厅;安徽菜(徽菜),餐饮服务,中餐厅,"['五花肉', '地锅鸡', '手擀面', '豆腐']"
[],[],徽菜,[],[],餐饮服务;中餐厅;中餐厅,[],[],050100,0,[],余杭区,[],13777481734;13819298738,B0GRLXQLK9,锦城街与青春路交叉口东40米,[],浙江省,diner,杭州市,[],"老豆腐,铁锅炖大鹅,牛肉卷",皖北地锅鸡(锦城街店),"119.871356,30.382811",[],[],[],,,TRUE,TRUE,FALSE,FALSE,餐饮服务;中餐厅;中餐厅,餐饮服务,中餐厅,"['老豆腐', '铁锅炖大鹅', '牛肉卷']"
B0KUNLPDP9,[],徽菜,[],[],餐饮服务;中餐厅;中餐厅,[],[],050100,0,[],临平区,[],18358190099,B0KUGCRGIK,临平街道瑞聚商务中心1幢111-2室,[],浙江省,diner,杭州市,202,地锅鸡,皖宴地锅鸡(瑞聚大厦店),"120.276321,30.452241",[],[],[],,,TRUE,TRUE,FALSE,FALSE,餐饮服务;中餐厅;中餐厅,餐饮服务,中餐厅,['地锅鸡']
B0K62A5UAJ,[],徽菜,[],[],餐饮服务;中餐厅;安徽菜(徽菜),[],[],050109,0,[],临平区,[],0571-86248807,B0LKRC6XQY,崇贤街道崇杭街777号杭州城北花园城L4027,[],浙江省,diner,杭州市,201,徽菜,小菜园新徽菜(杭州临平城北花园城店),"120.159050,30.381612",[],[],[],,,TRUE,TRUE,FALSE,FALSE,餐饮服务;中餐厅;安徽菜(徽菜),餐饮服务,中餐厅,['徽菜']
[],[],徽菜,[],[],餐饮服务;中餐厅;安徽菜(徽菜),[],[],050109,1,[],临安区,[],19016983018,B0K6HCBA33,龙岗镇兴龙村外卯28号,[],浙江省,diner,杭州市,[],"农家菜,现杀土鸡煲",忆浙西·浙西农家菜(龙岗店),"119.140533,30.164059",[],[],[],,,TRUE,TRUE,FALSE,FALSE,餐饮服务;中餐厅;安徽菜(徽菜),餐饮服务,中餐厅,"['农家菜', '现杀土鸡煲']"
[],[],徽菜,[],[],餐饮服务;中餐厅;安徽菜(徽菜),[],[],050109,0,[],临安区,[],13136100177;15967159148,B0FFG4DFZX,新民街119号(吕家弄我行我素旁),[],浙江省,diner,杭州市,[],蛋炒饭,老安徽砂锅(新民街店),"119.717058,30.232277",[],[],[],,,TRUE,TRUE,FALSE,FALSE,餐饮服务;中餐厅;安徽菜(徽菜),餐饮服务,中餐厅,['蛋炒饭']
[],[],中餐,[],[],餐饮服务;中餐厅;中餐厅,[],[],050100,1,[],建德市,[],0571-64188975,B0FFF4QH22,210省道西50米,[],浙江省,diner,杭州市,[],"农家菜,鱼头豆腐汤",浙皖饭店,"119.741800,29.577123",[],[],[],,,TRUE,TRUE,FALSE,FALSE,餐饮服务;中餐厅;中餐厅,餐饮服务,中餐厅,"['农家菜', '鱼头豆腐汤']"
[],[],徽菜,[],[],餐饮服务;中餐厅;特色/地方风味餐厅,[],[],050118,0,[],余杭区,[],15168216772,B0FFGFQR8Z,莫干山路,[],浙江省,diner,杭州市,[],"鸡肉,地锅鸡",何记皖北地锅鸡(良诸店),"120.043259,30.379706",[],[],[],,,TRUE,TRUE,FALSE,FALSE,餐饮服务;中餐厅;特色/地方风味餐厅,餐饮服务,中餐厅,"['鸡肉', '地锅鸡']"
B0FFF7U93I,[],徽菜,[],[],餐饮服务;中餐厅;安徽菜(徽菜),[],[],050109,0,[],上城区,[],13588884911,B0FFI86XMY,商行街九堡家苑三区8排22号1楼103室,[],浙江省,diner,杭州市,202,"鸡肉,地锅鸡",安徽地锅鸡(九堡家苑店),"120.286694,30.312522",[],[],[],,,TRUE,TRUE,FALSE,FALSE,餐饮服务;中餐厅;安徽菜(徽菜),餐饮服务,中餐厅,"['鸡肉', '地锅鸡']"
B0FFGARB5V,[],徽菜,[],[],餐饮服务;中餐厅;安徽菜(徽菜),[],[],050109,0,[],余杭区,[],0571-88773066,B0JG77Z1DT,古墩路1333号金地广场4楼,[],浙江省,diner,杭州市,202,"徽菜,鸡爪,土豆丝",小菜园新徽菜(杭州余杭金地店),"120.082510,30.339805",[],[],[],,,TRUE,TRUE,FALSE,FALSE,餐饮服务;中餐厅;安徽菜(徽菜),餐饮服务,中餐厅,"['徽菜', '鸡爪', '土豆丝']"
B0FFHEJYMN,[],徽菜,[],[],餐饮服务;中餐厅;中餐厅,[],[],050100,0,[],萧山区,[],19032292201,B0KAO501IN,萧山经济技术开发区明星路433、435号,[],浙江省,diner,杭州市,202,"地锅鸡,鸡肉",大俺徽地锅鸡(乐创城店),"120.248735,30.205507",[],[],[],,,TRUE,TRUE,FALSE,FALSE,餐饮服务;中餐厅;中餐厅,餐饮服务,中餐厅,"['地锅鸡', '鸡肉']"
[],[],中餐,[],[],餐饮服务;中餐厅;中餐厅,[],[],050100,1,[],淳安县,[],13806509496,B0I31S2WBG,环湖南路8-31,[],浙江省,diner,杭州市,[],[],浙皖楼饭店,"119.059423,29.592620",[],[],[],,,TRUE,TRUE,FALSE,FALSE,餐饮服务;中餐厅;中餐厅,餐饮服务,中餐厅,[]
[],[],中餐,[],[],餐饮服务;中餐厅;中餐厅,[],[],050100,1,[],钱塘区,[],18137635255,B0JBSCQ44I,临江创慧园长风路皖员外地锅鸡,[],浙江省,diner,杭州市,[],地锅鸡,皖员外地锅鸡(临江店),"120.596021,30.293470",[],[],[],,,TRUE,TRUE,FALSE,FALSE,餐饮服务;中餐厅;中餐厅,餐饮服务,中餐厅,['地锅鸡']
B0FFF79QUF,[],徽菜,[],[],餐饮服务;中餐厅;安徽菜(徽菜),[],[],050109,0,[],钱塘区,[],[],B0FFFN3Q98,学林街高沙小区193号,[],浙江省,diner,杭州市,202,[],徽派菜馆(高沙小区店),"120.336623,30.317672",[],[],[],,,TRUE,TRUE,FALSE,FALSE,餐饮服务;中餐厅;安徽菜(徽菜),餐饮服务,中餐厅,[]
B0FFI789D8,[],徽菜,[],[],餐饮服务;中餐厅;中餐厅,[],[],050100,0,[],余杭区,[],[],B0JK5M82WI,良渚街道颐和江南府,[],浙江省,diner,杭州市,320,[],徽州人家(北大资源·颐和江南店),"120.041842,30.367950",[],[],[],,,TRUE,TRUE,FALSE,FALSE,餐饮服务;中餐厅;中餐厅,餐饮服务,中餐厅,[]
B023B19J99,[],徽菜,[],[],餐饮服务;餐饮相关场所;餐饮相关,[],[],050000,1,[],余杭区,[],15058191480,B0FFKERA8W,东狮路同城印象花苑32-6号,[],浙江省,diner,杭州市,320,鸡肉,皖北地锅鸡(余杭万达店),"119.951386,30.270445",[],[],[],,,TRUE,TRUE,FALSE,FALSE,餐饮服务;餐饮相关场所;餐饮相关,餐饮服务,餐饮相关场所,['鸡肉']
[],[],徽菜,[],[],餐饮服务;中餐厅;中餐厅,[],[],050100,0,[],临安区,[],18268128313,B0FFG8EYCK,太阳镇迎宾路23号,[],浙江省,diner,杭州市,[],[],嘟嘟宝私房菜馆,"119.306949,30.181435",[],[],[],,,TRUE,TRUE,FALSE,FALSE,餐饮服务;中餐厅;中餐厅,餐饮服务,中餐厅,[]
B0FFHD44UU,[],徽菜,[],[],餐饮服务;中餐厅;安徽菜(徽菜),[],[],050109,0,[],钱塘区,[],13738116925,B0FFJMF6T5,杭州市浙江省钱塘区浙江省钱塘区江月路74号,[],浙江省,diner,杭州市,320,"双人餐,排骨,单人餐,鸡肉",安徽地锅鸡,"120.386319,30.331966",[],[],[],,,TRUE,TRUE,FALSE,FALSE,餐饮服务;中餐厅;安徽菜(徽菜),餐饮服务,中餐厅,"['双人餐', '排骨', '单人餐', '鸡肉']"
B0G1BOBER5,[],徽菜,[],[],餐饮服务;中餐厅;中餐厅,[],[],050100,1,[],建德市,[],0571-64000735;13676820320,B0KA9DK331,洋溪街道街道洋安社区荷映路107号八佰伴购物中心三楼,[],浙江省,diner,杭州市,202,地锅鸡,皖佬地锅鸡(江和城购物中心店),"119.311980,29.500369",[],[],[],,,TRUE,TRUE,FALSE,FALSE,餐饮服务;中餐厅;中餐厅,餐饮服务,中餐厅,['地锅鸡']
B0FFJD8RUG,[],徽菜,[],[],餐饮服务;中餐厅;安徽菜(徽菜),[],[],050109,0,[],西湖区,[],0571-85095828,B0MACZVUMQ,三墩镇古墩路1009号龙致商业中心6幢4层,[],浙江省,diner,杭州市,202,徽菜,小菜园新徽菜(杭州西湖龙湖紫荆天街店),"120.091332,30.320375",[],[],[],,,TRUE,TRUE,FALSE,FALSE,餐饮服务;中餐厅;安徽菜(徽菜),餐饮服务,中餐厅,['徽菜']
[],[],徽菜,[],[],餐饮服务;中餐厅;中餐厅,[],[],050100,0,[],富阳区,[],15255906118;18056783702,B0G30BG83G,东洲街道民联村里浮沙47号,[],浙江省,diner,杭州市,[],"三道菜,酸菜鱼,蛋炒饭,麻婆豆腐",皖北地锅鸡(三号路店),"120.060552,30.084964",[],[],[],,,TRUE,TRUE,FALSE,FALSE,餐饮服务;中餐厅;中餐厅,餐饮服务,中餐厅,"['三道菜', '酸菜鱼', '蛋炒饭', '麻婆豆腐']"
B0GU2NCYJQ,[],徽菜,[],[],餐饮服务;中餐厅;中餐厅,[],[],050100,0,[],萧山区,[],[],B0G3XAET6Z,萧山区经济技术开发区市心北路290号,[],浙江省,diner,杭州市,202,蛋炒饭,淮南牛肉汤(市心北路店),"120.269524,30.209140",[],[],[],,,TRUE,TRUE,FALSE,FALSE,餐饮服务;中餐厅;中餐厅,餐饮服务,中餐厅,['蛋炒饭']
[],[],徽菜,[],[],餐饮服务;中餐厅;中餐厅,[],[],050100,0,[],富阳区,[],0571-63363277;18058751556,B0H0JZSTQG,富春街道幸福北路35号,[],浙江省,diner,杭州市,[],双人餐,皖缘粗菜馆,"119.964109,30.051440",[],[],[],,,TRUE,TRUE,FALSE,FALSE,餐饮服务;中餐厅;中餐厅,餐饮服务,中餐厅,['双人餐']
B023B17UVG,[],徽菜,[],[],餐饮服务;中餐厅;中餐厅,[],[],050100,0,[],钱塘区,[],13989876299,B0L3P7HDLE,松乔街494号,[],浙江省,diner,杭州市,202,[],阜阳格拉条卷馍(下沙店),"120.342304,30.324876",[],[],[],,,TRUE,TRUE,FALSE,FALSE,餐饮服务;中餐厅;中餐厅,餐饮服务,中餐厅,[]
B023B07GWU,[],徽菜,[],[],餐饮服务;中餐厅;安徽菜(徽菜),[],[],050109,0,[],萧山区,[],13588167783,B0MAAC9EL0,临浦镇临浦综合农贸市场8-11号,[],浙江省,diner,杭州市,202,"五花肉,地锅鸡,排骨",徽府地锅鸡(临浦店),"120.244725,30.049125",[],[],[],,,TRUE,TRUE,FALSE,FALSE,餐饮服务;中餐厅;安徽菜(徽菜),餐饮服务,中餐厅,"['五花肉', '地锅鸡', '排骨']"
B0G1PCL48J,[],徽菜,[],[],餐饮服务;中餐厅;安徽菜(徽菜),[],[],050109,0,[],上城区,[],0571-88020868,B0L0DZN06G,彭埠街道九和路583号七堡花园城L423,[],浙江省,diner,杭州市,320,徽菜,小菜园新徽菜(杭州上城七堡花园城店),"120.242500,30.300279",[],[],[],,,TRUE,TRUE,FALSE,FALSE,餐饮服务;中餐厅;安徽菜(徽菜),餐饮服务,中餐厅,['徽菜']
B0FFHCXVFU,[],徽菜,[],[],餐饮服务;中餐厅;安徽菜(徽菜),[],[],050109,0,[],上城区,[],[],B0MBXUYV9H,笕桥镇俞章路106嘉家佳公寓,[],浙江省,diner,杭州市,320,[],徽香阁,"120.201504,30.321159",[],[],[],,,TRUE,TRUE,FALSE,FALSE,餐饮服务;中餐厅;安徽菜(徽菜),餐饮服务,中餐厅,[]
B023B08WDR,[],徽菜,[],[],餐饮服务;中餐厅;中餐厅,[],[],050100,0,[],上城区,[],18795886013,B0J11C2AV6,城东新城天城路1号杭州东站2层,[],浙江省,diner,杭州市,201,"五花肉,红烧肉,鱼香肉丝",蒸小皖(杭州东站店),"120.211627,30.290801",[],[],[],,,TRUE,TRUE,FALSE,FALSE,餐饮服务;中餐厅;中餐厅,餐饮服务,中餐厅,"['五花肉', '红烧肉', '鱼香肉丝']"
B023B1FRA2,[],特色菜系,[],[],餐饮服务;中餐厅;中餐厅,[],[],050100,0,[],临平区,[],18258106869,B0FFHW59I9,汇贤街10-75,[],浙江省,diner,杭州市,320,[],皖北地锅鸡(佳源名城店),"120.173624,30.380814",[],[],[],,,TRUE,TRUE,FALSE,FALSE,餐饮服务;中餐厅;中餐厅,餐饮服务,中餐厅,[]
B0FFGDFFX5,[],中餐,[],[],餐饮服务;中餐厅;中餐厅,[],[],050100,1,[],钱塘区,[],13136169893;15655452151;15655463250,B0FFLA6F4O,钱塘区经济技术开发区世茂江滨商业中心3幢商铺101-8号,[],浙江省,diner,杭州市,202,"地三鲜,土豆片,海鲜炒饭",安徽香辣馆(世茂店),"120.378798,30.286651",[],[],[],,,TRUE,TRUE,FALSE,FALSE,餐饮服务;中餐厅;中餐厅,餐饮服务,中餐厅,"['地三鲜', '土豆片', '海鲜炒饭']"
[],[],徽菜,[],[],餐饮服务;中餐厅;中餐厅,[],[],050100,0,[],萧山区,[],15868150840;18258466170,B0IA296CCI,新塘街道新螺路沿线卓成工业园区(一都孙园区)9-103室,[],浙江省,diner,杭州市,[],"肉片,麻辣豆腐,干锅肥肠,水煮鱼,酸辣汤",安徽饭店,"120.298449,30.144196",[],[],[],,,TRUE,TRUE,FALSE,FALSE,餐饮服务;中餐厅;中餐厅,餐饮服务,中餐厅,"['肉片', '麻辣豆腐', '干锅肥肠', '水煮鱼', '酸辣汤']"
B0IGJ4GVW6,[],小吃快餐,[],[],餐饮服务;中餐厅;中餐厅,[],[],050100,1,[],临平区,[],13162680772,B0LUMS2VLV,乔司街道乔安路345号,[],浙江省,diner,杭州市,320,[],淮南黄牛汤,"120.281345,30.350511",[],[],[],,,TRUE,TRUE,FALSE,FALSE,餐饮服务;中餐厅;中餐厅,餐饮服务,中餐厅,[]
[],[],徽菜,[],[],餐饮服务;餐饮相关场所;餐饮相关,[],[],050000,0,[],富阳区,[],15068732877,B0H17S5P7L,振兴路205号,[],浙江省,diner,杭州市,[],"酸菜鱼,土豆丝",徽州人家(振兴路店),"119.941841,30.058028",[],[],[],,,TRUE,TRUE,FALSE,FALSE,餐饮服务;餐饮相关场所;餐饮相关,餐饮服务,餐饮相关场所,"['酸菜鱼', '土豆丝']"
B0FFF464ZU,[],中餐,[],[],餐饮服务;中餐厅;中餐厅,[],[],050100,1,[],钱塘区,[],18069415797;18868723715,B0FFHSHO9L,元成东盛家园南门旁,[],浙江省,diner,杭州市,320,鸡肉,农家大灶台(松乔街店),"120.341258,30.324728",[],[],[],,,TRUE,TRUE,FALSE,FALSE,餐饮服务;中餐厅;中餐厅,餐饮服务,中餐厅,['鸡肉']
[],[],徽菜,[],[],餐饮服务;中餐厅;中餐厅,[],[],050100,0,[],临平区,[],18167108980,B0HAUCSSAP,乔司泥桥村口腔诊所西南侧240米,[],浙江省,diner,杭州市,[],地锅鸡,何记皖北地锅鸡(乔司店),"120.238833,30.342522",[],[],[],,,TRUE,TRUE,FALSE,FALSE,餐饮服务;中餐厅;中餐厅,餐饮服务,中餐厅,['地锅鸡']
[],[],徽菜,[],[],餐饮服务;中餐厅;安徽菜(徽菜),[],[],050109,0,[],临平区,[],15257114162,B0FFH0XGGU,朝阳村七组193号,[],浙江省,diner,杭州市,[],"蛋炒饭,酸菜鱼,辣子鸡,鱼鲜",江西香辣馆(朝阳店),"120.266871,30.334074",[],[],[],,,TRUE,TRUE,FALSE,FALSE,餐饮服务;中餐厅;安徽菜(徽菜),餐饮服务,中餐厅,"['蛋炒饭', '酸菜鱼', '辣子鸡', '鱼鲜']"
B0FFFYUCHZ,[],徽菜,[],[],餐饮服务;中餐厅;中餐厅,[],[],050100,0,[],临平区,[],15397165897,B0KAURH3YL,欣北钱江国际广场北区5号楼,[],浙江省,diner,杭州市,202,[],皖北地锅鸡(临平欣北店),"120.251934,30.468660",[],[],[],,,TRUE,TRUE,FALSE,FALSE,餐饮服务;中餐厅;中餐厅,餐饮服务,中餐厅,[]
[],[],徽菜,[],[],餐饮服务;中餐厅;安徽菜(徽菜),[],[],050109,1,[],临平区,[],13456751898,B0FFK7186R,塘栖镇塘栖路391号,[],浙江省,diner,杭州市,[],鸡肉,何记皖北地锅鸡(塘栖店),"120.194740,30.477885",[],[],[],,,TRUE,TRUE,FALSE,FALSE,餐饮服务;中餐厅;安徽菜(徽菜),餐饮服务,中餐厅,['鸡肉']
[],[],汤锅,[],[],餐饮服务;中餐厅;中餐厅,[],[],050100,1,[],上城区,[],19157687013,B0FFHHABIS,范家路218号李记淮南牛肉汤,[],浙江省,diner,杭州市,[],[],淮南牛肉汤(范家路),"120.199538,30.290718",[],[],[],,,TRUE,TRUE,FALSE,FALSE,餐饮服务;中餐厅;中餐厅,餐饮服务,中餐厅,[]
[],[],徽菜,[],[],餐饮服务;中餐厅;安徽菜(徽菜),[],[],050109,1,[],萧山区,[],18069854692,B0JB75MLN2,红阳路256号,[],浙江省,diner,杭州市,[],"地锅鸡,农家菜,锅贴",皖员外地锅鸡(益农店),"120.590154,30.194862",[],[],[],,,TRUE,TRUE,FALSE,FALSE,餐饮服务;中餐厅;安徽菜(徽菜),餐饮服务,中餐厅,"['地锅鸡', '农家菜', '锅贴']"
[],[],农家菜,[],[],餐饮服务;中餐厅;中餐厅,[],[],050100,0,[],余杭区,[],18806810266,B0FFG97583,通信桥路13-2,[],浙江省,diner,杭州市,[],鸡肉,皖豫土菜馆,"120.086851,30.354390",[],[],[],,,TRUE,TRUE,FALSE,FALSE,餐饮服务;中餐厅;中餐厅,餐饮服务,中餐厅,['鸡肉']
B0FFFYSUMA,[],徽菜,[],[],餐饮服务;中餐厅;安徽菜(徽菜),[],[],050109,0,[],余杭区,[],13335815680,B0L0ZRG4EQ,仓前街道景兴路666号西溪永乐城1层,[],浙江省,diner,杭州市,320,[],伍味徽菜馆,"120.005011,30.274747",[],[],[],,,TRUE,TRUE,FALSE,FALSE,餐饮服务;中餐厅;安徽菜(徽菜),餐饮服务,中餐厅,[]
[],[],中餐,[],[],餐饮服务;中餐厅;中餐厅,[],[],050100,1,[],富阳区,[],17318501796,B0HBTC4BR0,东洲街道五星村南江路180号,[],浙江省,diner,杭州市,[],"老豆腐,芝士年糕,蛋炒饭,地锅鸡,宫保鸡丁",皖北地锅鸡(南江路店),"120.057582,30.059829",[],[],[],,,TRUE,TRUE,FALSE,FALSE,餐饮服务;中餐厅;中餐厅,餐饮服务,中餐厅,"['老豆腐', '芝士年糕', '蛋炒饭', '地锅鸡', '宫保鸡丁']"
[],[],徽菜,[],[],餐饮服务;中餐厅;中餐厅,[],[],050100,1,[],萧山区,[],17755807090,B0KAMR50WO,新街街道盛乐村6组3号,[],浙江省,diner,杭州市,[],地锅鸡,皖掌柜地锅鸡(盛乐店),"120.308632,30.213448",[],[],[],,,TRUE,TRUE,FALSE,FALSE,餐饮服务;中餐厅;中餐厅,餐饮服务,中餐厅,['地锅鸡']
B0FFFQYX7M,[],农家菜,[],[],餐饮服务;中餐厅;中餐厅,[],[],050100,0,[],余杭区,[],15088776729;18413259789,B0L3UCGXJ5,古墩路1701-1703号,[],浙江省,diner,杭州市,320,"梅干菜鸡爪,干锅鸭头,碳烤羊,臭鳜鱼,香辣小龙虾",徽州土菜馆,"120.071706,30.351660",[],[],[],,,TRUE,TRUE,FALSE,FALSE,餐饮服务;中餐厅;中餐厅,餐饮服务,中餐厅,"['梅干菜鸡爪', '干锅鸭头', '碳烤羊', '臭鳜鱼', '香辣小龙虾']"
B0FFHLKFHR,[],徽菜,[],[],餐饮服务;中餐厅;中餐厅,[],[],050100,0,[],余杭区,[],15062642417;18368106994,B0H1O1WH6N,乐富海邦园东北门旁,[],浙江省,diner,杭州市,202,[],徽州小锅菜(乐富海邦园分店),"120.010055,30.283744",[],[],[],,,TRUE,TRUE,FALSE,FALSE,餐饮服务;中餐厅;中餐厅,餐饮服务,中餐厅,[]
B023B18JO4,[],徽菜,[],[],餐饮服务;中餐厅;安徽菜(徽菜),[],[],050109,0,[],萧山区,[],0571-83526785;15695888807;18268095672,B0FFKPHUUC,皓月路万和国际180号,[],浙江省,diner,杭州市,202,水煮花生,徽馆.无为土菜馆(万和店),"120.256644,30.233234",[],[],[],,,TRUE,TRUE,FALSE,FALSE,餐饮服务;中餐厅;安徽菜(徽菜),餐饮服务,中餐厅,['水煮花生']
[],[],徽菜,[],[],餐饮服务;餐饮相关场所;餐饮相关,[],[],050000,0,[],萧山区,[],18726701073,B0FFKHE3UD,瓜沥镇友谊路417号,[],浙江省,diner,杭州市,[],[],皖北地锅鸡(瓜沥店),"120.457865,30.184525",[],[],[],,,TRUE,TRUE,FALSE,FALSE,餐饮服务;餐饮相关场所;餐饮相关,餐饮服务,餐饮相关场所,[]
B023B13YA7,[],徽菜,[],[],餐饮服务;中餐厅;中餐厅,[],[],050100,0,[],临平区,[],18857783171,B0L1MRH1FT,星桥街道星桥北路53、55、57号,[],浙江省,diner,杭州市,320,"素菜,双人餐",安徽农家地锅鸡(星桥店),"120.259622,30.397720",[],[],[],,,TRUE,TRUE,FALSE,FALSE,餐饮服务;中餐厅;中餐厅,餐饮服务,中餐厅,"['素菜', '双人餐']"
B0FFFCRF52,[],徽菜,[],[],餐饮服务;中餐厅;安徽菜(徽菜),[],[],050109,1,[],富阳区,[],13735827707,B0FFH8JUUC,春秋北路巨利新村18号,[],浙江省,diner,杭州市,202,家常菜,姐妹徽菜馆,"119.938410,30.068025",[],[],[],,,TRUE,TRUE,FALSE,FALSE,餐饮服务;中餐厅;安徽菜(徽菜),餐饮服务,中餐厅,['家常菜']
B023B0BVA0,[],徽菜,[],[],餐饮服务;中餐厅;中餐厅,[],[],050100,0,[],钱塘区,[],13429622061,B0IDHUMI0G,上沙路铭和苑新荷坊12商铺,[],浙江省,diner,杭州市,320,"泡汤,烧菜,羊肉面,羊杂汤,羊肉汤,羊肉火锅",皖北羊肉馆(铭和苑新荷坊店),"120.328443,30.316349",[],[],[],,,TRUE,TRUE,FALSE,FALSE,餐饮服务;中餐厅;中餐厅,餐饮服务,中餐厅,"['泡汤', '烧菜', '羊肉面', '羊杂汤', '羊肉汤', '羊肉火锅']"
[],[],徽菜,[],[],餐饮服务;中餐厅;安徽菜(徽菜),[],[],050109,1,[],萧山区,[],15868839871;15968861793,B0FFFE6IA2,坎山镇光明桥,[],浙江省,diner,杭州市,[],[],安徽饭店(坎红路),"120.397035,30.213975",[],[],[],,,TRUE,TRUE,FALSE,FALSE,餐饮服务;中餐厅;安徽菜(徽菜),餐饮服务,中餐厅,[]
B0FFI9F2ID,[],徽菜,[],[],餐饮服务;中餐厅;安徽菜(徽菜),[],[],050109,1,[],上城区,[],13989864782,B0H3S4I765,笕桥街道笕丁路223号,[],浙江省,diner,杭州市,320,[],安徽菜馆(横塘6区南区店),"120.223758,30.334103",[],[],[],,,TRUE,TRUE,FALSE,FALSE,餐饮服务;中餐厅;安徽菜(徽菜),餐饮服务,中餐厅,[]
B0IDRCOSVH,[],小吃快餐,[],[],餐饮服务;中餐厅;中餐厅,[],[],050100,1,[],上城区,[],18857570821,B0IKH7LY90,格贩北苑小区中心路4排27号亮小皖炒鸡店(格畈家园店),[],浙江省,diner,杭州市,202,"卤汁,卤鸭头,毛血旺,肉夹馍",亮小皖炒鸡店,"120.256833,30.323575",[],[],[],,,TRUE,TRUE,FALSE,FALSE,餐饮服务;中餐厅;中餐厅,餐饮服务,中餐厅,"['卤汁', '卤鸭头', '毛血旺', '肉夹馍']"
B023B0A4WI,[],中餐,[],[],餐饮服务;中餐厅;中餐厅,[],[],050100,1,[],钱塘区,[],18069836558,B0HD95ZS32,七格小区转盘,[],浙江省,diner,杭州市,320,鸡肉,皖北地锅灶(七格小区店),"120.317242,30.296791",[],[],[],,,TRUE,TRUE,FALSE,FALSE,餐饮服务;中餐厅;中餐厅,餐饮服务,中餐厅,['鸡肉']
[],[],徽菜,[],[],餐饮服务;中餐厅;安徽菜(徽菜),[],[],050109,0,[],富阳区,[],[],B0L051UAJL,文居街与西环北路交叉口东40米,[],浙江省,diner,杭州市,[],[],皖北地锅鸡,"119.920717,30.058130",[],[],[],,,TRUE,TRUE,FALSE,FALSE,餐饮服务;中餐厅;安徽菜(徽菜),餐饮服务,中餐厅,[]
[],[],徽菜,[],[],餐饮服务;餐饮相关场所;餐饮相关,[],[],050000,1,[],桐庐县,[],17357143058,B0FFLEQ7PM,城南街道尖端路156号,[],浙江省,diner,杭州市,[],"水煮牛肉,牛肉炒饭,水煮肉片",徽州小馆,"119.694828,29.773370",[],[],[],,,TRUE,TRUE,FALSE,FALSE,餐饮服务;餐饮相关场所;餐饮相关,餐饮服务,餐饮相关场所,"['水煮牛肉', '牛肉炒饭', '水煮肉片']"
B023B0BIT2,[],徽菜,[],[],餐饮服务;中餐厅;安徽菜(徽菜),[],[],050109,0,[],萧山区,[],[],B0KAMN1U96,启迪路455号,[],浙江省,diner,杭州市,320,[],淮南牛肉汤(启迪路店),"120.244568,30.202189",[],[],[],,,TRUE,TRUE,FALSE,FALSE,餐饮服务;中餐厅;安徽菜(徽菜),餐饮服务,中餐厅,[]
[],[],徽菜,[],[],餐饮服务;餐饮相关场所;餐饮相关,[],[],050000,0,[],余杭区,[],18758023081,B0FFLLGG8N,石桥村(卫生院旁石头桥71号一楼),[],浙江省,diner,杭州市,[],徽菜,小菜园新徽菜(良安路店),"120.053429,30.399060",[],[],[],,,TRUE,TRUE,FALSE,FALSE,餐饮服务;餐饮相关场所;餐饮相关,餐饮服务,餐饮相关场所,['徽菜']
[],[],徽菜,[],[],餐饮服务;中餐厅;安徽菜(徽菜),[],[],050109,0,[],临平区,[],18357005699,B0FFKO6RV9,塘栖镇泰山村15组南扒山109号,[],浙江省,diner,杭州市,[],"排骨锅仔,红烧鸭脚包,臭鳜鱼",安徽饭店,"120.197665,30.414815",[],[],[],,,TRUE,TRUE,FALSE,FALSE,餐饮服务;中餐厅;安徽菜(徽菜),餐饮服务,中餐厅,"['排骨锅仔', '红烧鸭脚包', '臭鳜鱼']"
[],[],徽菜,[],[],餐饮服务;中餐厅;中餐厅,[],[],050100,0,[],萧山区,[],15906601927,B0L1KDURD6,宁围街道宁税路139号3幢103,[],浙江省,diner,杭州市,[],[],如意餐馆(万向路店货真价实店),"120.279518,30.202698",[],[],[],,,TRUE,TRUE,FALSE,FALSE,餐饮服务;中餐厅;中餐厅,餐饮服务,中餐厅,[]
B0IAPRQTSD,[],肉类,[],[],餐饮服务;中餐厅;中餐厅,[],[],050100,0,[],临平区,[],15345673538,B0KAMU0EO7,东湖街道长宁路371-1号,[],浙江省,diner,杭州市,320,[],皖北地锅鸡(乾南嘉苑店),"120.279453,30.451437",[],[],[],,,TRUE,TRUE,FALSE,FALSE,餐饮服务;中餐厅;中餐厅,餐饮服务,中餐厅,[]
[],[],徽菜,[],[],餐饮服务;快餐厅;快餐厅,[],[],050300,1,[],临平区,[],13675856839,B0KK97NEHZ,东港路与南丁路交叉口西100米,[],浙江省,diner,杭州市,[],[],忆香缘千衢菜妈妈味(东港路店),"120.262914,30.400612",[],[],[],,,TRUE,TRUE,FALSE,FALSE,餐饮服务;快餐厅;快餐厅,餐饮服务,快餐厅,[]
[],[],徽菜,[],[],餐饮服务;中餐厅;中餐厅,[],[],050100,0,[],临安区,[],15158079706,B0GUR9Q4NC,锦城街道临天二弄24号,[],浙江省,diner,杭州市,[],"地锅鸡,羊肉汤,水煮肉片,剁椒鱼头",皖北饭店,"119.714968,30.230696",[],[],[],,,TRUE,TRUE,FALSE,FALSE,餐饮服务;中餐厅;中餐厅,餐饮服务,中餐厅,"['地锅鸡', '羊肉汤', '水煮肉片', '剁椒鱼头']"
[],[],徽菜,[],[],餐饮服务;中餐厅;中餐厅,[],[],050100,0,[],萧山区,[],15958196743;18268144312,B0FFJCNKPC,成虎路山南富村23-2号(山南富商务酒店隔壁),[],浙江省,diner,杭州市,[],地锅鸡,何记皖北地锅鸡(成虎路店),"120.414877,30.160024",[],[],[],,,TRUE,TRUE,FALSE,FALSE,餐饮服务;中餐厅;中餐厅,餐饮服务,中餐厅,['地锅鸡']
[],[],东北菜,[],[],餐饮服务;中餐厅;中餐厅,[],[],050100,0,[],西湖区,[],17681867345,B0LAYCXI65,文三路408号中电·万谷,[],浙江省,diner,杭州市,[],"干炸鲜蘑,东北家凉,卷饼皮,炫富扒肘子,大拉皮,锅包肉,锅包肉",迎春·东北老菜儿(西湖店),"120.125775,30.278075",[],[],[],,,TRUE,TRUE,FALSE,FALSE,餐饮服务;中餐厅;中餐厅,餐饮服务,中餐厅,"['干炸鲜蘑', '东北家凉', '卷饼皮', '炫富扒肘子', '大拉皮', '锅包肉', '锅包肉']"
B0L12UUHMZ,[],东北菜,[],[],餐饮服务;中餐厅;东北菜,[],[],050113,1,[],萧山区,[],19157796009,B0H6MHFDCX,济仁路34号,[],浙江省,diner,杭州市,320,"东北菜,溜肉段,锅包肉,熘肉段,地三鲜,锅包肉",老姑东北人(立涛园店),"120.264288,30.218933",[],[],[],,,TRUE,TRUE,FALSE,FALSE,餐饮服务;中餐厅;东北菜,餐饮服务,中餐厅,"['东北菜', '溜肉段', '锅包肉', '熘肉段', '地三鲜', '锅包肉']"
B0FFF5QE3R,[],烧烤,[],[],餐饮服务;中餐厅;中餐厅,[],[],050100,0,[],滨江区,[],19032286703,B0KURKVXR2,丹枫路1075号雪峰银座112室,[],浙江省,diner,杭州市,202,"烤串,鸡架,特色菜,羊肉,羊肉串,麻辣烫,素菜",周姐焦烤鸡架·东北烧烤夜宵,"120.207702,30.207149",[],[],[],,,TRUE,TRUE,FALSE,FALSE,餐饮服务;中餐厅;中餐厅,餐饮服务,中餐厅,"['烤串', '鸡架', '特色菜', '羊肉', '羊肉串', '麻辣烫', '素菜']"
[],[],东北菜,[],[],餐饮服务;中餐厅;中餐厅,[],[],050100,0,[],拱墅区,[],13221818811,B0KA35SBGD,河东路56号二楼,[],浙江省,diner,杭州市,[],"东北菜,锅包肉,无敌下酒菜,传统地三鲜,得莫利炖鱼头,地三鲜,招牌锅包肉,排骨豆角一锅出,小鸡炖榛蘑,小鸡炖蘑菇,地三鲜,猪肉炖粉条,传统锅包肉,双人餐",杨光姐?东北老家(西湖文化广场店),"120.164551,30.282553",[],[],[],,,TRUE,TRUE,FALSE,FALSE,餐饮服务;中餐厅;中餐厅,餐饮服务,中餐厅,"['东北菜', '锅包肉', '无敌下酒菜', '传统地三鲜', '得莫利炖鱼头', '地三鲜', '招牌锅包肉', '排骨豆角一锅出', '小鸡炖榛蘑', '小鸡炖蘑菇', '地三鲜', '猪肉炖粉条', '传统锅包肉', '双人餐']"
[],[],东北菜,[],[],餐饮服务;餐饮相关场所;餐饮相关,[],[],050000,0,[],滨江区,[],19033987899,B0J2MDX1HW,闻涛路1852号-2-3商铺,[],浙江省,diner,杭州市,[],"牛肉,螃蟹,鸡架,东北老式锅包肉,烤串,牛肉串,麻辣烫",刘老根·东北烧烤酒场(闻涛观潮店),"120.198435,30.209503",[],[],[],,,TRUE,TRUE,FALSE,FALSE,餐饮服务;餐饮相关场所;餐饮相关,餐饮服务,餐饮相关场所,"['牛肉', '螃蟹', '鸡架', '东北老式锅包肉', '烤串', '牛肉串', '麻辣烫']"
[],[],东北菜,[],[],餐饮服务;中餐厅;东北菜,[],[],050113,0,[],西湖区,[],0571-88977581,B0FFHQPGTK,丰潭路277号智商酒店楼下政苑农贸市场,[],浙江省,diner,杭州市,[],"东北菜,猪肉炖粉条,冷面,十三香龙虾,猪耳拌瓜丝,蒙古烤羊腿,东北溜肉段,韭菜盒子,凉拌黄瓜,白菜肉饺子,拔丝地瓜,高压锅大生蚝,东北大拉皮,地三鲜,炸酱面,烤羊排,小鸡蘑菇一锅香,东北杀猪菜,东北蘸酱菜,锅包肉,红柳大羊肉串,排骨豆角一锅香,煎豆包,东北冻梨,排骨,猪肉炖粉条一锅香,韭菜盒子,东北溜肉段,排骨炖豆角,熘肉段,排骨豆角一锅香,地三鲜,锅包肉,小鸡炖蘑菇汤,双人餐",东北一锅香(丰谭路城西店),"120.105549,30.297348",[],[],[],,,TRUE,TRUE,FALSE,FALSE,餐饮服务;中餐厅;东北菜,餐饮服务,中餐厅,"['东北菜', '猪肉炖粉条', '冷面', '十三香龙虾', '猪耳拌瓜丝', '蒙古烤羊腿', '东北溜肉段', '韭菜盒子', '凉拌黄瓜', '白菜肉饺子', '拔丝地瓜', '高压锅大生蚝', '东北大拉皮', '地三鲜', '炸酱面', '烤羊排', '小鸡蘑菇一锅香', '东北杀猪菜', '东北蘸酱菜', '锅包肉', '红柳大羊肉串', '排骨豆角一锅香', '煎豆包', '东北冻梨', '排骨', '猪肉炖粉条一锅香', '韭菜盒子', '东北溜肉段', '排骨炖豆角', '熘肉段', '排骨豆角一锅香', '地三鲜', '锅包肉', '小鸡炖蘑菇汤', '双人餐']"
B0FFFYSUMA,[],东北菜,[],[],餐饮服务;中餐厅;中餐厅,[],[],050100,0,[],余杭区,[],0571-82501585;15868124827,B0H1UO1EEU,仓前街道景兴路666号西溪永乐城西门一楼,[],浙江省,diner,杭州市,320,"东北菜,东北地三鲜,锅包肉,哈尔滨锅包肉",马丫东北饭儿(未来科技城店),"120.004838,30.274358",[],[],[],,,TRUE,TRUE,FALSE,FALSE,餐饮服务;中餐厅;中餐厅,餐饮服务,中餐厅,"['东北菜', '东北地三鲜', '锅包肉', '哈尔滨锅包肉']"
B0L12UUHMZ,[],东北菜,[],[],餐饮服务;中餐厅;东北菜,[],[],050113,0,[],萧山区,[],13396551747,B0L1HCXYHX,济仁路18-2号,[],浙江省,diner,杭州市,320,"东北菜,铁锅炖",夏大厨铁锅炖·东北菜·烧烤(钱江世纪城店),"120.264754,30.218990",[],[],[],,,TRUE,TRUE,FALSE,FALSE,餐饮服务;中餐厅;东北菜,餐饮服务,中餐厅,"['东北菜', '铁锅炖']"
[],[],烧烤,[],[],餐饮服务;中餐厅;火锅店,[],[],050117,0,[],拱墅区,[],13336170698,B0HBHSUBS8,体育场路257号102室,[],浙江省,diner,杭州市,[],"东北菜,工作餐,烧烤火锅,羊肉串,鸭头,土豆泥,小酥肉,小鸡炖蘑菇,毛肚,烧鸡,蛋炒饭,锅包肉,卤蛋,牛蛙,玉米,虾仁,鸡皮,溜肉段,熘肉段",潘家东北烧烤火锅,"120.168994,30.269577",[],[],[],,,TRUE,TRUE,FALSE,FALSE,餐饮服务;中餐厅;火锅店,餐饮服务,中餐厅,"['东北菜', '工作餐', '烧烤火锅', '羊肉串', '鸭头', '土豆泥', '小酥肉', '小鸡炖蘑菇', '毛肚', '烧鸡', '蛋炒饭', '锅包肉', '卤蛋', '牛蛙', '玉米', '虾仁', '鸡皮', '溜肉段', '熘肉段']"
[],[],东北菜,[],[],餐饮服务;中餐厅;中餐厅,[],[],050100,0,[],萧山区,[],18842373095,B0K3SSK2HO,萧杭路689号,[],浙江省,diner,杭州市,[],"老式锅包肉,笨鸡炖蘑菇,铁锅炖大鹅,铁锅炖,小鸡炖蘑菇",城子岭铁锅炖,"120.250542,30.174277",[],[],[],,,TRUE,TRUE,FALSE,FALSE,餐饮服务;中餐厅;中餐厅,餐饮服务,中餐厅,"['老式锅包肉', '笨鸡炖蘑菇', '铁锅炖大鹅', '铁锅炖', '小鸡炖蘑菇']"
B0FFFAK4FJ,[],东北菜,[],[],餐饮服务;中餐厅;中餐厅,[],[],050100,0,[],滨江区,[],0571-86778623;15695711239,B0FFIEU192,滨文路426号文苑大厦F2层,[],浙江省,diner,杭州市,202,"东北菜,招牌,烧鸡,鱼头泡饼,小鸡炖蘑菇·姑爷香掉魂,农家大丰收·东北铁锅炖,农村猪肉炖粉条,杀猪菜·东北狠人的饮食崇拜,牛肉,羊肉串,锅包肉,鸡肉,双人餐,家常菜,东北地三鲜,哈尔滨锅包肉,酱骨棒,酱骨头,溜肉段,猪肉炖粉条,熘肉段",马丫东北饭儿(滨江文苑大厦店),"120.167881,30.174330",[],[],[],,,TRUE,TRUE,FALSE,FALSE,餐饮服务;中餐厅;中餐厅,餐饮服务,中餐厅,"['东北菜', '招牌', '烧鸡', '鱼头泡饼', '小鸡炖蘑菇·姑爷香掉魂', '农家大丰收·东北铁锅炖', '农村猪肉炖粉条', '杀猪菜·东北狠人的饮食崇拜', '牛肉', '羊肉串', '锅包肉', '鸡肉', '双人餐', '家常菜', '东北地三鲜', '哈尔滨锅包肉', '酱骨棒', '酱骨头', '溜肉段', '猪肉炖粉条', '熘肉段']"
B0FFG942YS,[],东北菜,[],[],餐饮服务;中餐厅;东北菜,[],[],050113,0,[],滨江区,[],0571-86095555,B0FFI758ID,春晓路中赢康康谷3幢102室,[],浙江省,diner,杭州市,320,"东北菜,羊肉,每日炸坏锅锅包肉,小龙虾,烤串,龙虾,五花肉,牛肉,羊肉串,锅包肉",十八道东北菜?芳达烧烤东北菜 (中赢康康谷店),"120.214676,30.195793",[],[],[],,,TRUE,TRUE,FALSE,FALSE,餐饮服务;中餐厅;东北菜,餐饮服务,中餐厅,"['东北菜', '羊肉', '每日炸坏锅锅包肉', '小龙虾', '烤串', '龙虾', '五花肉', '牛肉', '羊肉串', '锅包肉']"
B0FFHGNATH,[],东北菜,[],[],餐饮服务;中餐厅;东北菜,[],[],050113,0,[],钱塘区,[],13666601744,B0HD9L1DQV,学源街1158号-1号文创大厦105室,[],浙江省,diner,杭州市,202,"东北菜,溜肉段,地三鲜,熘肉段,锅包肉,锅包肉",广源东北菜(文创大厦店),"120.336068,30.319497",[],[],[],,,TRUE,TRUE,FALSE,FALSE,餐饮服务;中餐厅;东北菜,餐饮服务,中餐厅,"['东北菜', '溜肉段', '地三鲜', '熘肉段', '锅包肉', '锅包肉']"
B0FFGZMPT1,[],东北菜,[],[],餐饮服务;中餐厅;东北菜,[],[],050113,0,[],拱墅区,[],17794541084,B0HDSS5T7T,祥兴路祥园路37号1幢1楼西面101室,[],浙江省,diner,杭州市,320,"东北菜,羊肉串,锅包肉,鸡肉,大酱骨,老试锅包肉,地三鲜,酱骨头",郭包又东北菜(北软中天园店),"120.109727,30.335252",[],[],[],,,TRUE,TRUE,FALSE,FALSE,餐饮服务;中餐厅;东北菜,餐饮服务,中餐厅,"['东北菜', '羊肉串', '锅包肉', '鸡肉', '大酱骨', '老试锅包肉', '地三鲜', '酱骨头']"
B0FFI2RLAS,[],中餐,[],[],餐饮服务;中餐厅;东北菜,[],[],050113,0,[],拱墅区,[],15372093777;15968152533,B0FFI2BSWQ,东新路928号106-107室,[],浙江省,diner,杭州市,202,"东北菜,东北杀猪菜,拌饭,猪肉,茄子,锅包肉,熘肉段,东北溜肉段,锅包肉,韭菜盒子",福泰来(北景园店),"120.179273,30.335427",[],[],[],,,TRUE,TRUE,FALSE,FALSE,餐饮服务;中餐厅;东北菜,餐饮服务,中餐厅,"['东北菜', '东北杀猪菜', '拌饭', '猪肉', '茄子', '锅包肉', '熘肉段', '东北溜肉段', '锅包肉', '韭菜盒子']"
[],[],东北菜,[],[],餐饮服务;中餐厅;东北菜,[],[],050113,0,[],余杭区,[],0571-86180252,B0FFHPA8F9,良渚街道金昌路2152号,[],浙江省,diner,杭州市,[],"东北菜,羊肉串,溜肉段,蘑菇,锅包肉,鸡肉,熘肉段,小鸡炖蘑菇,韭菜盒子",马丫东北饭儿(金昌路店),"120.118929,30.346853",[],[],[],,,TRUE,TRUE,FALSE,FALSE,餐饮服务;中餐厅;东北菜,餐饮服务,中餐厅,"['东北菜', '羊肉串', '溜肉段', '蘑菇', '锅包肉', '鸡肉', '熘肉段', '小鸡炖蘑菇', '韭菜盒子']"
[],[],东北菜,[],[],餐饮服务;中餐厅;中餐厅,[],[],050100,0,[],滨江区,[],18100182916,B0LAL7OJ2F,滨安路300号(西兴地铁站D口步行50米),[],浙江省,diner,杭州市,[],"东北菜,锅包肉",郭包又东北菜(西兴店),"120.221155,30.187105",[],[],[],,,TRUE,TRUE,FALSE,FALSE,餐饮服务;中餐厅;中餐厅,餐饮服务,中餐厅,"['东北菜', '锅包肉']"
B023B14NK3,[],东北菜,[],[],餐饮服务;中餐厅;中餐厅,[],[],050100,0,[],上城区,[],19057218661,B0L117MBG1,定安路5-1号(定安路地铁站C口步行270米),[],浙江省,diner,杭州市,201,"铁锅炖排骨,铁锅炖鸡,锅包肉,铁锅炖大鹅",老阚东北铁锅炖锅包肉(西湖银泰百货店),"120.166008,30.243254",[],[],[],,,TRUE,TRUE,FALSE,FALSE,餐饮服务;中餐厅;中餐厅,餐饮服务,中餐厅,"['铁锅炖排骨', '铁锅炖鸡', '锅包肉', '铁锅炖大鹅']"
[],[],烧烤,[],[],餐饮服务;中餐厅;特色/地方风味餐厅,[],[],050118,0,[],余杭区,[],15765314888,B0JDU5MU6U,宝橙广场22幢-11号,[],浙江省,diner,杭州市,[],"东北菜,羊肉串,锅包肉,烤串",金玉东北烧烤·东北菜,"120.030407,30.283495",[],[],[],,,TRUE,TRUE,FALSE,FALSE,餐饮服务;中餐厅;特色/地方风味餐厅,餐饮服务,中餐厅,"['东北菜', '羊肉串', '锅包肉', '烤串']"
[],[],东北菜,[],[],餐饮服务;中餐厅;中餐厅,[],[],050100,0,[],临平区,[],18106538878,B0FFI63VMU,邱山大街413号1层,[],浙江省,diner,杭州市,[],"东北菜,蘑菇,鸡肉,茄子,酸菜鱼,锅包肉,地三鲜,韭菜盒子,锅包肉,酱香骨,猪肉炖粉条,酱骨头",忆味东北美食体验基地,"120.299523,30.425499",[],[],[],,,TRUE,TRUE,FALSE,FALSE,餐饮服务;中餐厅;中餐厅,餐饮服务,中餐厅,"['东北菜', '蘑菇', '鸡肉', '茄子', '酸菜鱼', '锅包肉', '地三鲜', '韭菜盒子', '锅包肉', '酱香骨', '猪肉炖粉条', '酱骨头']"
B0FFLA8B41,[],东北菜,[],[],餐饮服务;中餐厅;东北菜,[],[],050113,0,[],拱墅区,[],13777491011,B0FFJYZU6J,舟山东路198号宸创大厦2层216室,[],浙江省,diner,杭州市,202,"东北菜,龙虾,烤虾,大拉皮,辣子鸡,老味烧鸡,猪肉炖粉条,地三鲜,羊肉串,孜然手切羊肉,拔丝地瓜,锅包肉,小野鸡炖蘑菇,垚森居东北菜,干炸平菇,锅包肉,小鸡炖蘑菇,地三鲜,小笨鸡炖蘑菇",垚森居东北菜?烧烤(杭州宸创大厦店),"120.147673,30.319143",[],[],[],,,TRUE,TRUE,FALSE,FALSE,餐饮服务;中餐厅;东北菜,餐饮服务,中餐厅,"['东北菜', '龙虾', '烤虾', '大拉皮', '辣子鸡', '老味烧鸡', '猪肉炖粉条', '地三鲜', '羊肉串', '孜然手切羊肉', '拔丝地瓜', '锅包肉', '小野鸡炖蘑菇', '垚森居东北菜', '干炸平菇', '锅包肉', '小鸡炖蘑菇', '地三鲜', '小笨鸡炖蘑菇']"
[],[],东北菜,[],[],餐饮服务;中餐厅;中餐厅,[],[],050100,0,[],拱墅区,[],0571-85667891;13735885002,B0FFI4MPFH,德胜路25号,[],浙江省,diner,杭州市,[],"东北菜,锅包肉,东北冷面,拔丝地瓜,东北拉皮,家常凉菜,东北一锅出,酱大骨,酸菜肉饺,地三鲜,卤猪脚,小鸡炖蘑菇,杀猪菜,疙瘩汤,酱排骨,东北烧鸡,烧鸡,牛肉,地三鲜东北素食之光,双人餐,杀猪菜大全,韭菜盒子",马丫东北饭儿(德胜总店),"120.175389,30.300813",[],[],[],,,TRUE,TRUE,FALSE,FALSE,餐饮服务;中餐厅;中餐厅,餐饮服务,中餐厅,"['东北菜', '锅包肉', '东北冷面', '拔丝地瓜', '东北拉皮', '家常凉菜', '东北一锅出', '酱大骨', '酸菜肉饺', '地三鲜', '卤猪脚', '小鸡炖蘑菇', '杀猪菜', '疙瘩汤', '酱排骨', '东北烧鸡', '烧鸡', '牛肉', '地三鲜东北素食之光', '双人餐', '杀猪菜大全', '韭菜盒子']"
[],[],东北菜,[],[],餐饮服务;中餐厅;东北菜,[],[],050113,0,[],西湖区,[],19564191519,B0JA6UGNEL,塘苗路6号(文三路地铁站D3口步行380米),[],浙江省,diner,杭州市,[],"东北菜,双人餐,小鸡炖蘑菇,五花肉酸菜炖粉条,地三鲜,锅包肉,猪肉炖粉条",食局东北菜,"120.123716,30.274195",[],[],[],,,TRUE,TRUE,FALSE,FALSE,餐饮服务;中餐厅;东北菜,餐饮服务,中餐厅,"['东北菜', '双人餐', '小鸡炖蘑菇', '五花肉酸菜炖粉条', '地三鲜', '锅包肉', '猪肉炖粉条']"
B0FFI1ULJR,[],东北菜,[],[],餐饮服务;中餐厅;中餐厅,[],[],050100,0,[],上城区,[],0571-87020512,B0IRB7YFRP,延安路258号杭州湖滨银泰in77C区C3区3F层,[],浙江省,diner,杭州市,201,"东北菜,牛肉,锅包肉,排骨炖豆角,排骨,哈尔滨锅包肉,排骨豆角一锅出",厨创东北大厨(湖滨In77 C区店),"120.164949,30.250888",[],[],[],,,TRUE,TRUE,FALSE,FALSE,餐饮服务;中餐厅;中餐厅,餐饮服务,中餐厅,"['东北菜', '牛肉', '锅包肉', '排骨炖豆角', '排骨', '哈尔滨锅包肉', '排骨豆角一锅出']"
B0FFKOOAUA,[],烤肉,[],[],餐饮服务;中餐厅;中餐厅,[],[],050100,0,[],拱墅区,[],19106554445,B0IK5MNWIY,新北街85号1层G2-102,[],浙江省,diner,杭州市,202,"东北菜,毛肚锅,雪花牛肉粒,金牌传统牛肉,谷饲原切牛排,香煎牛排,雪花和牛,秘制牛五花,烤肉,双人餐,牛肉",食三嫂·齐齐哈尔烤肉·烧烤东北菜(新天地店),"120.180461,30.325389",[],[],[],,,TRUE,TRUE,FALSE,FALSE,餐饮服务;中餐厅;中餐厅,餐饮服务,中餐厅,"['东北菜', '毛肚锅', '雪花牛肉粒', '金牌传统牛肉', '谷饲原切牛排', '香煎牛排', '雪花和牛', '秘制牛五花', '烤肉', '双人餐', '牛肉']"
B0FFGAQWZN,[],东北菜,[],[],餐饮服务;中餐厅;东北菜,[],[],050113,0,[],余杭区,[],13844842900,B0L25HBYVZ,绿汀路15-17号,[],浙江省,diner,杭州市,202,"东北菜,大拉皮,东北家凉,炫富扒肘子,锅包肉,干炸鲜蘑",喜村烧鸽子烧烤东北菜,"119.990613,30.276956",[],[],[],,,TRUE,TRUE,FALSE,FALSE,餐饮服务;中餐厅;东北菜,餐饮服务,中餐厅,"['东北菜', '大拉皮', '东北家凉', '炫富扒肘子', '锅包肉', '干炸鲜蘑']"
B0JB31H6GO,[],东北菜,[],[],餐饮服务;餐饮相关场所;餐饮相关,[],[],050000,0,[],钱塘区,[],19157790969,B0HRADKP3U,学林街高沙小区223号,[],浙江省,diner,杭州市,320,"东北菜,铁锅炖大鹅,铁锅炖排骨,铁锅呼饼,给你湘迷糊·铁锅炖大鹅,地锅鸡,干炸鲜蘑,锅包肉,锅包肉酸甜可口,铁锅炖大鹅,铁锅炖,鸡肉,双人餐,牛肉",幸福年铁锅炖熏酱小酒馆(高沙店),"120.335650,30.318070",[],[],[],,,TRUE,TRUE,FALSE,FALSE,餐饮服务;餐饮相关场所;餐饮相关,餐饮服务,餐饮相关场所,"['东北菜', '铁锅炖大鹅', '铁锅炖排骨', '铁锅呼饼', '给你湘迷糊·铁锅炖大鹅', '地锅鸡', '干炸鲜蘑', '锅包肉', '锅包肉酸甜可口', '铁锅炖大鹅', '铁锅炖', '鸡肉', '双人餐', '牛肉']"
B023B0ACDI,[],东北菜,[],[],餐饮服务;中餐厅;东北菜,[],[],050113,0,[],滨江区,[],0571-86803155;15372027550,B0FFL0LL75,江南大道3786号亚琪科技大楼1幢亚琪美食广场1层,[],浙江省,diner,杭州市,202,"东北菜,招牌,农家大丰收·东北铁锅炖,农村猪肉炖粉条,杀猪菜·东北狠人的饮食崇拜,烧鸡,鱼头泡饼,小鸡炖蘑菇·姑爷香掉魂,烤肉,烤串,锅包肉",马丫东北饭儿(江南大道店),"120.162377,30.185166",[],[],[],,,TRUE,TRUE,FALSE,FALSE,餐饮服务;中餐厅;东北菜,餐饮服务,中餐厅,"['东北菜', '招牌', '农家大丰收·东北铁锅炖', '农村猪肉炖粉条', '杀猪菜·东北狠人的饮食崇拜', '烧鸡', '鱼头泡饼', '小鸡炖蘑菇·姑爷香掉魂', '烤肉', '烤串', '锅包肉']"
B0FFJZAME5,[],东北菜,[],[],餐饮服务;中餐厅;东北菜,[],[],050113,1,[],上城区,[],19106786669,B0JDSZUJ99,环站东路424号中豪国际商业中心5幢110室,[],浙江省,diner,杭州市,202,"东北菜,熘肉段,鸡肉,双人餐,东北锅包肉,杀猪菜,溜肉段,铁锅炖",山河屯铁锅炖·东北菜(杭州一店),"120.223047,30.289932",[],[],[],,,TRUE,TRUE,FALSE,FALSE,餐饮服务;中餐厅;东北菜,餐饮服务,中餐厅,"['东北菜', '熘肉段', '鸡肉', '双人餐', '东北锅包肉', '杀猪菜', '溜肉段', '铁锅炖']"
B0FFIA8MLF,[],东北菜,[],[],餐饮服务;中餐厅;东北菜|餐饮服务;中餐厅;特色/地方风味餐厅|住宿服务;宾馆酒店;宾馆酒店,[],[],050113|050118|100100,0,[],拱墅区,[],0571-88889994,B0I27SPC5W,凤起路505号(凤起路地铁站E口步行150米),[],浙江省,diner,杭州市,202,"东北菜,小龙虾,五花肉,双人餐,宵夜,素菜,羊肉串,锅包肉,东北锅包肉,地三鲜,蘑菇,鸡肉,经典东北菜小鸡炖蘑菇",芳达烧烤·东北菜(武林旗舰店),"120.160796,30.263346",[],[],[],,,TRUE,TRUE,FALSE,FALSE,餐饮服务;中餐厅;东北菜,餐饮服务,中餐厅,"['东北菜', '小龙虾', '五花肉', '双人餐', '宵夜', '素菜', '羊肉串', '锅包肉', '东北锅包肉', '地三鲜', '蘑菇', '鸡肉', '经典东北菜小鸡炖蘑菇']"
[],[],东北菜,[],[],餐饮服务;中餐厅;东北菜,[],[],050113,0,[],西湖区,[],18694553049;19012781349,B0J049MGFS,新时代陶瓷西门旁(虾龙圩地铁站C口步行380米),[],浙江省,diner,杭州市,[],"东北菜,东北一锅出,特色东北烧烤乱拌,无敌下酒菜,锅包肉,牛肉,地三鲜,小鸡炖蘑菇,铁锅炖大鹅,锅包肉",兴玉东北烧烤东北菜(新时代陶瓷店),"120.093452,30.308097",[],[],[],,,TRUE,TRUE,FALSE,FALSE,餐饮服务;中餐厅;东北菜,餐饮服务,中餐厅,"['东北菜', '东北一锅出', '特色东北烧烤乱拌', '无敌下酒菜', '锅包肉', '牛肉', '地三鲜', '小鸡炖蘑菇', '铁锅炖大鹅', '锅包肉']"
B0FFGY03FG,[],烧烤,[],[],餐饮服务;中餐厅;中餐厅,[],[],050100,0,[],上城区,[],15505886789,B0FFK5HE4M,恒祺商务中心5幢底商10号,[],浙江省,diner,杭州市,202,双人餐,小损样烧烤(恒祺中心店),"120.214890,30.296243",[],[],[],,,TRUE,TRUE,FALSE,FALSE,餐饮服务;中餐厅;中餐厅,餐饮服务,中餐厅,['双人餐']
B023B05YP5,[],东北菜,[],[],餐饮服务;中餐厅;东北菜,[],[],050113,0,[],钱塘区,[],0571-85783850;18058711177;18989462677,B023B14G03,下沙街道学林街1161号二楼麦当劳对面,[],浙江省,diner,杭州市,320,"东北菜,锅包肉,猪肉炖粉条,地三鲜,小鸡炖蘑菇,拔丝地瓜,溜肉段,酱骨,土豆泥,东北乱炖,水煮鱼,韭菜鸡蛋水饺,排骨炖豆角,凉皮,黑椒鸭脯肉,爆炒花蛤,冷面,锅包肉,地三鲜,酱骨头,猪肉炖粉条,溜肉段,熘肉段,酱大骨,小鸡炖蘑菇",雅轩居东北菜,"120.336860,30.315552",[],[],[],,,TRUE,TRUE,FALSE,FALSE,餐饮服务;中餐厅;东北菜,餐饮服务,中餐厅,"['东北菜', '锅包肉', '猪肉炖粉条', '地三鲜', '小鸡炖蘑菇', '拔丝地瓜', '溜肉段', '酱骨', '土豆泥', '东北乱炖', '水煮鱼', '韭菜鸡蛋水饺', '排骨炖豆角', '凉皮', '黑椒鸭脯肉', '爆炒花蛤', '冷面', '锅包肉', '地三鲜', '酱骨头', '猪肉炖粉条', '溜肉段', '熘肉段', '酱大骨', '小鸡炖蘑菇']"
B0FFHLLM60,[],东北菜,[],[],餐饮服务;中餐厅;东北菜,[],[],050113,0,[],西湖区,[],13029958725,B0K15UEZF8,三墩镇创美华彩中心8幢底商2号,[],浙江省,diner,杭州市,202,"东北菜,辣子鸡,干锅娃娃菜,锅包肉,干锅?排骨,锅包肉",旺厨东北菜,"120.069931,30.322752",[],[],[],,,TRUE,TRUE,FALSE,FALSE,餐饮服务;中餐厅;东北菜,餐饮服务,中餐厅,"['东北菜', '辣子鸡', '干锅娃娃菜', '锅包肉', '干锅?排骨', '锅包肉']"
B0FFLH9F7T,[],东北菜,[],[],餐饮服务;中餐厅;中餐厅,[],[],050100,0,[],上城区,[],0571-87155089,B0GKMNPXPS,东宁路与和兴路交叉口东南角杭州东站万象汇L2层L206号商铺,[],浙江省,diner,杭州市,202,"东北菜,排骨豆角一锅出,地三鲜,羊肉串,拔丝地瓜,素心菜心,哈尔滨锅包肉,酱大骨头,石锅豆腐,厨创大拉皮,长白山蘑菇炖笨鸡,猪肉炖粉条,招牌菜,排骨,地三鲜,家常菜,牛肉,锅包肉,小鸡炖蘑菇",厨创东北大厨(东站万象汇店),"120.216780,30.294323",[],[],[],,,TRUE,TRUE,FALSE,FALSE,餐饮服务;中餐厅;中餐厅,餐饮服务,中餐厅,"['东北菜', '排骨豆角一锅出', '地三鲜', '羊肉串', '拔丝地瓜', '素心菜心', '哈尔滨锅包肉', '酱大骨头', '石锅豆腐', '厨创大拉皮', '长白山蘑菇炖笨鸡', '猪肉炖粉条', '招牌菜', '排骨', '地三鲜', '家常菜', '牛肉', '锅包肉', '小鸡炖蘑菇']"
B0FFIQDQI7,[],东北菜,[],[],餐饮服务;中餐厅;东北菜,[],[],050113,0,[],余杭区,[],0571-87966222,B0IDHZFRGA,五常街道景兴路892号894号896号,[],浙江省,diner,杭州市,201,"东北菜,哈尔滨锅包肉,酱大骨头,石锅豆腐,厨创大拉皮,长白山蘑菇炖笨鸡,招牌菜,排骨豆角一锅出,地三鲜,排骨,锅包肉,哈尔滨锅包肉,韭菜盒子",厨创东北小酒馆(EFC新店),"120.002495,30.280540",[],[],[],,,TRUE,TRUE,FALSE,FALSE,餐饮服务;中餐厅;东北菜,餐饮服务,中餐厅,"['东北菜', '哈尔滨锅包肉', '酱大骨头', '石锅豆腐', '厨创大拉皮', '长白山蘑菇炖笨鸡', '招牌菜', '排骨豆角一锅出', '地三鲜', '排骨', '锅包肉', '哈尔滨锅包肉', '韭菜盒子']"
B023B092V8,[],中餐,[],[],餐饮服务;餐饮相关场所;餐饮相关,[],[],050000,1,[],西湖区,[],15715722794,B0K6SR7Q89,文一路310号,[],浙江省,diner,杭州市,202,"东北菜,猪肉,鸡肉,东北韭菜盒子,鸡肉锅包肉,牛肉",马氏脉舟东北清真菜(文一路店),"120.120109,30.287790",[],[],[],,,TRUE,TRUE,FALSE,FALSE,餐饮服务;餐饮相关场所;餐饮相关,餐饮服务,餐饮相关场所,"['东北菜', '猪肉', '鸡肉', '东北韭菜盒子', '鸡肉锅包肉', '牛肉']"
B0FFFFT8NB,[],东北菜,[],[],餐饮服务;中餐厅;东北菜,[],[],050113,0,[],西湖区,[],0571-87075923;13165465127,B0FFHO0DND,古墩路97号浙商财富中心2号楼西门,[],浙江省,diner,杭州市,202,"东北菜,烧鸡,鱼头泡饼,招牌,小鸡炖蘑菇·姑爷香掉魂,农家大丰收·东北铁锅炖,农村猪肉炖粉条,杀猪菜·东北狠人的饮食崇拜,锅包肉,双人餐,韭菜盒子,东北地三鲜,哈尔滨锅包肉,小鸡炖蘑菇",马丫东北饭儿(浙商财富中心店),"120.100443,30.271922",[],[],[],,,TRUE,TRUE,FALSE,FALSE,餐饮服务;中餐厅;东北菜,餐饮服务,中餐厅,"['东北菜', '烧鸡', '鱼头泡饼', '招牌', '小鸡炖蘑菇·姑爷香掉魂', '农家大丰收·东北铁锅炖', '农村猪肉炖粉条', '杀猪菜·东北狠人的饮食崇拜', '锅包肉', '双人餐', '韭菜盒子', '东北地三鲜', '哈尔滨锅包肉', '小鸡炖蘑菇']"
B023B09OTE,[],东北菜,[],[],餐饮服务;餐饮相关场所;餐饮相关,[],[],050000,0,[],滨江区,[],18167132101,B0K1LCELM0,星光大道1幢227室,[],浙江省,diner,杭州市,202,"双人餐,铁锅炖大鹅",正月初二·哈尔滨铁锅炖(星光国际广场店),"120.208471,30.207537",[],[],[],,,TRUE,TRUE,FALSE,FALSE,餐饮服务;餐饮相关场所;餐饮相关,餐饮服务,餐饮相关场所,"['双人餐', '铁锅炖大鹅']"
[],[],东北菜,[],[],餐饮服务;中餐厅;中餐厅,[],[],050100,0,[],拱墅区,[],15858214497,B0J1S6NQNS,上祥路鸿锦大厦1幢1层(祥园路地铁站D口步行400米),[],浙江省,diner,杭州市,[],"东北菜,锅包肉,地三鲜,鸡肉,熘肉段,溜肉段,老式锅包肉",外屋地东北菜,"120.119437,30.334630",[],[],[],,,TRUE,TRUE,FALSE,FALSE,餐饮服务;中餐厅;中餐厅,餐饮服务,中餐厅,"['东北菜', '锅包肉', '地三鲜', '鸡肉', '熘肉段', '溜肉段', '老式锅包肉']"
B0FFIAVJ36,[],烤肉,[],[],餐饮服务;中餐厅;中餐厅,[],[],050100,0,[],萧山区,[],19011267389,B0KD2P0RHS,北干街道绿众商业中心10-1号(心意广场东1门南110米),[],浙江省,diner,杭州市,202,"东北菜,拉面,特色菜,锅包肉,烤冷面,臭豆腐,烤串,烤翅",刘老根·东北烧烤酒场(子夜广场店),"120.263426,30.179293",[],[],[],,,TRUE,TRUE,FALSE,FALSE,餐饮服务;中餐厅;中餐厅,餐饮服务,中餐厅,"['东北菜', '拉面', '特色菜', '锅包肉', '烤冷面', '臭豆腐', '烤串', '烤翅']"
[],[],东北菜,[],[],餐饮服务;中餐厅;中餐厅,[],[],050100,0,[],富阳区,[],0571-63507780;18258855701,B0FFL5USFB,孙权路178号(桂花西路地铁站A口步行480米),[],浙江省,diner,杭州市,[],"东北菜,冷面,锅包肉,地锅鸡,铁锅炖大鹅,地三鲜,锅包肉",东北特色铁锅炖(孙权路店),"119.937159,30.051219",[],[],[],,,TRUE,TRUE,FALSE,FALSE,餐饮服务;中餐厅;中餐厅,餐饮服务,中餐厅,"['东北菜', '冷面', '锅包肉', '地锅鸡', '铁锅炖大鹅', '地三鲜', '锅包肉']"
B0LDJHXOLT,[],东北菜,[],[],餐饮服务;中餐厅;中餐厅,[],[],050100,0,[],萧山区,[],19532602601,B0L2O5VNNM,盈丰街道亚奥万象天地西区1幢5层502室L533,[],浙江省,diner,杭州市,201,"玺炖昂刺鱼,玺炖中国铁锅炖,玺炖炖大鹅,玺炖炖排骨,玺炖大拉皮,玺炖炖笨鸡,铁锅炖",玺炖·中国铁锅炖(亚奥万象天地店),"120.247712,30.255710",[],[],[],,,TRUE,TRUE,FALSE,FALSE,餐饮服务;中餐厅;中餐厅,餐饮服务,中餐厅,"['玺炖昂刺鱼', '玺炖中国铁锅炖', '玺炖炖大鹅', '玺炖炖排骨', '玺炖大拉皮', '玺炖炖笨鸡', '铁锅炖']"
B023B1AHLF,[],东北菜,[],[],餐饮服务;中餐厅;中餐厅,[],[],050100,0,[],拱墅区,[],0571-28003959,B0K67N1S0J,祥符街道丰庆路710号1幢一层1F005室,[],浙江省,diner,杭州市,202,"东北菜,小鸡炖蘑菇·姑爷香掉魂,农家大丰收·东北铁锅炖,鱼头泡饼,农村猪肉炖粉条,杀猪菜·东北狠人的饮食崇拜,气泡锅包肉,小鸡炖蘑菇,东北铁锅炖,小鸡炖蘑菇,杀猪菜,蘑菇,铁锅炖,锅包肉",马丫东北饭儿(印悦里丰庆店),"120.096685,30.329375",[],[],[],,,TRUE,TRUE,FALSE,FALSE,餐饮服务;中餐厅;中餐厅,餐饮服务,中餐厅,"['东北菜', '小鸡炖蘑菇·姑爷香掉魂', '农家大丰收·东北铁锅炖', '鱼头泡饼', '农村猪肉炖粉条', '杀猪菜·东北狠人的饮食崇拜', '气泡锅包肉', '小鸡炖蘑菇', '东北铁锅炖', '小鸡炖蘑菇', '杀猪菜', '蘑菇', '铁锅炖', '锅包肉']"
B0I1XKK8BY,[],东北菜,[],[],餐饮服务;中餐厅;中餐厅,[],[],050100,0,[],西湖区,[],[],B0KUL9H0SW,万塘路262号万塘汇2幢1,[],浙江省,diner,杭州市,202,"锅包肉,屯家排骨锅,花卷,粉条,麻酱拉皮,三道鳞,红酒雪梨,炖鱼,大鹅锅,东北锅包肉",山河屯铁锅炖(烟火万塘生活广场店),"120.125393,30.279033",[],[],[],,,TRUE,TRUE,FALSE,FALSE,餐饮服务;中餐厅;中餐厅,餐饮服务,中餐厅,"['锅包肉', '屯家排骨锅', '花卷', '粉条', '麻酱拉皮', '三道鳞', '红酒雪梨', '炖鱼', '大鹅锅', '东北锅包肉']"
B0LK9CAGKQ,[],烤肉,[],[],餐饮服务;餐饮相关场所;餐饮相关,[],[],050000,0,[],拱墅区,[],13123922277,B0KKUUKN4B,霞湾巷71号胜霞金座107室,[],浙江省,diner,杭州市,202,"东北菜,烤肉,双人餐,牛肉,东北锅包肉",食三嫂·齐齐哈尔烤肉·烧烤东北菜(胜利河美食街店),"120.152280,30.297010",[],[],[],,,TRUE,TRUE,FALSE,FALSE,餐饮服务;餐饮相关场所;餐饮相关,餐饮服务,餐饮相关场所,"['东北菜', '烤肉', '双人餐', '牛肉', '东北锅包肉']"
[],[],东北菜,[],[],餐饮服务;中餐厅;东北菜,[],[],050113,0,[],拱墅区,[],17326035889,B0LK11E7X3,东新街道新北街39号,[],浙江省,diner,杭州市,[],"东北菜,双人餐",老善溜肉段·非遗东北菜(新天地店),"120.183976,30.325862",[],[],[],,,TRUE,TRUE,FALSE,FALSE,餐饮服务;中餐厅;东北菜,餐饮服务,中餐厅,"['东北菜', '双人餐']"
[],[],东北菜,[],[],餐饮服务;中餐厅;中餐厅,[],[],050100,0,[],余杭区,[],0571-89383119;19157750119,B0IAFU8XMC,余杭街道禹航路56号,[],浙江省,diner,杭州市,[],"东北菜,锅包肉,排骨,地三鲜,锅包肉,溜肉段,辣子鸡,熘肉段,杀猪菜",大年初一东北菜馆(禹航路店),"119.951312,30.251918",[],[],[],,,TRUE,TRUE,FALSE,FALSE,餐饮服务;中餐厅;中餐厅,餐饮服务,中餐厅,"['东北菜', '锅包肉', '排骨', '地三鲜', '锅包肉', '溜肉段', '辣子鸡', '熘肉段', '杀猪菜']"
B023B18JO4,[],东北菜,[],[],餐饮服务;中餐厅;中餐厅,[],[],050100,0,[],萧山区,[],0571-85035838,B0LKNZPRLV,盈丰街道皓月路166号,[],浙江省,diner,杭州市,202,"东北菜,单人餐,烤串,双人餐",串掌门烧烤东北菜,"120.256075,30.232875",[],[],[],,,TRUE,TRUE,FALSE,FALSE,餐饮服务;中餐厅;中餐厅,餐饮服务,中餐厅,"['东北菜', '单人餐', '烤串', '双人餐']"
B0FFH23X9W,[],东北菜,[],[],餐饮服务;中餐厅;中餐厅,[],[],050100,0,[],萧山区,[],0571-83896156;19357062781,B0HUY7S2EU,宁围街道民和路467号国泰科技大厦维也纳3好酒店隔壁,[],浙江省,diner,杭州市,320,"东北菜,招牌,农家大丰收·东北铁锅炖,农村猪肉炖粉条,杀猪菜·东北狠人的饮食崇拜,小鸡炖蘑菇·姑爷香掉魂,烧鸡,鱼头泡饼,东北地三鲜,锅包肉,小鸡炖蘑菇,哈尔滨锅包肉",马丫东北饭儿(萧山店),"120.255873,30.229281",[],[],[],,,TRUE,TRUE,FALSE,FALSE,餐饮服务;中餐厅;中餐厅,餐饮服务,中餐厅,"['东北菜', '招牌', '农家大丰收·东北铁锅炖', '农村猪肉炖粉条', '杀猪菜·东北狠人的饮食崇拜', '小鸡炖蘑菇·姑爷香掉魂', '烧鸡', '鱼头泡饼', '东北地三鲜', '锅包肉', '小鸡炖蘑菇', '哈尔滨锅包肉']"
B0FFG942YS,[],烤肉,[],[],餐饮服务;中餐厅;中餐厅,[],[],050100,0,[],滨江区,[],13664668665,B0FFMAM7BZ,康谷商业中心2幢101号,[],浙江省,diner,杭州市,320,烤肉,幸会东北烤肉,"120.214479,30.195828",[],[],[],,,TRUE,TRUE,FALSE,FALSE,餐饮服务;中餐厅;中餐厅,餐饮服务,中餐厅,['烤肉']
[],[],小吃快餐,[],[],餐饮服务;中餐厅;特色/地方风味餐厅|餐饮服务;中餐厅;东北菜,[],[],050118|050113,0,[],西湖区,[],0571-88052114,B0FFHYOCVI,莫干山路569-571号,[],浙江省,diner,杭州市,[],"东北菜,酸菜饺子,香菜饺子,锅包肉,东北乱炖,地三鲜,牛肉水饺,三鲜饺子,猪肉炖粉条,家常菜,堂食,小鸡炖蘑菇,韭菜盒子",东北印象餐厅(莫干山路店),"120.144241,30.290371",[],[],[],,,TRUE,TRUE,FALSE,FALSE,餐饮服务;中餐厅;特色/地方风味餐厅,餐饮服务,中餐厅,"['东北菜', '酸菜饺子', '香菜饺子', '锅包肉', '东北乱炖', '地三鲜', '牛肉水饺', '三鲜饺子', '猪肉炖粉条', '家常菜', '堂食', '小鸡炖蘑菇', '韭菜盒子']"
[],[],东北菜,[],[],餐饮服务;中餐厅;特色/地方风味餐厅,[],[],050118,0,[],萧山区,[],18268818876,B0GKKSY4JP,萧清大道430号,[],浙江省,diner,杭州市,[],"东北菜,水煮肉片,锅包肉,家常菜,茄子,鸡肉",骨里香饺子居(萧清大道店),"120.311478,30.237499",[],[],[],,,TRUE,TRUE,FALSE,FALSE,餐饮服务;中餐厅;特色/地方风味餐厅,餐饮服务,中餐厅,"['东北菜', '水煮肉片', '锅包肉', '家常菜', '茄子', '鸡肉']"
B0FFIB567Z,[],烧烤,[],[],餐饮服务;中餐厅;火锅店,[],[],050117,0,[],萧山区,[],18106534664,B0HASA8GLT,钱江世纪城永辉路548-8号,[],浙江省,diner,杭州市,202,烤肉,哈尔滨涮肚·地摊烤肉(辣么刘萧山热榜店),"120.260500,30.230610",[],[],[],,,TRUE,TRUE,FALSE,FALSE,餐饮服务;中餐厅;火锅店,餐饮服务,中餐厅,['烤肉']
[],[],烧烤,[],[],餐饮服务;中餐厅;特色/地方风味餐厅,[],[],050118,0,[],上城区,[],18746441706,B0JDFZODSN,九堡家苑三区11排38号101-102,[],浙江省,diner,杭州市,[],"双人餐,单人餐,烤串,羊肉串",和为贵·路哥东北烧烤,"120.284508,30.313119",[],[],[],,,TRUE,TRUE,FALSE,FALSE,餐饮服务;中餐厅;特色/地方风味餐厅,餐饮服务,中餐厅,"['双人餐', '单人餐', '烤串', '羊肉串']"
[],[],东北菜,[],[],餐饮服务;中餐厅;中餐厅,[],[],050100,0,[],临平区,[],17706818082;9210677,B0L19SG8SA,南苑街道新远金座3幢3-1室,[],浙江省,diner,杭州市,[],东北菜,马丫东北饭儿(临平店),"120.306790,30.403155",[],[],[],,,TRUE,TRUE,FALSE,FALSE,餐饮服务;中餐厅;中餐厅,餐饮服务,中餐厅,['东北菜']
[],[],东北菜,[],[],餐饮服务;中餐厅;中餐厅,[],[],050100,0,[],西湖区,[],13064793771,B0IK4ZNLT1,龙章路28号,[],浙江省,diner,杭州市,[],"铁锅笨鸡锅,东北大拉皮,铁锅炖大鹅,玉米贴饼,猪肉皮冻,双人餐",二丫家东北铁锅炖大鹅(龙章路店),"120.058071,30.281031",[],[],[],,,TRUE,TRUE,FALSE,FALSE,餐饮服务;中餐厅;中餐厅,餐饮服务,中餐厅,"['铁锅笨鸡锅', '东北大拉皮', '铁锅炖大鹅', '玉米贴饼', '猪肉皮冻', '双人餐']"
B0FFF753SF,[],东北菜,[],[],餐饮服务;餐饮相关场所;餐饮相关,[],[],050000,0,[],上城区,[],0571-88326339;19012806391,B0JRS5NOWL,九堡街道格畈南苑社区1排16号101室,[],浙江省,diner,杭州市,320,"东北菜,烤鱼,猪肉炖粉条,小龙虾,蘑菇,排骨豆角一锅出,锅包肉,酱大骨,熘肉段,小鸡炖蘑菇,东北杀猪菜,排骨炖豆角,鸡肉,留肉段,酱骨头,地三鲜",表妹烧烤·东北菜铁锅炖(九堡店),"120.264029,30.324350",[],[],[],,,TRUE,TRUE,FALSE,FALSE,餐饮服务;餐饮相关场所;餐饮相关,餐饮服务,餐饮相关场所,"['东北菜', '烤鱼', '猪肉炖粉条', '小龙虾', '蘑菇', '排骨豆角一锅出', '锅包肉', '酱大骨', '熘肉段', '小鸡炖蘑菇', '东北杀猪菜', '排骨炖豆角', '鸡肉', '留肉段', '酱骨头', '地三鲜']"
B0FFKCKICI,[],东北菜,[],[],餐饮服务;中餐厅;东北菜,[],[],050113,0,[],上城区,[],18841852977,B0L0J5FTVA,环站东路768号东站花园商务中心2幢133室,[],浙江省,diner,杭州市,202,"东北菜,阜新锅包肉,东北酸菜铜火锅,铁板孜然羊肉,鲜味茄子,干炸带鱼,锅包肉,蒸饺",辽阜·艳姨蒸饺东北菜,"120.219416,30.297576",[],[],[],,,TRUE,TRUE,FALSE,FALSE,餐饮服务;中餐厅;东北菜,餐饮服务,中餐厅,"['东北菜', '阜新锅包肉', '东北酸菜铜火锅', '铁板孜然羊肉', '鲜味茄子', '干炸带鱼', '锅包肉', '蒸饺']"
B0FFF7WL27,[],东北菜,[],[],餐饮服务;中餐厅;中餐厅,[],[],050100,0,[],上城区,[],19357650969,B0JBHAXEII,格畈南苑一排25号,[],浙江省,diner,杭州市,202,"地锅鸡,干炸鲜蘑,锅包肉,给你湘迷糊·铁锅炖大鹅,铁锅炖大鹅,铁锅炖排骨,铁锅呼饼,铁锅炖,鸡肉,锅包肉,铁锅炖大鹅",幸福年铁锅炖熏酱小酒馆(九堡店),"120.262500,30.323134",[],[],[],,,TRUE,TRUE,FALSE,FALSE,餐饮服务;中餐厅;中餐厅,餐饮服务,中餐厅,"['地锅鸡', '干炸鲜蘑', '锅包肉', '给你湘迷糊·铁锅炖大鹅', '铁锅炖大鹅', '铁锅炖排骨', '铁锅呼饼', '铁锅炖', '鸡肉', '锅包肉', '铁锅炖大鹅']"
[],[],东北菜,[],[],餐饮服务;中餐厅;湖南菜(湘菜),[],[],050108,0,[],上城区,[],18881818363,B0LU67MRG0,九堡街道杭海路1177号(九堡地铁站C口步行90米),[],浙江省,diner,杭州市,[],"东北菜,东北地三鲜",马丫东北饭儿(九堡店),"120.265691,30.307982",[],[],[],,,TRUE,TRUE,FALSE,FALSE,餐饮服务;中餐厅;湖南菜(湘菜),餐饮服务,中餐厅,"['东北菜', '东北地三鲜']"
B023B09OQX,[],东北菜,[],[],餐饮服务;中餐厅;东北菜,[],[],050113,0,[],西湖区,[],18969091125,B0K04CRPXQ,晴川街41号,[],浙江省,diner,杭州市,320,"东北大拉皮,铁锅炖大鹅,玉米贴饼,二丫最爱吃的锅包肉,双人餐",二丫家东北铁锅炖大鹅(晴川街店),"120.083389,30.283761",[],[],[],,,TRUE,TRUE,FALSE,FALSE,餐饮服务;中餐厅;东北菜,餐饮服务,中餐厅,"['东北大拉皮', '铁锅炖大鹅', '玉米贴饼', '二丫最爱吃的锅包肉', '双人餐']"
[],[],东北菜,[],[],餐饮服务;中餐厅;特色/地方风味餐厅,[],[],050118,0,[],滨江区,[],18413259440;18668088876,B0FFHREGPL,滨兴东苑兴才街90-91号,[],浙江省,diner,杭州市,[],"双人餐,素菜",云姐东北蒸饺菜馆,"120.201268,30.193777",[],[],[],,,TRUE,TRUE,FALSE,FALSE,餐饮服务;中餐厅;特色/地方风味餐厅,餐饮服务,中餐厅,"['双人餐', '素菜']"
B023B08WT0,[],东北菜,[],[],餐饮服务;中餐厅;中餐厅,[],[],050100,0,[],上城区,[],[],B0K2BSEDPV,凤起东路358号天星龙大厦B幢群房一层129室,[],浙江省,diner,杭州市,202,"红酒雪梨,炖鱼,大鹅锅,粉条,麻酱拉皮,三道鳞,锅包肉,屯家排骨锅,花卷,铁锅炖大鹅,五花肉鱼锅,铁锅炖鱼,排骨炖豆角,大鹅锅",山河屯铁锅炖(景芳店),"120.208444,30.263315",[],[],[],,,TRUE,TRUE,FALSE,FALSE,餐饮服务;中餐厅;中餐厅,餐饮服务,中餐厅,"['红酒雪梨', '炖鱼', '大鹅锅', '粉条', '麻酱拉皮', '三道鳞', '锅包肉', '屯家排骨锅', '花卷', '铁锅炖大鹅', '五花肉鱼锅', '铁锅炖鱼', '排骨炖豆角', '大鹅锅']"
[],[],东北菜,[],[],餐饮服务;中餐厅;东北菜,[],[],050113,0,[],拱墅区,[],0571-88269706;13291813837,B023B073U8,信义坊商街26号,[],浙江省,diner,杭州市,[],"东北菜,东北大拉皮,锅包肉,排骨炖豆角一锅出,拔丝地瓜,地三鲜,白菜鲜肉水饺,韭菜盒子,烤羊排,丈母娘小鸡炖蘑菇,酱骨架,石锅豆腐,本鸡蘑菇一锅出,鱼头泡饼,东北烧鸡,番茄牛肉煲,蘑菇,鸡肉,东北酱骨架,地三鲜,羊肉串,酱骨头,哈尔滨锅包肉,排骨炖豆角,排骨豆角一锅出,韭菜盒子",厨创东北老家(信义坊),"120.145026,30.294180",[],[],[],,,TRUE,TRUE,FALSE,FALSE,餐饮服务;中餐厅;东北菜,餐饮服务,中餐厅,"['东北菜', '东北大拉皮', '锅包肉', '排骨炖豆角一锅出', '拔丝地瓜', '地三鲜', '白菜鲜肉水饺', '韭菜盒子', '烤羊排', '丈母娘小鸡炖蘑菇', '酱骨架', '石锅豆腐', '本鸡蘑菇一锅出', '鱼头泡饼', '东北烧鸡', '番茄牛肉煲', '蘑菇', '鸡肉', '东北酱骨架', '地三鲜', '羊肉串', '酱骨头', '哈尔滨锅包肉', '排骨炖豆角', '排骨豆角一锅出', '韭菜盒子']"
B023B0ABSB,[],东北菜,[],[],餐饮服务;中餐厅;中餐厅,[],[],050100,0,[],萧山区,[],18624228866,B0LAAUIW4V,金鸡路494-3号(金鸡路地铁站A口步行170米),[],浙江省,diner,杭州市,320,"东北菜,酱骨头,酱脊骨,老式锅包肉",滋啦灶东北菜,"120.253588,30.182726",[],[],[],,,TRUE,TRUE,FALSE,FALSE,餐饮服务;中餐厅;中餐厅,餐饮服务,中餐厅,"['东北菜', '酱骨头', '酱脊骨', '老式锅包肉']"
[],[],东北菜,[],[],餐饮服务;中餐厅;中餐厅,[],[],050100,0,[],上城区,[],17799800255,B0L16CSZ91,彭埠街道鸿泰路133号天空之翼商务中心3号楼1-101二号商铺,[],浙江省,diner,杭州市,[],"糖醋鸡架,豆角焖排骨,溜肉段,招牌粉丝虾,百草薰鸡,锅包肉",小拜年锅包肉,"120.221066,30.294763",[],[],[],,,TRUE,TRUE,FALSE,FALSE,餐饮服务;中餐厅;中餐厅,餐饮服务,中餐厅,"['糖醋鸡架', '豆角焖排骨', '溜肉段', '招牌粉丝虾', '百草薰鸡', '锅包肉']"
[],[],东北菜,[],[],餐饮服务;中餐厅;中餐厅,[],[],050100,0,[],余杭区,[],18072991315,B0J3OYPJ1A,五常街道9号2幢101(联胜路地铁站E口步行270米),[],浙江省,diner,杭州市,[],"东北大拉皮,铁锅炖大鹅,玉米贴饼,铁锅炖大鹅,东北锅包肉,双人餐",二丫家东北铁锅炖大鹅(联胜路店),"120.031609,30.242098",[],[],[],,,TRUE,TRUE,FALSE,FALSE,餐饮服务;中餐厅;中餐厅,餐饮服务,中餐厅,"['东北大拉皮', '铁锅炖大鹅', '玉米贴饼', '铁锅炖大鹅', '东北锅包肉', '双人餐']"
[],[],东北菜,[],[],餐饮服务;中餐厅;东北菜,[],[],050113,0,[],钱塘区,[],13018959996,B0HDN5EY9E,文渊路205号,[],浙江省,diner,杭州市,[],"东北菜,特色菜,锅包肉,地三鲜,小鸡炖蘑菇,锅包肉",老嘎达东北菜(原东北菜馆高沙店),"120.338465,30.316016",[],[],[],,,TRUE,TRUE,FALSE,FALSE,餐饮服务;中餐厅;东北菜,餐饮服务,中餐厅,"['东北菜', '特色菜', '锅包肉', '地三鲜', '小鸡炖蘑菇', '锅包肉']"
B0FFG97JK0,[],中餐,[],[],餐饮服务;中餐厅;特色/地方风味餐厅,[],[],050118,0,[],钱塘区,[],13396599986,B0L0KCPMQZ,金沙印象城5层L11,[],浙江省,diner,杭州市,202,"玉米饼子,铁锅炖大鹅,东北大拉皮,手工花卷,东北凉拌菜,哈尔滨红肠,双人餐",正月初二·哈尔滨铁锅炖(金沙印象城店),"120.336256,30.308566",[],[],[],,,TRUE,TRUE,FALSE,FALSE,餐饮服务;中餐厅;特色/地方风味餐厅,餐饮服务,中餐厅,"['玉米饼子', '铁锅炖大鹅', '东北大拉皮', '手工花卷', '东北凉拌菜', '哈尔滨红肠', '双人餐']"
B0FFGFQMXS,[],东北菜,[],[],餐饮服务;中餐厅;中餐厅,[],[],050100,0,[],萧山区,[],13173639555;18413259793,B0G0DZ7TWJ,青六南路1111号空港新天地F1层,[],浙江省,diner,杭州市,202,"杀猪菜,烤鳗鱼饭,牛肉串,五花肉,牛肉,锅包肉,锅包肉",东北大院(空港新天地店),"120.472883,30.234997",[],[],[],,,TRUE,TRUE,FALSE,FALSE,餐饮服务;中餐厅;中餐厅,餐饮服务,中餐厅,"['杀猪菜', '烤鳗鱼饭', '牛肉串', '五花肉', '牛肉', '锅包肉', '锅包肉']"
[],[],烧烤,[],[],餐饮服务;餐饮相关场所;餐饮相关,[],[],050000,0,[],拱墅区,[],13614011354,B0LD1OONIU,祥符街道汉之昀商业中心1-3号楼126-127室,[],浙江省,diner,杭州市,[],"东北菜,双人餐",辽A迷糊小串儿·东北烧烤·东北菜(蓝钻天城店),"120.114266,30.311816",[],[],[],,,TRUE,TRUE,FALSE,FALSE,餐饮服务;餐饮相关场所;餐饮相关,餐饮服务,餐饮相关场所,"['东北菜', '双人餐']"
B0FFG4FNXR,[],东北菜,[],[],餐饮服务;中餐厅;中餐厅,[],[],050100,0,[],萧山区,[],16601824009,B0L0TSA67X,金城路万象汇五楼515号,[],浙江省,diner,杭州市,202,"排骨,铁锅炖",玺炖·中国铁锅炖(萧山万象汇店),"120.268852,30.181811",[],[],[],,,TRUE,TRUE,FALSE,FALSE,餐饮服务;中餐厅;中餐厅,餐饮服务,中餐厅,"['排骨', '铁锅炖']"
B023B18CV5,[],东北菜,[],[],餐饮服务;中餐厅;中餐厅,[],[],050100,0,[],滨江区,[],13840246611;18329102277,B0FFJ2BQ0A,长河街道江陵路599号(西兴地铁站D口步行470米),[],浙江省,diner,杭州市,202,"东北菜,锅贴/每份,干炸鲜菇,地三鲜,酱炒蛋,烤千页豆腐,溜肉段,双人餐,锅包肉,鸡肉,锅贴,溜肉段,韭菜盒子,铁锅炖大鹅,熘肉段,老式锅包肉",福锅记(铁锅炖&东北菜),"120.217584,30.188458",[],[],[],,,TRUE,TRUE,FALSE,FALSE,餐饮服务;中餐厅;中餐厅,餐饮服务,中餐厅,"['东北菜', '锅贴/每份', '干炸鲜菇', '地三鲜', '酱炒蛋', '烤千页豆腐', '溜肉段', '双人餐', '锅包肉', '鸡肉', '锅贴', '溜肉段', '韭菜盒子', '铁锅炖大鹅', '熘肉段', '老式锅包肉']"
[],[],东北菜,[],[],餐饮服务;餐饮相关场所;餐饮相关,[],[],050000,0,[],上城区,[],0571-88474568;13757133359;15397119678,B0IDPAQ2VH,采荷路70号咱家水饺,[],浙江省,diner,杭州市,[],"鸡肉,韭菜盒子,锅包肉,酸菜鱼,锅包肉",咱家水饺(采荷店),"120.190056,30.252039",[],[],[],,,TRUE,TRUE,FALSE,FALSE,餐饮服务;餐饮相关场所;餐饮相关,餐饮服务,餐饮相关场所,"['鸡肉', '韭菜盒子', '锅包肉', '酸菜鱼', '锅包肉']"
B0FFKCYMO1,[],东北菜,[],[],餐饮服务;中餐厅;中餐厅,[],[],050100,0,[],上城区,[],15888815453,B0LROUW4U1,九堡街道新泽艺金座176号,[],浙江省,diner,杭州市,320,"东北菜,小龙虾",野火烧烤·东北菜,"120.281844,30.318872",[],[],[],,,TRUE,TRUE,FALSE,FALSE,餐饮服务;中餐厅;中餐厅,餐饮服务,中餐厅,"['东北菜', '小龙虾']"
B023B0A7PW,[],东北菜,[],[],餐饮服务;中餐厅;中餐厅,[],[],050100,0,[],钱塘区,[],15314630206,B0I305KHAO,学正街金沙居A座537号,[],浙江省,diner,杭州市,320,"东北菜,锅包肉,麻酱,猪肉,酸菜鱼,熘肉段,茄子,锅包肉,溜肉段",哈尔滨东北家常菜美玲家,"120.384704,30.306351",[],[],[],,,TRUE,TRUE,FALSE,FALSE,餐饮服务;中餐厅;中餐厅,餐饮服务,中餐厅,"['东北菜', '锅包肉', '麻酱', '猪肉', '酸菜鱼', '熘肉段', '茄子', '锅包肉', '溜肉段']"
B0FFHEJYMN,[],中餐,[],[],餐饮服务;餐饮相关场所;餐饮相关,[],[],050000,1,[],萧山区,[],13082820588;18955235064,B0H05UGQUK,长龙路199号105室(明星路地铁站B口步行300米),[],浙江省,diner,杭州市,202,"地锅鸡,鸡肉",锅武林·地锅鸡·东北烧烤小酒馆(长龙路乐创城店),"120.248212,30.207067",[],[],[],,,TRUE,TRUE,FALSE,FALSE,餐饮服务;餐饮相关场所;餐饮相关,餐饮服务,餐饮相关场所,"['地锅鸡', '鸡肉']"
B023B0ACDI,[],烧烤,[],[],餐饮服务;中餐厅;特色/地方风味餐厅,[],[],050118,0,[],滨江区,[],0571-86800857,B0HGTCA563,江南大道3786亚琪大厦F2层,[],浙江省,diner,杭州市,202,"东北菜,烤串,烤冷面,小龙虾,撸串,猪肉,螃蟹,金针菇,宵夜,牛肉串,羊肉串,锅包肉,每日炸坏锅锅包肉",芳达烧烤(亚琪大厦店),"120.162424,30.184919",[],[],[],,,TRUE,TRUE,FALSE,FALSE,餐饮服务;中餐厅;特色/地方风味餐厅,餐饮服务,中餐厅,"['东北菜', '烤串', '烤冷面', '小龙虾', '撸串', '猪肉', '螃蟹', '金针菇', '宵夜', '牛肉串', '羊肉串', '锅包肉', '每日炸坏锅锅包肉']"
[],[],烤肉,[],[],餐饮服务;中餐厅;中餐厅,[],[],050100,0,[],拱墅区,[],0571-86906515;4000678333,B0H65SKZR5,信义坊商街28号(湖墅新村西区西北2门东北60米),[],浙江省,diner,杭州市,[],"鸡肉,烤肉,牛肉,鲜牛肉",趣东北齐齐哈尔家庭烤肉,"120.144959,30.294186",[],[],[],,,TRUE,TRUE,FALSE,FALSE,餐饮服务;中餐厅;中餐厅,餐饮服务,中餐厅,"['鸡肉', '烤肉', '牛肉', '鲜牛肉']"
B0L3A1XVO0,[],东北菜,[],[],餐饮服务;餐饮相关场所;餐饮相关,[],[],050000,0,[],滨江区,[],0571-85335231,B0FFKXJYF9,浦沿街道滨盛路3867号宝龙城3幢401-27室,[],浙江省,diner,杭州市,202,"东北菜,蘑菇,锅包肉,鸡肉,牛肉,哈尔滨锅包肉",厨创东北大厨(滨江宝龙店),"120.166989,30.187090",[],[],[],,,TRUE,TRUE,FALSE,FALSE,餐饮服务;餐饮相关场所;餐饮相关,餐饮服务,餐饮相关场所,"['东北菜', '蘑菇', '锅包肉', '鸡肉', '牛肉', '哈尔滨锅包肉']"
[],[],东北菜,[],[],餐饮服务;中餐厅;中餐厅,[],[],050100,0,[],富阳区,[],18057139918;18258855701,B0FFJK0VI6,富春街道横凉亭路城西建材市场向西行200米,[],浙江省,diner,杭州市,[],"东北特色铁锅炖,东北铁锅炖,招牌,拔丝地瓜,铁锅炖,锅包肉,鸡肉",东北特色铁锅炖(青云桥店),"119.890439,30.042479",[],[],[],,,TRUE,TRUE,FALSE,FALSE,餐饮服务;中餐厅;中餐厅,餐饮服务,中餐厅,"['东北特色铁锅炖', '东北铁锅炖', '招牌', '拔丝地瓜', '铁锅炖', '锅包肉', '鸡肉']"
B0J6SK10WC,[],东北菜,[],[],餐饮服务;中餐厅;东北菜,[],[],050113,0,[],上城区,[],18817676443,B0IU7CK2WG,祝福街中盛府10幢底商9(新塘地铁站B口步行280米),[],浙江省,diner,杭州市,202,"地三鲜,锅包肉,小鸡炖蘑菇,排骨烧豆角,排骨炖豆角,小笨鸡蘑菇炖粉条",东北老菜馆,"120.204692,30.275363",[],[],[],,,TRUE,TRUE,FALSE,FALSE,餐饮服务;中餐厅;东北菜,餐饮服务,中餐厅,"['地三鲜', '锅包肉', '小鸡炖蘑菇', '排骨烧豆角', '排骨炖豆角', '小笨鸡蘑菇炖粉条']"
B0HAH9LG9S,[],东北菜,[],[],餐饮服务;中餐厅;东北菜,[],[],050113,1,[],上城区,[],15268555656,B0FFM7J9H3,九堡家苑三区10排28号,[],浙江省,diner,杭州市,202,"五花肉,铁锅炖大鹅,大排档,羊肉串,牛肉,铁锅炖,地三鲜",臻艾东北烧烤铁锅炖(九堡家苑店),"120.285717,30.313052",[],[],[],,,TRUE,TRUE,FALSE,FALSE,餐饮服务;中餐厅;东北菜,餐饮服务,中餐厅,"['五花肉', '铁锅炖大鹅', '大排档', '羊肉串', '牛肉', '铁锅炖', '地三鲜']"
B0GD7A9AIE,[],东北菜,[],[],餐饮服务;中餐厅;特色/地方风味餐厅,[],[],050118,0,[],西湖区,[],15201382410;17731501151,B0L12XVIYH,西溪天街3号楼117室王老笨东北过桥米线,[],浙江省,diner,杭州市,202,炸串,王老笨·东北过桥米线(龙湖杭州西溪天街店),"120.069158,30.292330",[],[],[],,,TRUE,TRUE,FALSE,FALSE,餐饮服务;中餐厅;特色/地方风味餐厅,餐饮服务,中餐厅,['炸串']
B0JBHS047D,[],东北菜,[],[],餐饮服务;中餐厅;东北菜,[],[],050113,0,[],萧山区,[],15658126677,B0K0VSHDYW,金珺澜庭一区1307号,[],浙江省,diner,杭州市,320,"东北菜,排骨炖豆角,杀猪菜,小鸡炖蘑菇,锅包肉",整点东北菜儿,"120.262848,30.209583",[],[],[],,,TRUE,TRUE,FALSE,FALSE,餐饮服务;中餐厅;东北菜,餐饮服务,中餐厅,"['东北菜', '排骨炖豆角', '杀猪菜', '小鸡炖蘑菇', '锅包肉']"
B0FFJ62XXT,[],东北菜,[],[],餐饮服务;中餐厅;东北菜,[],[],050113,0,[],萧山区,[],0571-87866229,B0J1N5K75S,飞虹路1408号奥体印象城4楼,[],浙江省,diner,杭州市,202,"东北菜,牛肉,拌饭,锅包肉",厨创东北大厨(奥体印象城店),"120.253112,30.224092",[],[],[],,,TRUE,TRUE,FALSE,FALSE,餐饮服务;中餐厅;东北菜,餐饮服务,中餐厅,"['东北菜', '牛肉', '拌饭', '锅包肉']"
B0G23RCFID,[],东北菜,[],[],餐饮服务;中餐厅;东北菜,[],[],050113,0,[],滨江区,[],13039256782;13173616782,B0LDC1XNKW,浦沿街道滨文路868号滨江开元广场5楼526号,[],浙江省,diner,杭州市,202,"东北铁锅炖,铁锅炖大鹅",聚福阁东北铁锅炖(滨江开元广场店),"120.135275,30.168925",[],[],[],,,TRUE,TRUE,FALSE,FALSE,餐饮服务;中餐厅;东北菜,餐饮服务,中餐厅,"['东北铁锅炖', '铁锅炖大鹅']"
B0GK2MIBOL,[],中餐,[],[],餐饮服务;中餐厅;综合酒楼,[],[],050101,1,[],西湖区,[],15336522238,B0J1YDMRGZ,双龙街99号三深国际下沉广场-步行楼梯入口位于三深星巴克侧面,[],浙江省,diner,杭州市,202,"东北菜,茄子,锅包肉,鱼香肉丝,麻辣烫,麻酱,金牌锅包肉",松花江上·东北小馆(三深国际中心店),"120.075004,30.291607",[],[],[],,,TRUE,TRUE,FALSE,FALSE,餐饮服务;中餐厅;综合酒楼,餐饮服务,中餐厅,"['东北菜', '茄子', '锅包肉', '鱼香肉丝', '麻辣烫', '麻酱', '金牌锅包肉']"
B0FFGZFVP8,[],东北菜,[],[],餐饮服务;中餐厅;中餐厅,[],[],050100,0,[],拱墅区,[],0571-87989690,B0KUFLYO87,D32时尚购物街区1层B105-b趣东北D32店,[],浙江省,diner,杭州市,202,"烤鸡翅,葱油饼,烤肉火锅",趣东北·烤肉火锅·放题自助(D32店),"120.137291,30.314818",[],[],[],,,TRUE,TRUE,FALSE,FALSE,餐饮服务;中餐厅;中餐厅,餐饮服务,中餐厅,"['烤鸡翅', '葱油饼', '烤肉火锅']"
B0L22C0ONA,[],东北菜,[],[],餐饮服务;中餐厅;中餐厅,[],[],050100,0,[],萧山区,[],0571-81959698,B0L2J76J6N,文明路1145号金地T-ONE MO 3楼厨创东北大厨,[],浙江省,diner,杭州市,202,[],厨创东北大厨(金帝T-ONE MO店),"120.239375,30.212825",[],[],[],,,TRUE,TRUE,FALSE,FALSE,餐饮服务;中餐厅;中餐厅,餐饮服务,中餐厅,[]
B0H6VHFWQ7,[],东北菜,[],[],餐饮服务;中餐厅;中餐厅,[],[],050100,0,[],余杭区,[],0571-87966225,B0IAS7MNH7,五常街道文一西路961号乐淘城6幢亲橙里购物中心4楼厨创东北大厨,[],浙江省,diner,杭州市,202,"东北菜,厨创大拉皮,长白山蘑菇炖笨鸡,哈尔滨锅包肉,酱大骨头,石锅豆腐,招牌菜,排骨豆角一锅出,排骨,锅包肉,小鸡炖蘑菇,韭菜盒子",厨创东北大厨(亲橙里店),"120.029415,30.281232",[],[],[],,,TRUE,TRUE,FALSE,FALSE,餐饮服务;中餐厅;中餐厅,餐饮服务,中餐厅,"['东北菜', '厨创大拉皮', '长白山蘑菇炖笨鸡', '哈尔滨锅包肉', '酱大骨头', '石锅豆腐', '招牌菜', '排骨豆角一锅出', '排骨', '锅包肉', '小鸡炖蘑菇', '韭菜盒子']"
B0FFJO9LJ0,[],东北菜,[],[],餐饮服务;中餐厅;中餐厅,[],[],050100,0,[],西湖区,[],0571-86039005,B0FFKZYLFE,学院路77号黄龙国际中心AB楼4层407-408室,[],浙江省,diner,杭州市,202,"东北菜,锅包肉,哈尔滨锅包肉",厨创东北大厨(黄龙国际中心店),"120.129281,30.275968",[],[],[],,,TRUE,TRUE,FALSE,FALSE,餐饮服务;中餐厅;中餐厅,餐饮服务,中餐厅,"['东北菜', '锅包肉', '哈尔滨锅包肉']"
B0LDJHXOLT,[],东北菜,[],[],餐饮服务;中餐厅;中餐厅,[],[],050100,0,[],萧山区,[],[],B0L1A7KDJ5,平澜路541号杭州亚奥万象天地L5层,[],浙江省,diner,杭州市,201,"蒜蓉粉丝跳跳虾,妈妈香熏骨,传统锅包肉,妈妈香薰骨,双人餐",北李妈妈菜(杭州亚奥万象天地店),"120.247304,30.255667",[],[],[],,,TRUE,TRUE,FALSE,FALSE,餐饮服务;中餐厅;中餐厅,餐饮服务,中餐厅,"['蒜蓉粉丝跳跳虾', '妈妈香熏骨', '传统锅包肉', '妈妈香薰骨', '双人餐']"
B0FFI6TJTD,[],东北菜,[],[],餐饮服务;中餐厅;中餐厅,[],[],050100,0,[],余杭区,[],[],B0LR05N5N0,聚橙路联创街钱塘汇银中心71-3号,[],浙江省,diner,杭州市,202,"铁锅炖,锅包肉,溜肉段,炖小笨鸡榛蘑粉条,小鸡炖蘑菇,熘肉段",曹园铁锅炖(汇银中心店),"120.027023,30.289033",[],[],[],,,TRUE,TRUE,FALSE,FALSE,餐饮服务;中餐厅;中餐厅,餐饮服务,中餐厅,"['铁锅炖', '锅包肉', '溜肉段', '炖小笨鸡榛蘑粉条', '小鸡炖蘑菇', '熘肉段']"
B0HGYRXPGM,[],东北菜,[],[],餐饮服务;中餐厅;东北菜,[],[],050113,0,[],余杭区,[],0571-87966230,B0J1TACTWS,闲林街道闲林中路291号4幢4-3号商铺厨创闲林埠店,[],浙江省,diner,杭州市,320,"东北菜,地三鲜,排骨,哈尔滨锅包肉,锅包肉",厨创东北大厨(闲林埠店),"119.987231,30.222754",[],[],[],,,TRUE,TRUE,FALSE,FALSE,餐饮服务;中餐厅;东北菜,餐饮服务,中餐厅,"['东北菜', '地三鲜', '排骨', '哈尔滨锅包肉', '锅包肉']"
B023B18TAS,[],东北菜,[],[],餐饮服务;中餐厅;特色/地方风味餐厅,[],[],050118,0,[],滨江区,[],13107733321;13357132227,B0L2SH61HL,江南大道3672-27号,[],浙江省,diner,杭州市,320,"东北老式烧鸡,爆汁牛肉大蒸饺",云屉记东北蒸饺菜馆,"120.162924,30.185787",[],[],[],,,TRUE,TRUE,FALSE,FALSE,餐饮服务;中餐厅;特色/地方风味餐厅,餐饮服务,中餐厅,"['东北老式烧鸡', '爆汁牛肉大蒸饺']"
B0MDY1VR86,[],东北菜,[],[],餐饮服务;中餐厅;东北菜,[],[],050113,1,[],滨江区,[],13067733455,B0K16URWC2,滨盛路8号奥体银泰莲菏里E区11铺(麦当劳右侧通道直行5米),[],浙江省,diner,杭州市,320,"招牌锅包肉,麻辣烫",松花江上·东北小馆(莲荷里店),"120.230967,30.227318",[],[],[],,,TRUE,TRUE,FALSE,FALSE,餐饮服务;中餐厅;东北菜,餐饮服务,中餐厅,"['招牌锅包肉', '麻辣烫']"
[],[],烤肉,[],[],餐饮服务;外国餐厅;外国餐厅,[],[],050200,0,[],上城区,[],18367107177,B0J13MJ1H8,后市街17号,[],浙江省,diner,杭州市,[],"烤肉,锅包肉",老底子饭盒烤肉·东北菜·东北烧烤(原凤山路店),"120.169033,30.240885",[],[],[],,,TRUE,TRUE,FALSE,FALSE,餐饮服务;外国餐厅;外国餐厅,餐饮服务,外国餐厅,"['烤肉', '锅包肉']"
B0FFHGM6RY,[],东北菜,[],[],餐饮服务;中餐厅;东北菜,[],[],050113,0,[],拱墅区,[],0571-87761326,B0FFILJB39,长浜路新天地2幢3楼309,[],浙江省,diner,杭州市,201,"东北菜,厨创大拉皮,长白山蘑菇炖笨鸡,骨汤白菜炖冻豆腐,排骨豆角一锅出,猪肉炖粉条,招牌菜,尖椒炒羊杂,地三鲜,羊肉串,松仁玉米年糕,东北烧豆角,拔丝地瓜,素心菜心,哈尔滨锅包肉,酱大骨头,石锅豆腐,排骨,锅包肉",厨创东北老家(新天地购物中心店),"120.180150,30.323068",[],[],[],,,TRUE,TRUE,FALSE,FALSE,餐饮服务;中餐厅;东北菜,餐饮服务,中餐厅,"['东北菜', '厨创大拉皮', '长白山蘑菇炖笨鸡', '骨汤白菜炖冻豆腐', '排骨豆角一锅出', '猪肉炖粉条', '招牌菜', '尖椒炒羊杂', '地三鲜', '羊肉串', '松仁玉米年糕', '东北烧豆角', '拔丝地瓜', '素心菜心', '哈尔滨锅包肉', '酱大骨头', '石锅豆腐', '排骨', '锅包肉']"
B0FFLA8B41,[],烧烤,[],[],餐饮服务;餐饮相关场所;餐饮相关,[],[],050000,0,[],拱墅区,[],18624578302,B0LD5O7B5T,舟山东路198号宸创大厦F1层,[],浙江省,diner,杭州市,202,"东北菜,特色烧烤,东北老式锅包肉",辽A特色烧烤东北菜舟山东路店(辽A特色烧烤东北菜),"120.147837,30.318965",[],[],[],,,TRUE,TRUE,FALSE,FALSE,餐饮服务;餐饮相关场所;餐饮相关,餐饮服务,餐饮相关场所,"['东北菜', '特色烧烤', '东北老式锅包肉']"
[],[],东北菜,[],[],餐饮服务;中餐厅;东北菜,[],[],050113,0,[],拱墅区,[],15397182577,B0I01HWF8X,体育场路434号(武林门地铁站A2口步行200米),[],浙江省,diner,杭州市,[],"东北菜,水煮肉片,锅包肉,烤串,锅包肉小味挠一下就上来",大胡子烧烤·东北菜(武林门店),"120.156332,30.270936",[],[],[],,,TRUE,TRUE,FALSE,FALSE,餐饮服务;中餐厅;东北菜,餐饮服务,中餐厅,"['东北菜', '水煮肉片', '锅包肉', '烤串', '锅包肉小味挠一下就上来']"
[],[],东北菜,[],[],餐饮服务;餐饮相关场所;餐饮相关,[],[],050000,0,[],拱墅区,[],[],B0KURMUO14,万达商业中心3幢二单元167室,[],浙江省,diner,杭州市,[],"铁锅炖大鹅,铁锅炖排骨,铁锅呼饼,地锅鸡,干炸鲜蘑,锅包肉,给你湘迷糊·铁锅炖大鹅,铁锅炖大鹅,锅包肉酸甜可口",幸福年铁锅熏酱小酒馆(拱墅万达店),"120.123006,30.331352",[],[],[],,,TRUE,TRUE,FALSE,FALSE,餐饮服务;餐饮相关场所;餐饮相关,餐饮服务,餐饮相关场所,"['铁锅炖大鹅', '铁锅炖排骨', '铁锅呼饼', '地锅鸡', '干炸鲜蘑', '锅包肉', '给你湘迷糊·铁锅炖大鹅', '铁锅炖大鹅', '锅包肉酸甜可口']"
B0FFGAR5GG,[],砂锅,[],[],餐饮服务;中餐厅;中餐厅,[],[],050100,0,[],滨江区,[],17506515253,B0K0CCFNLF,星耀城1期1幢115号,[],浙江省,diner,杭州市,202,"油饼,烙饼",马姥姥东北砂锅,"120.214468,30.213568",[],[],[],,,TRUE,TRUE,FALSE,FALSE,餐饮服务;中餐厅;中餐厅,餐饮服务,中餐厅,"['油饼', '烙饼']"
B0L02ANM9X,[],东北菜,[],[],餐饮服务;中餐厅;东北菜,[],[],050113,0,[],拱墅区,[],0571-85126981,B0K0HSK08O,祥符街道万达广场4楼厨创拱墅万达店,[],浙江省,diner,杭州市,202,[],厨创东北大厨(拱墅万达店),"120.119313,30.330420",[],[],[],,,TRUE,TRUE,FALSE,FALSE,餐饮服务;中餐厅;东北菜,餐饮服务,中餐厅,[]
[],[],东北菜,[],[],餐饮服务;中餐厅;东北菜,[],[],050113,0,[],余杭区,[],13336099555,B0L3MLP48N,五常街道宝橙广场22一18号,[],浙江省,diner,杭州市,[],东北铁锅炖,高粱屯东北铁锅炖,"120.030673,30.283532",[],[],[],,,TRUE,TRUE,FALSE,FALSE,餐饮服务;中餐厅;东北菜,餐饮服务,中餐厅,['东北铁锅炖']
[],[],东北菜,[],[],餐饮服务;中餐厅;东北菜,[],[],050113,0,[],上城区,[],15669487090,B0L15D0X7B,九华路1号12幢1层116室,[],浙江省,diner,杭州市,[],东北菜,依兰老味?烧烤?东北菜(九堡店),"120.258436,30.319336",[],[],[],,,TRUE,TRUE,FALSE,FALSE,餐饮服务;中餐厅;东北菜,餐饮服务,中餐厅,['东北菜']
B0HRVL1H8U,[],东北菜,[],[],餐饮服务;中餐厅;中餐厅,[],[],050100,0,[],西湖区,[],13396560238,B0KDT7MQ0Y,西投银泰城四楼,[],浙江省,diner,杭州市,320,"东北菜,小炒黄牛肉,地三鲜,小鸡炖蘑菇粉条,双人餐,鸡肉,锅包肉",胖东北·新派东北菜(西投银泰店),"120.103213,30.146783",[],[],[],,,TRUE,TRUE,FALSE,FALSE,餐饮服务;中餐厅;中餐厅,餐饮服务,中餐厅,"['东北菜', '小炒黄牛肉', '地三鲜', '小鸡炖蘑菇粉条', '双人餐', '鸡肉', '锅包肉']"
B0FFHNUF9R,[],东北菜,[],[],餐饮服务;中餐厅;中餐厅,[],[],050100,0,[],拱墅区,[],13777473338,B0LDU5808Q,延安路550银泰百货武林店B馆5F层,[],浙江省,diner,杭州市,202,铁锅炖,东北炬铁锅炖(武林银泰百货B馆店),"120.164025,30.269125",[],[],[],,,TRUE,TRUE,FALSE,FALSE,餐饮服务;中餐厅;中餐厅,餐饮服务,中餐厅,['铁锅炖']
B023B08CJY,[],东北菜,[],[],餐饮服务;中餐厅;中餐厅,[],[],050100,0,[],西湖区,[],19550171768,B0K3M9U3JS,古荡文三路451-453号中茵大厦A座207室停车场入口边上楼梯上2层,[],浙江省,diner,杭州市,202,"东北铁锅炖,地锅鸡",老阚东北铁锅炖(中茵大厦店),"120.127775,30.276525",[],[],[],,,TRUE,TRUE,FALSE,FALSE,餐饮服务;中餐厅;中餐厅,餐饮服务,中餐厅,"['东北铁锅炖', '地锅鸡']"
B0FFF84NO9,[],东北菜,[],[],餐饮服务;中餐厅;中餐厅,[],[],050100,0,[],富阳区,[],15868885867,B0FFH0DS91,富春街道金桥村三根桥三幢1号,[],浙江省,diner,杭州市,202,"羊肉串,烤鱼,炒螺蛳,酱爆螺丝",小红砂锅(三根桥店),"119.925078,30.053339",[],[],[],,,TRUE,TRUE,FALSE,FALSE,餐饮服务;中餐厅;中餐厅,餐饮服务,中餐厅,"['羊肉串', '烤鱼', '炒螺蛳', '酱爆螺丝']"
B0HG0SX6BO,[],东北菜,[],[],餐饮服务;中餐厅;中餐厅,[],[],050100,0,[],拱墅区,[],0571-88268725,B0HAT11DV2,隐秀路1号大悦城购物中心L7-10号商铺,[],浙江省,diner,杭州市,201,"东北菜,排骨豆角一锅出,地三鲜,羊肉串,东北打卤面,番茄炒蛋,猪肉炖粉条,招牌菜,香煎粘豆包,拔丝地瓜,素心菜心,哈尔滨锅包肉,酱大骨头,石锅豆腐,排骨酸菜贴饼子,厨创大拉皮,长白山蘑菇炖笨鸡,京酱肉丝,牛肉,小鸡炖蘑菇,韭菜盒子,酱骨头,酱大骨头,锅包肉,鸡肉",厨创东北大厨(大悦城店),"120.130000,30.301859",[],[],[],,,TRUE,TRUE,FALSE,FALSE,餐饮服务;中餐厅;中餐厅,餐饮服务,中餐厅,"['东北菜', '排骨豆角一锅出', '地三鲜', '羊肉串', '东北打卤面', '番茄炒蛋', '猪肉炖粉条', '招牌菜', '香煎粘豆包', '拔丝地瓜', '素心菜心', '哈尔滨锅包肉', '酱大骨头', '石锅豆腐', '排骨酸菜贴饼子', '厨创大拉皮', '长白山蘑菇炖笨鸡', '京酱肉丝', '牛肉', '小鸡炖蘑菇', '韭菜盒子', '酱骨头', '酱大骨头', '锅包肉', '鸡肉']"
B0FFHKCJKO,[],东北菜,[],[],餐饮服务;中餐厅;中餐厅,[],[],050100,0,[],上城区,[],0571-87966220,B0H0LDHP7G,景昙路杭州大厦城市广场501二楼,[],浙江省,diner,杭州市,202,"东北菜,排骨豆角一锅出,厨创大拉皮,长白山蘑菇炖笨鸡,猪肉炖粉条,招牌菜,地三鲜,羊肉串,拔丝地瓜,素心菜心,哈尔滨锅包肉,酱大骨头,石锅豆腐,鸡肉,排骨,蘑菇,锅包肉",厨创东北大厨(杭州大厦501店),"120.203958,30.259913",[],[],[],,,TRUE,TRUE,FALSE,FALSE,餐饮服务;中餐厅;中餐厅,餐饮服务,中餐厅,"['东北菜', '排骨豆角一锅出', '厨创大拉皮', '长白山蘑菇炖笨鸡', '猪肉炖粉条', '招牌菜', '地三鲜', '羊肉串', '拔丝地瓜', '素心菜心', '哈尔滨锅包肉', '酱大骨头', '石锅豆腐', '鸡肉', '排骨', '蘑菇', '锅包肉']"
B0K62A5UAJ,[],东北菜,[],[],餐饮服务;中餐厅;东北菜,[],[],050113,0,[],临平区,[],15157585396;15921327998,B0L025NK44,崇杭街777号杭州城北招商花园城L4层,[],浙江省,diner,杭州市,201,[],东北风,"120.159360,30.382154",[],[],[],,,TRUE,TRUE,FALSE,FALSE,餐饮服务;中餐厅;东北菜,餐饮服务,中餐厅,[]
[],[],东北菜,[],[],餐饮服务;餐饮相关场所;餐饮相关,[],[],050000,0,[],余杭区,[],18967159488,B0K2MXUEDM,龙泉路1号101,[],浙江省,diner,杭州市,[],"牛肉大蒸饺,酸菜蒸饺,虾仁肉三鲜大蒸饺,角瓜鸡蛋,小菜拼盘,熘肉段,溜肉段,地三鲜,锅包肉,小鸡炖蘑菇,锅包肉",东北蒸饺菜馆(余杭店),"119.988978,30.282043",[],[],[],,,TRUE,TRUE,FALSE,FALSE,餐饮服务;餐饮相关场所;餐饮相关,餐饮服务,餐饮相关场所,"['牛肉大蒸饺', '酸菜蒸饺', '虾仁肉三鲜大蒸饺', '角瓜鸡蛋', '小菜拼盘', '熘肉段', '溜肉段', '地三鲜', '锅包肉', '小鸡炖蘑菇', '锅包肉']"
B0FFK3N173,[],烤肉,[],[],餐饮服务;中餐厅;特色/地方风味餐厅,[],[],050118,0,[],滨江区,[],18945012268;18945016059,B0K2LSE8FX,中赢康康谷4幢109,[],浙江省,diner,杭州市,202,"原味东北大油边,烤深海鲈鱼,筋头巴脑锅,锅包肉,锅包肉,大排,小龙虾",小两口大排挡,"120.214470,30.195175",[],[],[],,,TRUE,TRUE,FALSE,FALSE,餐饮服务;中餐厅;特色/地方风味餐厅,餐饮服务,中餐厅,"['原味东北大油边', '烤深海鲈鱼', '筋头巴脑锅', '锅包肉', '锅包肉', '大排', '小龙虾']"
B023B0ABI3,[],东北菜,[],[],餐饮服务;中餐厅;中餐厅,[],[],050100,0,[],钱塘区,[],13588807665;18768430572,B0FFF6V2TY,下沙6号大街云水苑淘宝街商铺16号,[],浙江省,diner,杭州市,320,"东北菜,溜肉段,熘肉段,锅包肉,锅包肉,家常菜,羊肉",小巷酒家(云水苑店),"120.385227,30.303240",[],[],[],,,TRUE,TRUE,FALSE,FALSE,餐饮服务;中餐厅;中餐厅,餐饮服务,中餐厅,"['东北菜', '溜肉段', '熘肉段', '锅包肉', '锅包肉', '家常菜', '羊肉']"
B023B08C3T,[],东北菜,[],[],餐饮服务;餐饮相关场所;餐饮相关,[],[],050000,0,[],西湖区,[],15945295392;17681867345,B0LU15BVGR,文三路408号中电万谷B座111室,[],浙江省,diner,杭州市,202,东北菜,头牌·鹤岗烧烤东北菜(文三店),"120.125649,30.277956",[],[],[],,,TRUE,TRUE,FALSE,FALSE,餐饮服务;餐饮相关场所;餐饮相关,餐饮服务,餐饮相关场所,['东北菜']
B0FFG97JK0,[],东北菜,[],[],餐饮服务;餐饮相关场所;餐饮相关,[],[],050000,0,[],钱塘区,[],0571-87137660,B0K1CSK6OP,金沙大道97号杭州金沙印象城L5层,[],浙江省,diner,杭州市,202,"溜肉段,熘肉段,牛肉,锅包肉,锅包肉,地三鲜",厨创东北大厨(金沙印象城店),"120.336402,30.308871",[],[],[],,,TRUE,TRUE,FALSE,FALSE,餐饮服务;餐饮相关场所;餐饮相关,餐饮服务,餐饮相关场所,"['溜肉段', '熘肉段', '牛肉', '锅包肉', '锅包肉', '地三鲜']"
B023B17WP5,[],火锅,[],[],餐饮服务;中餐厅;火锅店,[],[],050117,0,[],拱墅区,[],19357680960,B0L1TN115K,石桥街道石祥路138号中大银泰城B1层B131A号,[],浙江省,diner,杭州市,202,[],朱富贵火锅(杭州中大银泰店),"120.177118,30.327759",[],[],[],,,TRUE,TRUE,FALSE,FALSE,餐饮服务;中餐厅;火锅店,餐饮服务,中餐厅,[]
B0FFGQ2Z5N,[],火锅,[],[],餐饮服务;中餐厅;火锅店,[],[],050117,0,[],上城区,[],0571-22932630;0571-86597756,B0FFKQIOWE,明月桥路三花国际大厦2层09号商铺,[],浙江省,diner,杭州市,202,"川味果香五花腊肉,双人餐,炒饭,单人餐,小酥肉,牛肉,虾滑",海底捞火锅(杭州三花国际店),"120.224079,30.294517",[],[],[],,,TRUE,TRUE,FALSE,FALSE,餐饮服务;中餐厅;火锅店,餐饮服务,中餐厅,"['川味果香五花腊肉', '双人餐', '炒饭', '单人餐', '小酥肉', '牛肉', '虾滑']"
B023B0ACDG,[],牛肉火锅,[],[],餐饮服务;中餐厅;中餐厅,[],[],050100,0,[],滨江区,[],18329171222,B0JAS5555G,伟业路298号(伟业路地铁站A口步行340米),[],浙江省,diner,杭州市,202,牛肉,老秦凉都黄牛肉馆(滨江总店),"120.159466,30.185122",[],[],[],,,TRUE,TRUE,FALSE,FALSE,餐饮服务;中餐厅;中餐厅,餐饮服务,中餐厅,['牛肉']
[],[],潮汕火锅,[],[],餐饮服务;中餐厅;火锅店,[],[],050117,0,[],富阳区,[],0571-63531555,B0KADZK4ET,春秋北路635号,[],浙江省,diner,杭州市,[],"大排档,牛肉",宽马记大排档·热鲜牛肉海鲜火锅(杭州首店),"119.939375,30.070231",[],[],[],,,TRUE,TRUE,FALSE,FALSE,餐饮服务;中餐厅;火锅店,餐饮服务,中餐厅,"['大排档', '牛肉']"
B0FFJCUZHT,[],四川火锅,[],[],餐饮服务;中餐厅;火锅店,[],[],050117,0,[],上城区,[],0571-87022151,B0KURS8590,延安路258号杭州湖滨银泰in77C1区F3层,[],浙江省,diner,杭州市,202,毛肚,巴奴毛肚火锅(杭州湖滨in77店),"120.164836,30.253550",[],[],[],,,TRUE,TRUE,FALSE,FALSE,餐饮服务;中餐厅;火锅店,餐饮服务,中餐厅,['毛肚']
[],[],海鲜火锅,[],[],餐饮服务;中餐厅;火锅店,[],[],050117,0,[],拱墅区,[],19975295646,B0L3A1WJTM,祥符街道万达广场4层,[],浙江省,diner,杭州市,[],[],朱富贵火锅(杭州拱墅万达店),"120.119095,30.330000",[],[],[],,,TRUE,TRUE,FALSE,FALSE,餐饮服务;中餐厅;火锅店,餐饮服务,中餐厅,[]
B0FFIMEKW0,[],火锅,[],[],餐饮服务;中餐厅;火锅店,[],[],050117,0,[],上城区,[],0571-87030335;0571-87036615,B0FFLBF8NK,延安路239号in77D区五层01商铺,[],浙江省,diner,杭州市,202,"黄土高原滩羊卷,冰爽葡萄柠檬茶,虫草花乌鸡丸,川味果香五花腊肉,内蒙罕山白绒山羊,雪人豆乳蛋糕,云南文山红甸山药,拉面,羊肉,小酥肉,宵夜,柠檬茶,毛肚,牛肉,肥牛,虾滑",海底捞火锅(杭州湖滨in77D区店),"120.163618,30.252998",[],[],[],,,TRUE,TRUE,FALSE,FALSE,餐饮服务;中餐厅;火锅店,餐饮服务,中餐厅,"['黄土高原滩羊卷', '冰爽葡萄柠檬茶', '虫草花乌鸡丸', '川味果香五花腊肉', '内蒙罕山白绒山羊', '雪人豆乳蛋糕', '云南文山红甸山药', '拉面', '羊肉', '小酥肉', '宵夜', '柠檬茶', '毛肚', '牛肉', '肥牛', '虾滑']"
[],[],牛肉火锅,[],[],餐饮服务;中餐厅;中餐厅,[],[],050100,0,[],萧山区,[],13575455676,B0FFI0HUML,明星路125号,[],浙江省,diner,杭州市,[],牛肉,老秦凉都黄牛肉馆(萧山店),"120.248971,30.195537",[],[],[],,,TRUE,TRUE,FALSE,FALSE,餐饮服务;中餐厅;中餐厅,餐饮服务,中餐厅,['牛肉']
B0GRK54YP4,[],重庆火锅,[],[],餐饮服务;餐饮相关场所;餐饮相关,[],[],050000,0,[],上城区,[],0571-87220222,B0JU1UXNR7,平海路124号杭州湖滨88B1层,[],浙江省,diner,杭州市,202,牛肉,二火锅(杭州店),"120.162375,30.254130",[],[],[],,,TRUE,TRUE,FALSE,FALSE,餐饮服务;餐饮相关场所;餐饮相关,餐饮服务,餐饮相关场所,['牛肉']
B023B194EB,[],牛肉火锅,[],[],餐饮服务;中餐厅;火锅店,[],[],050117,0,[],滨江区,[],18967129755,B0I1L7NMIF,西兴街道通和路68号中财大厦F1层,[],浙江省,diner,杭州市,202,牛肉,小牛滚滚贵州黄牛肉火锅(中财店),"120.214101,30.209280",[],[],[],,,TRUE,TRUE,FALSE,FALSE,餐饮服务;中餐厅;火锅店,餐饮服务,中餐厅,['牛肉']
[],[],牛肉火锅,[],[],餐饮服务;中餐厅;中餐厅,[],[],050100,0,[],萧山区,[],17767196677,B0GK1CYU4N,宁围街道市心北路236.238号,[],浙江省,diner,杭州市,[],牛肉,老秦凉都黄牛肉馆(市心北路店),"120.269257,30.206600",[],[],[],,,TRUE,TRUE,FALSE,FALSE,餐饮服务;中餐厅;中餐厅,餐饮服务,中餐厅,['牛肉']
[],[],火锅鸡,[],[],餐饮服务;中餐厅;中餐厅,[],[],050100,0,[],滨江区,[],0571-87819131,B0KRMARSIO,闻涛路1852号,[],浙江省,diner,杭州市,[],"双人餐,鸡肉,鸡汤",叶老头碳炉草本鸡煲(杭州滨江店),"120.198143,30.209405",[],[],[],,,TRUE,TRUE,FALSE,FALSE,餐饮服务;中餐厅;中餐厅,餐饮服务,中餐厅,"['双人餐', '鸡肉', '鸡汤']"
B0G1G1PS4M,[],小火锅,[],[],餐饮服务;中餐厅;中餐厅,[],[],050100,0,[],上城区,[],19357538378,B0L0TSASAE,湖滨街道延安路工联CC商场4楼,[],浙江省,diner,杭州市,202,"糖水铺,自助小火锅,自助餐",蛮涮自助小火锅·糖水铺子集合店(工联CC店),"120.164647,30.254838",[],[],[],,,TRUE,TRUE,FALSE,FALSE,餐饮服务;中餐厅;中餐厅,餐饮服务,中餐厅,"['糖水铺', '自助小火锅', '自助餐']"
B0FFKXU30G,[],火锅,[],[],餐饮服务;中餐厅;火锅店,[],[],050117,0,[],萧山区,[],0571-83521102;0571-83521103,B0FFM5GY8Y,宁围街道归谷大厦4F-04号,[],浙江省,diner,杭州市,202,"雪人豆乳蛋糕,云南文山红甸山药,黄土高原滩羊卷,冰爽葡萄柠檬茶,虫草花乌鸡丸,内蒙罕山白绒山羊,小酥肉,单人餐,柠檬茶,鸡肉",海底捞火锅(杭州萧山归谷中心店),"120.256462,30.235612",[],[],[],,,TRUE,TRUE,FALSE,FALSE,餐饮服务;中餐厅;火锅店,餐饮服务,中餐厅,"['雪人豆乳蛋糕', '云南文山红甸山药', '黄土高原滩羊卷', '冰爽葡萄柠檬茶', '虫草花乌鸡丸', '内蒙罕山白绒山羊', '小酥肉', '单人餐', '柠檬茶', '鸡肉']"
B0FFI9QNFJ,[],火锅,[],[],餐饮服务;中餐厅;火锅店,[],[],050117,0,[],萧山区,[],17357176377,B0L1YZE20D,北干街道市中心路288号汇德隆银隆A座5层第A509A510号,[],浙江省,diner,杭州市,202,自助小火锅,龍歌自助小火锅(银隆百货A座店),"120.268389,30.171525",[],[],[],,,TRUE,TRUE,FALSE,FALSE,餐饮服务;中餐厅;火锅店,餐饮服务,中餐厅,['自助小火锅']
B0FFF35LD9,[],海鲜火锅,[],[],餐饮服务;中餐厅;火锅店,[],[],050117,0,[],上城区,[],18358573245,B0I3L7YDY2,杭州港龙悠乐城南门西100米,[],浙江省,diner,杭州市,202,双人餐,海鲨岛海鲜豆捞餐厅,"120.224609,30.292924",[],[],[],,,TRUE,TRUE,FALSE,FALSE,餐饮服务;中餐厅;火锅店,餐饮服务,中餐厅,['双人餐']
B0FFL9RQ5O,[],自助餐,[],[],餐饮服务;中餐厅;火锅店,[],[],050117,0,[],上城区,[],0571-87016023,B0H2PZN5BA,星远里二弄8号(龙翔桥地铁站B口步行360米),[],浙江省,diner,杭州市,324,"烤肉大串,吃好喝好,长生不老,纯正的京味儿,无限量畅吃,秘制酱料,单人餐,烤串,牛肉,羊肉串,自助餐,烤肉,羊肉",罗氏京東盛·老北京铜锅涮肉·烤串(西湖总店),"120.161053,30.255855",[],[],[],,,TRUE,TRUE,FALSE,FALSE,餐饮服务;中餐厅;火锅店,餐饮服务,中餐厅,"['烤肉大串', '吃好喝好', '长生不老', '纯正的京味儿', '无限量畅吃', '秘制酱料', '单人餐', '烤串', '牛肉', '羊肉串', '自助餐', '烤肉', '羊肉']"
B023B06G0X,[],火锅,[],[],餐饮服务;中餐厅;中餐厅,[],[],050100,0,[],拱墅区,[],19517948486,B0KGDDKVKI,中山北路399-401,[],浙江省,diner,杭州市,320,牛肉,泉市鲜活牛肉店(百井坊店),"120.167765,30.267163",[],[],[],,,TRUE,TRUE,FALSE,FALSE,餐饮服务;中餐厅;中餐厅,餐饮服务,中餐厅,['牛肉']
B0FFF33YP1,[],火锅鸡,[],[],餐饮服务;餐饮相关场所;餐饮相关,[],[],050000,0,[],萧山区,[],18758855018,B0LUTC5G6H,富业巷民营企业发展大厦裙楼一楼,[],浙江省,diner,杭州市,202,[],叶老头碳炉草本鸡煲(杭州萧山店),"120.256475,30.231225",[],[],[],,,TRUE,TRUE,FALSE,FALSE,餐饮服务;餐饮相关场所;餐饮相关,餐饮服务,餐饮相关场所,[]
B0FFI9QNFJ,[],火锅,[],[],餐饮服务;中餐厅;火锅店,[],[],050117,0,[],萧山区,[],0571-22932605;0571-83535960,B0FFK9BNM9,市心中路288号汇德隆银隆A座4层,[],浙江省,diner,杭州市,202,"川味果香五花腊肉,虾滑,牛肉",海底捞火锅(杭州萧山银隆百货店),"120.268572,30.171761",[],[],[],,,TRUE,TRUE,FALSE,FALSE,餐饮服务;中餐厅;火锅店,餐饮服务,中餐厅,"['川味果香五花腊肉', '虾滑', '牛肉']"
B0JRFCSVRF,[],小火锅,[],[],餐饮服务;中餐厅;火锅店,[],[],050117,0,[],上城区,[],18957267382,B0L0MS8RN2,九堡街道九华路龙湖杭州上城天街A-4-42号,[],浙江省,diner,杭州市,202,自助小火锅,龍歌自助小火锅(上城龙湖店),"120.278310,30.331019",[],[],[],,,TRUE,TRUE,FALSE,FALSE,餐饮服务;中餐厅;火锅店,餐饮服务,中餐厅,['自助小火锅']
B0I1X6IYQ7,[],潮汕火锅,[],[],餐饮服务;中餐厅;火锅店,[],[],050117,0,[],余杭区,[],15258841249,B0K0D7K5MX,鼎创财富中心A1幢1楼103室,[],浙江省,diner,杭州市,202,"闽南芭乐茉莉柠檬茶,卤牛腩,果茶,牛肉",梅溪徐记·鲜牛肉火锅(余杭鼎创杭州首店),"120.008009,30.281360",[],[],[],,,TRUE,TRUE,FALSE,FALSE,餐饮服务;中餐厅;火锅店,餐饮服务,中餐厅,"['闽南芭乐茉莉柠檬茶', '卤牛腩', '果茶', '牛肉']"
B0HG0SX6BO,[],自助餐,[],[],餐饮服务;外国餐厅;日本料理,[],[],050202,0,[],拱墅区,[],0571-88012530;15355080257,B0LATU7DI6,隐秀路1号杭州大悦城购物中心7层L717号(DQ冰淇淋旁观光电梯),[],浙江省,diner,杭州市,202,"寿喜烧,寿喜锅",牛New寿喜烧(大悦城店),"120.129407,30.302011",[],[],[],,,TRUE,TRUE,FALSE,FALSE,餐饮服务;外国餐厅;日本料理,餐饮服务,外国餐厅,"['寿喜烧', '寿喜锅']"
B0FFGAR5GG,[],牛肉火锅,[],[],餐饮服务;中餐厅;中餐厅,[],[],050100,0,[],滨江区,[],13857173967,B0KKY7ALSO,江陵路2050号,[],浙江省,diner,杭州市,202,"油条,年糕,牛肉",老秦凉都黄牛肉馆(星耀城店),"120.214064,30.213684",[],[],[],,,TRUE,TRUE,FALSE,FALSE,餐饮服务;中餐厅;中餐厅,餐饮服务,中餐厅,"['油条', '年糕', '牛肉']"
B023B14VVX,[],火锅,[],[],餐饮服务;中餐厅;火锅店,[],[],050117,1,[],萧山区,[],0571-28105330;0571-83696258,B023B175SA,金城路333号LSE城市生活广场三层001号,[],浙江省,diner,杭州市,201,"虾滑,鸳鸯锅底,海底捞面,雪花肥牛,超级肥牛,番茄锅,金针菇,滑牛肉,鸭肠,虾丸,黑鱼片,捞派滑牛,海鲜锅底,牛肉粒,千层毛肚,双人餐",海底捞火锅(杭州萧山金城路店),"120.250379,30.182755",[],[],[],,,TRUE,TRUE,FALSE,FALSE,餐饮服务;中餐厅;火锅店,餐饮服务,中餐厅,"['虾滑', '鸳鸯锅底', '海底捞面', '雪花肥牛', '超级肥牛', '番茄锅', '金针菇', '滑牛肉', '鸭肠', '虾丸', '黑鱼片', '捞派滑牛', '海鲜锅底', '牛肉粒', '千层毛肚', '双人餐']"
B0FFFALVXG,[],中餐,[],[],餐饮服务;中餐厅;海鲜酒楼|餐饮服务;中餐厅;广东菜(粤菜),[],[],050119|050103,0,[],上城区,[],0571-22821777,B0FFHC5N3I,明珠街257号三楼(丁桥地铁站A口步行410米),[],浙江省,diner,杭州市,202,"至尊肥牛,海胆,简单烹饪,波龙,甜虾拼盘,东星斑,活虾,三文鱼刺身拼盘,目鱼仔,椒盐虾姑,高端海味,三文鱼,精品肥牛,套餐,小青龙,加州象牙蚌,北极甜虾三纹鱼拼盘,帝王蟹,雪蟹姿造,东星斑姿造,象拔蚌三文鱼刺身拼盘,珍宝蟹,十头鲍鱼,澳洲雪花牛肉,海鲜拼盘,小火锅,牛肉",活蹦乱跳海鲜餐厅(丁桥店),"120.233238,30.352617",[],[],[],,,TRUE,TRUE,FALSE,FALSE,餐饮服务;中餐厅;海鲜酒楼,餐饮服务,中餐厅,"['至尊肥牛', '海胆', '简单烹饪', '波龙', '甜虾拼盘', '东星斑', '活虾', '三文鱼刺身拼盘', '目鱼仔', '椒盐虾姑', '高端海味', '三文鱼', '精品肥牛', '套餐', '小青龙', '加州象牙蚌', '北极甜虾三纹鱼拼盘', '帝王蟹', '雪蟹姿造', '东星斑姿造', '象拔蚌三文鱼刺身拼盘', '珍宝蟹', '十头鲍鱼', '澳洲雪花牛肉', '海鲜拼盘', '小火锅', '牛肉']"
B0FFM829CE,[],火锅,[],[],餐饮服务;中餐厅;中餐厅,[],[],050100,0,[],上城区,[],15005813040,B0KKBDH8VZ,东宁路586号万象企业中心B1层地下1层广场雀小仙自助棋牌旁,[],浙江省,diner,杭州市,202,牛肉,泉市鲜活牛肉店(东站万象汇店),"120.216055,30.295629",[],[],[],,,TRUE,TRUE,FALSE,FALSE,餐饮服务;中餐厅;中餐厅,餐饮服务,中餐厅,['牛肉']
B023B13GJH,[],牛肉火锅,[],[],餐饮服务;中餐厅;火锅店,[],[],050117,0,[],西湖区,[],18057196750,B0K2A1T4XG,金颐巷与古墩路交叉口西南20米,[],浙江省,diner,杭州市,320,"牛肉火锅,牛肉",禧满牛贵州黄牛肉馆.干锅火锅(金田店),"120.099973,30.278754",[],[],[],,,TRUE,TRUE,FALSE,FALSE,餐饮服务;中餐厅;火锅店,餐饮服务,中餐厅,"['牛肉火锅', '牛肉']"
B0ID3SNNB7,[],小火锅,[],[],餐饮服务;中餐厅;火锅店,[],[],050117,0,[],滨江区,[],15306513933,B0L3XC1MXM,西兴街道启智街515号滨江银泰B区5楼,[],浙江省,diner,杭州市,202,"自助小火锅,糖水铺,自助餐",蛮涮自助小火锅·糖水铺子集合店(滨江银泰店),"120.221685,30.201993",[],[],[],,,TRUE,TRUE,FALSE,FALSE,餐饮服务;中餐厅;火锅店,餐饮服务,中餐厅,"['自助小火锅', '糖水铺', '自助餐']"
B023B1769C,[],火锅,[],[],餐饮服务;中餐厅;火锅店,[],[],050117,1,[],上城区,[],0571-22932680;0571-87088010,B023B1AUTW,延安路135号涌金广场五层,[],浙江省,diner,杭州市,202,"虾滑,功夫面,自选小料,滑牛肉,羊肉,蟹黄墨鱼滑,墨鱼滑,滑类,鸭血,番茄锅底,黄喉,金针菇,酸梅汤,牛肉,毛肚,双人餐",海底捞火锅(杭州西湖夜宵主题店),"120.164028,30.247240",[],[],[],,,TRUE,TRUE,FALSE,FALSE,餐饮服务;中餐厅;火锅店,餐饮服务,中餐厅,"['虾滑', '功夫面', '自选小料', '滑牛肉', '羊肉', '蟹黄墨鱼滑', '墨鱼滑', '滑类', '鸭血', '番茄锅底', '黄喉', '金针菇', '酸梅汤', '牛肉', '毛肚', '双人餐']"
[],[],火锅,[],[],餐饮服务;中餐厅;火锅店,[],[],050117,0,[],拱墅区,[],18069861282,B0FFMCYCN6,武林街道武林路西湖D11二楼,[],浙江省,diner,杭州市,[],"鲜切吊龙牛肉,嫩牛肉,特色虾滑,成都老冰粉,空运毛肚,手切鲜羊肉,特色脑花,红糖糍粑,鸡肉,双人餐,牛肉",不万能先生·市井牛肉火锅(武林总店),"120.160416,30.262199",[],[],[],,,TRUE,TRUE,FALSE,FALSE,餐饮服务;中餐厅;火锅店,餐饮服务,中餐厅,"['鲜切吊龙牛肉', '嫩牛肉', '特色虾滑', '成都老冰粉', '空运毛肚', '手切鲜羊肉', '特色脑花', '红糖糍粑', '鸡肉', '双人餐', '牛肉']"
B0FFME4SFX,[],火锅,[],[],餐饮服务;餐饮相关场所;餐饮相关,[],[],050000,0,[],余杭区,[],0571-88640672,B0LAYSZ6DE,嘉合未来金座1幢103-110,[],浙江省,diner,杭州市,320,鲜牛肉,宽马记·热鲜牛肉海鲜火锅(余杭店),"119.956954,30.257256",[],[],[],,,TRUE,TRUE,FALSE,FALSE,餐饮服务;餐饮相关场所;餐饮相关,餐饮服务,餐饮相关场所,['鲜牛肉']
B023B18TAS,[],牛肉火锅,[],[],餐饮服务;中餐厅;火锅店,[],[],050117,0,[],滨江区,[],18969024922,B0HRA5LL0E,浦沿街道江南大道3688号通策广场1幢101-9室,[],浙江省,diner,杭州市,320,牛肉,小牛滚滚贵州黄牛肉火锅(通策广场店),"120.164837,30.185084",[],[],[],,,TRUE,TRUE,FALSE,FALSE,餐饮服务;中餐厅;火锅店,餐饮服务,中餐厅,['牛肉']
B0FFIUU4II,[],火锅,[],[],餐饮服务;中餐厅;火锅店,[],[],050117,0,[],滨江区,[],0571-22932613;0571-86065090,B0FFL3KCO0,江陵路2028号九宜城三栋二楼,[],浙江省,diner,杭州市,202,"虫草花乌鸡丸,川味果香五花腊肉,雪人豆乳蛋糕,云南文山红甸山药,黄土高原滩羊卷,冰爽葡萄柠檬茶,内蒙罕山白绒山羊,双人餐",海底捞火锅(杭州滨江九宜城店),"120.215311,30.212732",[],[],[],,,TRUE,TRUE,FALSE,FALSE,餐饮服务;中餐厅;火锅店,餐饮服务,中餐厅,"['虫草花乌鸡丸', '川味果香五花腊肉', '雪人豆乳蛋糕', '云南文山红甸山药', '黄土高原滩羊卷', '冰爽葡萄柠檬茶', '内蒙罕山白绒山羊', '双人餐']"
B0LDJHXOLT,[],火锅,[],[],餐饮服务;中餐厅;中餐厅,[],[],050100,0,[],萧山区,[],0571-85386272;18072989622,B0L2LSOROS,亚奥万象天地4楼北区(乘坐1号电梯即可到达),[],浙江省,diner,杭州市,202,双人餐,七欣天(杭州亚奥万象天地店),"120.247916,30.256602",[],[],[],,,TRUE,TRUE,FALSE,FALSE,餐饮服务;中餐厅;中餐厅,餐饮服务,中餐厅,['双人餐']
[],[],牛肉火锅,[],[],餐饮服务;中餐厅;火锅店,[],[],050117,0,[],余杭区,[],18072815067,B0FFG8GLLD,仓前镇仓兴街66号,[],浙江省,diner,杭州市,[],"单人餐,牛肉",小牛家村·贵州黄牛肉火锅(梦想小镇店),"120.001114,30.290856",[],[],[],,,TRUE,TRUE,FALSE,FALSE,餐饮服务;中餐厅;火锅店,餐饮服务,中餐厅,"['单人餐', '牛肉']"
B0FFJYKKR1,[],云南火锅,[],[],餐饮服务;中餐厅;火锅店,[],[],050117,0,[],上城区,[],15395839877,B0LDBHDBZQ,湖滨银泰E区,[],浙江省,diner,杭州市,202,"竹荪,汤锅,鲜花饼",芸山季·云南山珍菌火锅(杭州湖滨in77店),"120.163786,30.251198",[],[],[],,,TRUE,TRUE,FALSE,FALSE,餐饮服务;中餐厅;火锅店,餐饮服务,中餐厅,"['竹荪', '汤锅', '鲜花饼']"
B0H6M7H3RH,[],火锅,[],[],餐饮服务;中餐厅;火锅店,[],[],050117,0,[],西湖区,[],0571-22932635;0571-87553216,B0FFMGW5V5,双龙街与崇仁路交叉口西溪银泰商业中心1号楼负一层BF017BF018BF019室,[],浙江省,diner,杭州市,202,"虫草花乌鸡丸,内蒙罕山白绒山羊,黄土高原滩羊卷,冰爽葡萄柠檬茶,雪人豆乳蛋糕,云南文山红甸山药,单人餐,双人餐,牛肉",海底捞火锅(西溪银泰店),"120.074776,30.292704",[],[],[],,,TRUE,TRUE,FALSE,FALSE,餐饮服务;中餐厅;火锅店,餐饮服务,中餐厅,"['虫草花乌鸡丸', '内蒙罕山白绒山羊', '黄土高原滩羊卷', '冰爽葡萄柠檬茶', '雪人豆乳蛋糕', '云南文山红甸山药', '单人餐', '双人餐', '牛肉']"
B023B092B7,[],自助餐,[],[],餐饮服务;餐饮相关场所;餐饮相关,[],[],050000,0,[],拱墅区,[],15967134711,B0KD4513I0,庆春路230号二楼(医疗美容门诊部右手边上楼梯二楼),[],浙江省,diner,杭州市,202,"全场菜品畅吃,主打新鲜拒绝隔夜肉,重庆老火锅招牌菜畅吃,任意牛肉随便选,全场牛肉畅吃,牛肉",郭淑芬鲜切牛肉自助老火锅(延安路店),"120.164786,30.258629",[],[],[],,,TRUE,TRUE,FALSE,FALSE,餐饮服务;餐饮相关场所;餐饮相关,餐饮服务,餐饮相关场所,"['全场菜品畅吃', '主打新鲜拒绝隔夜肉', '重庆老火锅招牌菜畅吃', '任意牛肉随便选', '全场牛肉畅吃', '牛肉']"
B0MG1ASEAM,[],小火锅,[],[],餐饮服务;中餐厅;火锅店,[],[],050117,0,[],钱塘区,[],19975375807,B0L3PUGRF5,下沙街道金沙印象城L5楼,[],浙江省,diner,杭州市,202,"糖水铺,自助餐,自助小火锅",蛮涮自助小火锅·糖水铺子集合店(金沙印象城店),"120.336407,30.308689",[],[],[],,,TRUE,TRUE,FALSE,FALSE,餐饮服务;中餐厅;火锅店,餐饮服务,中餐厅,"['糖水铺', '自助餐', '自助小火锅']"
[],[],潮汕火锅,[],[],餐饮服务;中餐厅;火锅店,[],[],050117,0,[],临安区,[],0571-87071060,B0K2C72JBY,石镜街891号,[],浙江省,diner,杭州市,[],"大排档,牛肉",宽马记大排档·热鲜牛肉海鲜火锅(临安店),"119.706184,30.220016",[],[],[],,,TRUE,TRUE,FALSE,FALSE,餐饮服务;中餐厅;火锅店,餐饮服务,中餐厅,"['大排档', '牛肉']"
B0FFG97D91,[],火锅,[],[],餐饮服务;中餐厅;海鲜酒楼|餐饮服务;中餐厅;火锅店,[],[],050119|050117,0,[],拱墅区,[],0571-86532797,B0FFHHSXSC,东新路655号西联大厦一层15号,[],浙江省,diner,杭州市,202,"帝王蟹腿,波格力蟹,香辣船蟹,“蟹味”小龙虾,黑虎虾,鲜鱿鱼,青口贝,章鱼宝宝,“润妍”鲍鱼,“冰海”海参,Q弹墨鱼仔,神鲜虾,清水鱼,双人餐,小龙虾",七欣天(杭州西联广场店),"120.173305,30.316248",[],[],[],,,TRUE,TRUE,FALSE,FALSE,餐饮服务;中餐厅;海鲜酒楼,餐饮服务,中餐厅,"['帝王蟹腿', '波格力蟹', '香辣船蟹', '“蟹味”小龙虾', '黑虎虾', '鲜鱿鱼', '青口贝', '章鱼宝宝', '“润妍”鲍鱼', '“冰海”海参', 'Q弹墨鱼仔', '神鲜虾', '清水鱼', '双人餐', '小龙虾']"
B0I1FUP990,[],火锅,[],[],餐饮服务;中餐厅;中餐厅,[],[],050100,0,[],拱墅区,[],15355049051,B0L03CDKJO,萍水街299号萍水太合商业中心了1幢109室,[],浙江省,diner,杭州市,202,[],泉市鲜活牛肉店(太合B区店),"120.112492,30.302151",[],[],[],,,TRUE,TRUE,FALSE,FALSE,餐饮服务;中餐厅;中餐厅,餐饮服务,中餐厅,[]
B0FFI31CNG,[],小火锅,[],[],餐饮服务;中餐厅;火锅店,[],[],050117,0,[],滨江区,[],18958161808,B0L2RZMBQ0,月明路140号龙湖滨江天街4楼,[],浙江省,diner,杭州市,202,"自助小火锅,自助餐,糖水铺",蛮涮自助小火锅·糖水铺子集合店(杭州滨江天街店),"120.202312,30.200600",[],[],[],,,TRUE,TRUE,FALSE,FALSE,餐饮服务;中餐厅;火锅店,餐饮服务,中餐厅,"['自助小火锅', '自助餐', '糖水铺']"
[],[],火锅,[],[],餐饮服务;中餐厅;中餐厅,[],[],050100,0,[],余杭区,[],15657129183,B023B1H5BM,联兴路153号,[],浙江省,diner,杭州市,[],牛肉,中国凉都黄牛肉馆,"119.940803,30.263620",[],[],[],,,TRUE,TRUE,FALSE,FALSE,餐饮服务;中餐厅;中餐厅,餐饮服务,中餐厅,['牛肉']
B023B1895Z,[],火锅,[],[],餐饮服务;中餐厅;火锅店,[],[],050117,0,[],滨江区,[],0571-22932627;0571-88372509,B0GU9MT4N7,长河街道江南大道1090号中南乐游城一层101-9101-10室,[],浙江省,diner,杭州市,202,"双人餐,毛肚",海底捞火锅(杭州滨江中南乐游城店),"120.190309,30.193994",[],[],[],,,TRUE,TRUE,FALSE,FALSE,餐饮服务;中餐厅;火锅店,餐饮服务,中餐厅,"['双人餐', '毛肚']"
B023B14KZD,[],羊蝎子火锅,[],[],餐饮服务;中餐厅;中餐厅,[],[],050100,0,[],萧山区,[],0571-82313394;15384003149,B0FFJ04C8P,金城路451号太古广场F2层,[],浙江省,diner,杭州市,202,"秘制底料,去膻留鲜,100%现切鲜羊肉,13分钟喝汤,17分钟吃肉,内蒙羔羊,食青草饮山水,精品羊排,鲜嫩滋补,双人餐,羊肉",313羊庄(萧山总店),"120.258074,30.181936",[],[],[],,,TRUE,TRUE,FALSE,FALSE,餐饮服务;中餐厅;中餐厅,餐饮服务,中餐厅,"['秘制底料', '去膻留鲜', '100%现切鲜羊肉', '13分钟喝汤', '17分钟吃肉', '内蒙羔羊', '食青草饮山水', '精品羊排', '鲜嫩滋补', '双人餐', '羊肉']"
[],[],牛肉火锅,[],[],餐饮服务;中餐厅;火锅店,[],[],050117,0,[],上城区,[],15868827769,B0K2MUMTLV,中山中路351-353号,[],浙江省,diner,杭州市,[],牛肉,蘭记牛府贵州黄牛肉火锅(中山中路店),"120.170235,30.251618",[],[],[],,,TRUE,TRUE,FALSE,FALSE,餐饮服务;中餐厅;火锅店,餐饮服务,中餐厅,['牛肉']
B0FFGFRB7Z,[],牛肉火锅,[],[],餐饮服务;中餐厅;中餐厅,[],[],050100,0,[],萧山区,[],15005687272,B0LGC5T53I,龙湖旭辉春江悦茗1-8商铺,[],浙江省,diner,杭州市,320,"牛肉汤,牛排,素菜",颖姐鲜烫牛肉汤(旭辉春江悦茗店),"120.237703,30.206590",[],[],[],,,TRUE,TRUE,FALSE,FALSE,餐饮服务;中餐厅;中餐厅,餐饮服务,中餐厅,"['牛肉汤', '牛排', '素菜']"
B0FFI0VFCR,[],小火锅,[],[],餐饮服务;中餐厅;火锅店,[],[],050117,0,[],滨江区,[],17367070978,B0L0ZZDPNU,滨盛路滨江宝龙城3楼,[],浙江省,diner,杭州市,202,"自助小火锅,糖水铺",蛮涮自助小火锅·糖水铺子集合店(滨江宝龙店),"120.166793,30.188379",[],[],[],,,TRUE,TRUE,FALSE,FALSE,餐饮服务;中餐厅;火锅店,餐饮服务,中餐厅,"['自助小火锅', '糖水铺']"
B023B1895Z,[],火锅,[],[],餐饮服务;中餐厅;火锅店,[],[],050117,0,[],滨江区,[],17357112136,B0LG4HBEUD,长河街道江南大道1090号中南国际商城8幢一层101-16、101-17室,[],浙江省,diner,杭州市,202,[],泉市鲜活牛肉店(中南乐游城店),"120.190625,30.194675",[],[],[],,,TRUE,TRUE,FALSE,FALSE,餐饮服务;中餐厅;火锅店,餐饮服务,中餐厅,[]
B0FFK5QWQS,[],火锅,[],[],餐饮服务;中餐厅;火锅店,[],[],050117,0,[],余杭区,[],0571-28105230;0571-88691616,B0GKVG328F,仓前街道时代未来之城未来科技城万达广场3楼,[],浙江省,diner,杭州市,202,"单人餐,双人餐",海底捞火锅(杭州未来科技城万达店),"119.998404,30.281390",[],[],[],,,TRUE,TRUE,FALSE,FALSE,餐饮服务;中餐厅;火锅店,餐饮服务,中餐厅,"['单人餐', '双人餐']"
[],[],本地鸡窝火锅,[],[],餐饮服务;中餐厅;中餐厅,[],[],050100,0,[],上城区,[],18014553163,B0MBMO86VL,东坡路66号(龙翔桥地铁站B口步行290米),[],浙江省,diner,杭州市,[],"虫草花,药膳鸡锅底,猪肚,澳洲肥牛,双人餐",故里百味药膳鸡(杭州总店),"120.162965,30.256889",[],[],[],,,TRUE,TRUE,FALSE,FALSE,餐饮服务;中餐厅;中餐厅,餐饮服务,中餐厅,"['虫草花', '药膳鸡锅底', '猪肚', '澳洲肥牛', '双人餐']"
B023B19SUR,[],火锅,[],[],餐饮服务;中餐厅;火锅店,[],[],050117,1,[],拱墅区,[],0571-22932642;0571-85350657,B023B14CLM,绍兴路337号野风现代之星大厦三层,[],浙江省,diner,杭州市,202,"超级肥牛,黑毛肚,羊肉卷,菌类鸳鸯锅底,鸭肠,老油条,鱼豆腐,番茄菌菇锅底,特色滑牛,蛋饺,蟹粉墨鱼滑,鸭血,海底捞面,龙利鱼片,千层毛肚,双人餐",海底捞火锅(绍兴路店),"120.167972,30.297804",[],[],[],,,TRUE,TRUE,FALSE,FALSE,餐饮服务;中餐厅;火锅店,餐饮服务,中餐厅,"['超级肥牛', '黑毛肚', '羊肉卷', '菌类鸳鸯锅底', '鸭肠', '老油条', '鱼豆腐', '番茄菌菇锅底', '特色滑牛', '蛋饺', '蟹粉墨鱼滑', '鸭血', '海底捞面', '龙利鱼片', '千层毛肚', '双人餐']"
B0FFH01664,[],海鲜火锅,[],[],餐饮服务;中餐厅;火锅店,[],[],050117,1,[],上城区,[],0571-86092289,B0FFJ6JMRM,庆春路87号锦和大厦4楼,[],浙江省,diner,杭州市,202,双人餐,七欣天(杭州庆春路越都荟店),"120.177072,30.257689",[],[],[],,,TRUE,TRUE,FALSE,FALSE,餐饮服务;中餐厅;火锅店,餐饮服务,中餐厅,['双人餐']
B0G1PCL48J,[],小火锅,[],[],餐饮服务;中餐厅;火锅店,[],[],050117,0,[],上城区,[],18158102586,B0LKYB42TV,彭埠街道七堡花园城3楼,[],浙江省,diner,杭州市,320,"糖水铺,自助餐,自助小火锅",蛮涮自助小火锅·糖水铺子集合店(七堡花园城店),"120.242765,30.300184",[],[],[],,,TRUE,TRUE,FALSE,FALSE,餐饮服务;中餐厅;火锅店,餐饮服务,中餐厅,"['糖水铺', '自助餐', '自助小火锅']"
B0G1G1PS4M,[],火锅,[],[],餐饮服务;中餐厅;火锅店,[],[],050117,0,[],上城区,[],0571-22932687;0571-85881851,B0HRFX2Y7H,延安路292号工联大厦5层518号,[],浙江省,diner,杭州市,201,"小酥肉,牛蛙,肥牛,素菜,炒饭,牛肉,虾滑,鸡肉",海底捞火锅(杭州工联cc店),"120.164400,30.254965",[],[],[],,,TRUE,TRUE,FALSE,FALSE,餐饮服务;中餐厅;火锅店,餐饮服务,中餐厅,"['小酥肉', '牛蛙', '肥牛', '素菜', '炒饭', '牛肉', '虾滑', '鸡肉']"
B023B17WP5,[],火锅,[],[],餐饮服务;中餐厅;火锅店,[],[],050117,1,[],拱墅区,[],0571-22932659;0571-89773758,B0FFIA203T,东新路822号石祥路138号中大银泰城4层,[],浙江省,diner,杭州市,201,"虫草花乌鸡丸,雪人豆乳蛋糕,云南文山红甸山药,黄土高原滩羊卷,冰爽葡萄柠檬茶,内蒙罕山白绒山羊,单人餐,双人餐",海底捞火锅(杭州中大银泰城店),"120.175783,30.327386",[],[],[],,,TRUE,TRUE,FALSE,FALSE,餐饮服务;中餐厅;火锅店,餐饮服务,中餐厅,"['虫草花乌鸡丸', '雪人豆乳蛋糕', '云南文山红甸山药', '黄土高原滩羊卷', '冰爽葡萄柠檬茶', '内蒙罕山白绒山羊', '单人餐', '双人餐']"
[],[],火锅,[],[],餐饮服务;中餐厅;火锅店,[],[],050117,0,[],西湖区,[],0571-22932638;0571-87298895,B0I3VUFPND,转塘街道久耀商业中心1号楼四层407.408室,[],浙江省,diner,杭州市,[],"虫草花乌鸡丸,川味果香五花腊肉,雪人豆乳蛋糕,云南文山红甸山药,内蒙罕山白绒山羊,黄土高原滩羊卷,冰爽葡萄柠檬茶,单人餐,牛肉,双人餐",海底捞火锅之江里店,"120.070725,30.144975",[],[],[],,,TRUE,TRUE,FALSE,FALSE,餐饮服务;中餐厅;火锅店,餐饮服务,中餐厅,"['虫草花乌鸡丸', '川味果香五花腊肉', '雪人豆乳蛋糕', '云南文山红甸山药', '内蒙罕山白绒山羊', '黄土高原滩羊卷', '冰爽葡萄柠檬茶', '单人餐', '牛肉', '双人餐']"
B0FFG97JK0,[],火锅,[],[],餐饮服务;中餐厅;火锅店,[],[],050117,0,[],钱塘区,[],0571-22932639;0571-87697170,B0GUNZHV6P,金沙大道97号金沙印象城6层L6-17号商铺,[],浙江省,diner,杭州市,202,"小酥肉,虾滑,单人餐,小龙虾,牛肉,羊肉,鸡肉,肥牛,豆腐",海底捞火锅(杭州金沙印象城店),"120.335586,30.308363",[],[],[],,,TRUE,TRUE,FALSE,FALSE,餐饮服务;中餐厅;火锅店,餐饮服务,中餐厅,"['小酥肉', '虾滑', '单人餐', '小龙虾', '牛肉', '羊肉', '鸡肉', '肥牛', '豆腐']"
B0G1SSA6L8,[],火锅,[],[],餐饮服务;中餐厅;火锅店,[],[],050117,0,[],余杭区,[],0571-22932608;0571-85856995,B0FFKQXQJ4,"莫干山路1513号西田城购物中心F4层C-4F-08-10(8号门进入直行20m,扶梯上到F4可见)",[],浙江省,diner,杭州市,202,"川味果香五花腊肉,双人餐",海底捞火锅(杭州西田城店),"120.094623,30.342369",[],[],[],,,TRUE,TRUE,FALSE,FALSE,餐饮服务;中餐厅;火锅店,餐饮服务,中餐厅,"['川味果香五花腊肉', '双人餐']"
B023B1GWS8,[],火锅,[],[],餐饮服务;中餐厅;火锅店,[],[],050117,0,[],余杭区,[],0571-22934409;0571-86800302,B0HBOUKSED,"五常大道1号杭州西溪印象城B座L2层(北1门进入直行10m,扶梯上到L2可见)",[],浙江省,diner,杭州市,202,"黄土高原滩羊卷,冰爽葡萄柠檬茶,内蒙罕山白绒山羊,虫草花乌鸡丸,川味果香五花腊肉,雪人豆乳蛋糕,云南文山红甸山药,双人餐",海底捞火锅(杭州西溪印象城店),"120.046226,30.246491",[],[],[],,,TRUE,TRUE,FALSE,FALSE,餐饮服务;中餐厅;火锅店,餐饮服务,中餐厅,"['黄土高原滩羊卷', '冰爽葡萄柠檬茶', '内蒙罕山白绒山羊', '虫草花乌鸡丸', '川味果香五花腊肉', '雪人豆乳蛋糕', '云南文山红甸山药', '双人餐']"
B023B173VP,[],火锅,[],[],餐饮服务;中餐厅;火锅店,[],[],050117,1,[],拱墅区,[],0571-22932656;0571-87090925,B0FFJB4D3V,丰潭路380号城西银泰城B座4楼4F0294F031,[],浙江省,diner,杭州市,202,"虫草花乌鸡丸,雪人豆乳蛋糕,云南文山红甸山药,黄土高原滩羊卷,冰爽葡萄柠檬茶,内蒙罕山白绒山羊,双人餐",海底捞火锅(杭州城西银泰城店),"120.107048,30.298837",[],[],[],,,TRUE,TRUE,FALSE,FALSE,餐饮服务;中餐厅;火锅店,餐饮服务,中餐厅,"['虫草花乌鸡丸', '雪人豆乳蛋糕', '云南文山红甸山药', '黄土高原滩羊卷', '冰爽葡萄柠檬茶', '内蒙罕山白绒山羊', '双人餐']"
B0KAOHXORX,[],火锅,[],[],餐饮服务;中餐厅;火锅店,[],[],050117,0,[],萧山区,[],0571-22932643;0571-56126969,B0I077O3QL,山阴路688号众安广场4层2幢401-2号商铺,[],浙江省,diner,杭州市,202,"单人餐,双人餐",海底捞火锅(杭州萧山众安广场店),"120.261830,30.178049",[],[],[],,,TRUE,TRUE,FALSE,FALSE,餐饮服务;中餐厅;火锅店,餐饮服务,中餐厅,"['单人餐', '双人餐']"
B0HG0SX6BO,[],火锅,[],[],餐饮服务;中餐厅;火锅店,[],[],050117,0,[],拱墅区,[],0571-22932658;0571-86986065,B0H6MKCJ2U,隐秀路1号杭州大悦城L5-10B号商铺,[],浙江省,diner,杭州市,202,"单人餐,双人餐",海底捞火锅(杭州大悦城店),"120.130862,30.301412",[],[],[],,,TRUE,TRUE,FALSE,FALSE,餐饮服务;中餐厅;火锅店,餐饮服务,中餐厅,"['单人餐', '双人餐']"
B0FFHL37HX,[],火锅,[],[],餐饮服务;中餐厅;火锅店,[],[],050117,0,[],钱塘区,[],0571-28107190;0571-89879558,B0G0T5G3JG,义蓬街道江东大道2333江东宝龙广场三楼M-F3-013、014-01号商铺,[],浙江省,diner,杭州市,202,双人餐,海底捞火锅(大江东宝龙广场夜宵主题店),"120.494812,30.303385",[],[],[],,,TRUE,TRUE,FALSE,FALSE,餐饮服务;中餐厅;火锅店,餐饮服务,中餐厅,['双人餐']
B0FFIELKD9,[],火锅,[],[],餐饮服务;中餐厅;火锅店,[],[],050117,0,[],临平区,[],0571-28069237;0571-85850820,B0G2U6ZQP4,余杭区北湖街2-7(银泰城商场外一楼),[],浙江省,diner,杭州市,201,双人餐,海底捞火锅(杭州临平银泰城店),"120.303394,30.403790",[],[],[],,,TRUE,TRUE,FALSE,FALSE,餐饮服务;中餐厅;火锅店,餐饮服务,中餐厅,['双人餐']
B0FFI15L3M,[],火锅,[],[],餐饮服务;中餐厅;火锅店,[],[],050117,0,[],上城区,[],0571-28107191;0571-85330821,B0HB4N6LYY,九沙大道399号地铁东城购物中心4层,[],浙江省,diner,杭州市,202,"单人餐,牛肉,双人餐",海底捞火锅(杭州东城购物中心店),"120.279346,30.310801",[],[],[],,,TRUE,TRUE,FALSE,FALSE,餐饮服务;中餐厅;火锅店,餐饮服务,中餐厅,"['单人餐', '牛肉', '双人餐']"
B0G29HN4CH,[],火锅,[],[],餐饮服务;中餐厅;火锅店,[],[],050117,0,[],上城区,[],0571-22932628;0571-86635535,B0HUFPVS50,大农港路1218号西子丁兰广场3层02号商铺,[],浙江省,diner,杭州市,202,双人餐,海底捞火锅(杭州西子丁兰广场店),"120.208112,30.349951",[],[],[],,,TRUE,TRUE,FALSE,FALSE,餐饮服务;中餐厅;火锅店,餐饮服务,中餐厅,['双人餐']
B0HBOMJGEB,[],火锅,[],[],餐饮服务;中餐厅;火锅店,[],[],050117,1,[],临平区,[],0571-22932600;0571-86327799,B0FFJQ1BEO,南苑街道迎宾路与望梅西北角华元欢乐城喜悦庭1幢101六楼,[],浙江省,diner,杭州市,202,"虫草花乌鸡丸,内蒙罕山白绒山羊,雪人豆乳蛋糕,云南文山红甸山药,黄土高原滩羊卷,冰爽葡萄柠檬茶,双人餐",海底捞火锅(杭州临平欢乐城店),"120.301813,30.396691",[],[],[],,,TRUE,TRUE,FALSE,FALSE,餐饮服务;中餐厅;火锅店,餐饮服务,中餐厅,"['虫草花乌鸡丸', '内蒙罕山白绒山羊', '雪人豆乳蛋糕', '云南文山红甸山药', '黄土高原滩羊卷', '冰爽葡萄柠檬茶', '双人餐']"
B0FFJ80149,[],火锅,[],[],餐饮服务;中餐厅;火锅店,[],[],050117,0,[],桐庐县,[],0571-22932657;0571-64688771,B0GK3CUS4T,春江东路525号书香同城1幢304室305室306室307室,[],浙江省,diner,杭州市,202,"内蒙罕山白绒山羊,雪人豆乳蛋糕,云南文山红甸山药,招牌大颗粒虾滑,现炸酥肉,新西兰羔羊羊排卷,黄土高原滩羊卷,冰爽葡萄柠檬茶,捞派滑牛肉,真香锅,虫草花乌鸡丸,双人餐",海底捞火锅(桐庐书香同城店),"119.702150,29.808958",[],[],[],,,TRUE,TRUE,FALSE,FALSE,餐饮服务;中餐厅;火锅店,餐饮服务,中餐厅,"['内蒙罕山白绒山羊', '雪人豆乳蛋糕', '云南文山红甸山药', '招牌大颗粒虾滑', '现炸酥肉', '新西兰羔羊羊排卷', '黄土高原滩羊卷', '冰爽葡萄柠檬茶', '捞派滑牛肉', '真香锅', '虫草花乌鸡丸', '双人餐']"
B0FFG2RO60,[],火锅,[],[],餐饮服务;中餐厅;火锅店,[],[],050117,1,[],钱塘区,[],0571-22932647;0571-87677848,B0FFKONSAI,海达南路397号银泰百货8层805、806、807,[],浙江省,diner,杭州市,202,"虾滑,海底捞面,牛羊肉,极品肥牛,滑牛肉,千层毛肚,巴沙鱼片,鸭肠,黄喉,豆花酱,猪脑花,豆腐,无骨鸭掌,丸类组合,竹荪,双人餐,牛肉",海底捞火锅(下沙银泰百货店),"120.325919,30.298974",[],[],[],,,TRUE,TRUE,FALSE,FALSE,餐饮服务;中餐厅;火锅店,餐饮服务,中餐厅,"['虾滑', '海底捞面', '牛羊肉', '极品肥牛', '滑牛肉', '千层毛肚', '巴沙鱼片', '鸭肠', '黄喉', '豆花酱', '猪脑花', '豆腐', '无骨鸭掌', '丸类组合', '竹荪', '双人餐', '牛肉']"
[],[],火锅,[],[],餐饮服务;中餐厅;火锅店,[],[],050117,0,[],钱塘区,[],0571-81960111;0571-81960222,B0M6V9KIUM,下沙街道吾角商业中心1幢101室,[],浙江省,diner,杭州市,[],大排档,海底捞大排档火锅(杭州吾角天街店),"120.335886,30.310255",[],[],[],,,TRUE,TRUE,FALSE,FALSE,餐饮服务;中餐厅;火锅店,餐饮服务,中餐厅,['大排档']
B0FFGU7X44,[],火锅,[],[],餐饮服务;中餐厅;火锅店|体育休闲服务;体育休闲服务场所;体育休闲服务场所,[],[],050117|080000,0,[],西湖区,[],0571-28105265;0571-86732565,B0FFKR6JGE,"文一路294号铂澜·大象城L5层(西1门进入直行10m,扶梯上到L5可见)",[],浙江省,diner,杭州市,201,"黄土高原滩羊卷,冰爽葡萄柠檬茶,内蒙罕山白绒山羊,雪人豆乳蛋糕,云南文山红甸山药,虫草花乌鸡丸,单人餐,双人餐",海底捞火锅(铂澜大象城店),"120.124189,30.288956",[],[],[],,,TRUE,TRUE,FALSE,FALSE,餐饮服务;中餐厅;火锅店,餐饮服务,中餐厅,"['黄土高原滩羊卷', '冰爽葡萄柠檬茶', '内蒙罕山白绒山羊', '雪人豆乳蛋糕', '云南文山红甸山药', '虫草花乌鸡丸', '单人餐', '双人餐']"
B0G3KMMUK8,[],火锅,[],[],餐饮服务;中餐厅;火锅店,[],[],050117,0,[],西湖区,[],0571-22932641;0571-81021166,B0G2MX382I,珊瑚沙路49号银泰百货4楼4001-4002号,[],浙江省,diner,杭州市,202,"嫩牛肉,牛雪花,鲜竹荪,芝士洋芋粑粑,高塔,牛花趾,脆脆鹿茸菇,羊肚菌鱼籽虾滑,生蚝,牛三拼,牛匙肉,新派菌鲜火锅,牛匙柄,黑虎虾,六头鲍,活虾,鲜牛肝菌,珍菌四宫格,双人餐",海底捞火锅(杭州之江银泰百货店),"120.101767,30.167869",[],[],[],,,TRUE,TRUE,FALSE,FALSE,餐饮服务;中餐厅;火锅店,餐饮服务,中餐厅,"['嫩牛肉', '牛雪花', '鲜竹荪', '芝士洋芋粑粑', '高塔', '牛花趾', '脆脆鹿茸菇', '羊肚菌鱼籽虾滑', '生蚝', '牛三拼', '牛匙肉', '新派菌鲜火锅', '牛匙柄', '黑虎虾', '六头鲍', '活虾', '鲜牛肝菌', '珍菌四宫格', '双人餐']"
B023B09XDX,[],火锅,[],[],餐饮服务;中餐厅;火锅店,[],[],050117,0,[],西湖区,[],0571-28105366;0571-87755926,B0FFLBF70U,"古墩路588号印象城(杭州古墩路店)1F层L111(2号门进入直行30m,扶梯附近)",[],浙江省,diner,杭州市,202,"川味果香五花腊肉,双人餐,单人餐",海底捞火锅(杭州古墩路印象城店),"120.099720,30.293644",[],[],[],,,TRUE,TRUE,FALSE,FALSE,餐饮服务;中餐厅;火锅店,餐饮服务,中餐厅,"['川味果香五花腊肉', '双人餐', '单人餐']"
[],[],火锅,[],[],餐饮服务;中餐厅;火锅店,[],[],050117,0,[],拱墅区,[],0571-28069236;0571-85087885,B0FFLJZVXJ,杭行路666号万达广场4楼427室,[],浙江省,diner,杭州市,[],双人餐,海底捞火锅(拱墅万达店),"120.119225,30.329627",[],[],[],,,TRUE,TRUE,FALSE,FALSE,餐饮服务;中餐厅;火锅店,餐饮服务,中餐厅,['双人餐']
B0G23RCFID,[],火锅,[],[],餐饮服务;中餐厅;火锅店,[],[],050117,0,[],滨江区,[],0571-28980859;0571-28980895,B0KDOSM9GB,浦沿街道滨文路868号闻涛新生大厦3幢4层417室,[],浙江省,diner,杭州市,202,"单人餐,双人餐",海底捞火锅(杭州滨江开元广场店),"120.135609,30.168608",[],[],[],,,TRUE,TRUE,FALSE,FALSE,餐饮服务;中餐厅;火锅店,餐饮服务,中餐厅,"['单人餐', '双人餐']"
B0FFH352AP,[],四川火锅,[],[],餐饮服务;中餐厅;火锅店,[],[],050117,0,[],余杭区,[],0571-28105250;0571-58009581,B0FFKYGAX1,文一西路与城东路交叉口余杭万达万达广场4楼,[],浙江省,diner,杭州市,202,"虫草花乌鸡丸,川味果香五花腊肉,内蒙罕山白绒山羊,黄土高原滩羊卷,冰爽葡萄柠檬茶,雪人豆乳蛋糕,云南文山红甸山药,双人餐",海底捞火锅(杭州余杭万达广场店),"119.954519,30.270035",[],[],[],,,TRUE,TRUE,FALSE,FALSE,餐饮服务;中餐厅;火锅店,餐饮服务,中餐厅,"['虫草花乌鸡丸', '川味果香五花腊肉', '内蒙罕山白绒山羊', '黄土高原滩羊卷', '冰爽葡萄柠檬茶', '雪人豆乳蛋糕', '云南文山红甸山药', '双人餐']"
B0JBTOCI6P,[],火锅,[],[],餐饮服务;中餐厅;火锅店,[],[],050117,0,[],临安区,[],0571-22932645;0571-61100833,B0G2VCM3UJ,苕溪北街1166号苕溪时代商业中心5层-5F-B号,[],浙江省,diner,杭州市,202,"内蒙罕山白绒山羊,黄土高原滩羊卷,冰爽葡萄柠檬茶,虫草花乌鸡丸,川味果香五花腊肉,雪人豆乳蛋糕,云南文山红甸山药,单人餐,双人餐",海底捞火锅(临安苕溪商业广场店),"119.691842,30.233971",[],[],[],,,TRUE,TRUE,FALSE,FALSE,餐饮服务;中餐厅;火锅店,餐饮服务,中餐厅,"['内蒙罕山白绒山羊', '黄土高原滩羊卷', '冰爽葡萄柠檬茶', '虫草花乌鸡丸', '川味果香五花腊肉', '雪人豆乳蛋糕', '云南文山红甸山药', '单人餐', '双人餐']"
B0FFG2ZPLX,[],火锅,[],[],餐饮服务;中餐厅;火锅店,[],[],050117,0,[],临平区,[],0571-22932644;0571-86178166,B0G1AZY6CZ,临平区塘康路上亿广场5层,[],浙江省,diner,杭州市,202,"单人餐,双人餐",海底捞火锅(上亿广场店),"120.162922,30.382279",[],[],[],,,TRUE,TRUE,FALSE,FALSE,餐饮服务;中餐厅;火锅店,餐饮服务,中餐厅,"['单人餐', '双人餐']"
[],[],火锅,[],[],餐饮服务;中餐厅;火锅店,[],[],050117,0,[],西湖区,[],0571-82133777;18058787555,B0H1PHRA0D,龙井路69号,[],浙江省,diner,杭州市,[],"海鲜火锅,鸭血,臭豆腐",西子火锅·西湖湖景餐厅(西湖店),"120.125442,30.238218",[],[],[],,,TRUE,TRUE,FALSE,FALSE,餐饮服务;中餐厅;火锅店,餐饮服务,中餐厅,"['海鲜火锅', '鸭血', '臭豆腐']"
B0FFG4HJXM,[],潮汕火锅,[],[],餐饮服务;中餐厅;火锅店,[],[],050117,0,[],拱墅区,[],18966494818,B0JGMS31CL,沈半路104号(善贤地铁站A口旁),[],浙江省,diner,杭州市,320,"双人餐,牛肉",滇牛老杨潮汕鲜牛肉火锅,"120.160922,30.317145",[],[],[],,,TRUE,TRUE,FALSE,FALSE,餐饮服务;中餐厅;火锅店,餐饮服务,中餐厅,"['双人餐', '牛肉']"
B0FFG4FNXR,[],重庆火锅,[],[],餐饮服务;中餐厅;火锅店,[],[],050117,0,[],萧山区,[],0571-86071977,B0LR0ONR7O,金城路万象汇5楼L543,[],浙江省,diner,杭州市,201,[],巴奴毛肚火锅(杭州萧山万象汇店),"120.268049,30.182105",[],[],[],,,TRUE,TRUE,FALSE,FALSE,餐饮服务;中餐厅;火锅店,餐饮服务,中餐厅,[]
B023B1EIT0,[],牛肉火锅,[],[],餐饮服务;中餐厅;火锅店,[],[],050117,0,[],萧山区,[],18100186632,B0LDRZ49Z9,盈丰街道博地中心c座1号电梯2层,[],浙江省,diner,杭州市,202,[],小牛滚滚贵州黄牛肉火锅(萧山博地中心店),"120.252095,30.236050",[],[],[],,,TRUE,TRUE,FALSE,FALSE,餐饮服务;中餐厅;火锅店,餐饮服务,中餐厅,[]
B023B0AFSG,[],海鲜火锅,[],[],餐饮服务;中餐厅;中餐厅,[],[],050100,0,[],上城区,[],0571-86671717;0571-86901717,B0HR978U0W,瑞金国际大厦一楼(城星路地铁站D口步行420米),[],浙江省,diner,杭州市,202,鸡肉,月龍吟·黑金(瑞晶店),"120.209636,30.236730",[],[],[],,,TRUE,TRUE,FALSE,FALSE,餐饮服务;中餐厅;中餐厅,餐饮服务,中餐厅,['鸡肉']
B0FFIPHA2B,[],火锅,[],[],餐饮服务;中餐厅;火锅店,[],[],050117,0,[],拱墅区,[],0571-85058872,B0FFJ04C9A,武林广场11号B1层150号哥老官,[],浙江省,diner,杭州市,202,"牛蛙,牛肉",哥老官重庆美蛙鱼头(杭州大厦购物城·中央商城店),"120.163670,30.271292",[],[],[],,,TRUE,TRUE,FALSE,FALSE,餐饮服务;中餐厅;火锅店,餐饮服务,中餐厅,"['牛蛙', '牛肉']"
B0J05SS8Q7,[],四川火锅,[],[],餐饮服务;中餐厅;火锅店,[],[],050117,0,[],拱墅区,[],0571-88032592,B0KBBMLB17,天水街道展览东路150号杭州中心L720号商铺,[],浙江省,diner,杭州市,201,"牛肉,跷脚牛肉",山缓缓火锅(杭州中心店),"120.165062,30.272746",[],[],[],,,TRUE,TRUE,FALSE,FALSE,餐饮服务;中餐厅;火锅店,餐饮服务,中餐厅,"['牛肉', '跷脚牛肉']"
B0FFFA7Z32,[],火锅,[],[],餐饮服务;中餐厅;火锅店,[],[],050117,1,[],拱墅区,[],0571-87831727;0571-87831783,B0FFI9BZLQ,上塘路458号水晶城购物中心6层,[],浙江省,diner,杭州市,201,"冬瓜山茶,芝士洋芋粑粑,鲜牛肝菌,鲜竹荪,羊肚菌鱼籽虾滑,真菌四宫格,川味果香五花腊肉,拉面,大排档,牛肉,羊肉,芝士",海底捞大排档火锅(杭州水晶城购物中心店),"120.151628,30.304739",[],[],[],,,TRUE,TRUE,FALSE,FALSE,餐饮服务;中餐厅;火锅店,餐饮服务,中餐厅,"['冬瓜山茶', '芝士洋芋粑粑', '鲜牛肝菌', '鲜竹荪', '羊肚菌鱼籽虾滑', '真菌四宫格', '川味果香五花腊肉', '拉面', '大排档', '牛肉', '羊肉', '芝士']"
[],[],火锅,[],[],餐饮服务;中餐厅;火锅店|餐饮服务;中餐厅;海鲜酒楼,[],[],050117|050119,0,[],临平区,[],0571-89164777,B0FFHE3B7V,临平市星火南路50号,[],浙江省,diner,杭州市,[],"缅甸迷宗蟹,波格力蟹,七欣饼,冻豆腐,泥鳅,豆腐,南瓜饼,腐皮,火锅面,油豆腐,极品羊肉小份,泰国大白虾,蛋炒饭,水饺,鱼咬羊,双人餐,小龙虾,螃蟹",七欣天(临平星火南路店),"120.300320,30.427677",[],[],[],,,TRUE,TRUE,FALSE,FALSE,餐饮服务;中餐厅;火锅店,餐饮服务,中餐厅,"['缅甸迷宗蟹', '波格力蟹', '七欣饼', '冻豆腐', '泥鳅', '豆腐', '南瓜饼', '腐皮', '火锅面', '油豆腐', '极品羊肉小份', '泰国大白虾', '蛋炒饭', '水饺', '鱼咬羊', '双人餐', '小龙虾', '螃蟹']"
[],[],牛肉火锅,[],[],餐饮服务;中餐厅;火锅店,[],[],050117,0,[],西湖区,[],15988892784,B0HRA7L68J,灵溪北路19号商铺(合生国贸中心西1门口),[],浙江省,diner,杭州市,[],"双人餐,牛肉",垚合牛府黄牛肉火锅(合生国贸中心店),"120.098478,30.263000",[],[],[],,,TRUE,TRUE,FALSE,FALSE,餐饮服务;中餐厅;火锅店,餐饮服务,中餐厅,"['双人餐', '牛肉']"
B0GD7A9AIE,[],火锅,[],[],餐饮服务;中餐厅;火锅店,[],[],050117,0,[],西湖区,[],0571-88266182,B0G2CZ7M4Z,余杭塘路101号龙湖西溪天街4楼24号,[],浙江省,diner,杭州市,202,"牛蛙,红糖糍粑,活体豆苗,牛肉",重庆高老九火锅(龙湖西溪天街店),"120.068562,30.293845",[],[],[],,,TRUE,TRUE,FALSE,FALSE,餐饮服务;中餐厅;火锅店,餐饮服务,中餐厅,"['牛蛙', '红糖糍粑', '活体豆苗', '牛肉']"
[],[],自助餐,[],[],餐饮服务;中餐厅;火锅店,[],[],050117,0,[],萧山区,[],15267129380,B0KUD56SI0,盈丰街道皓月路166-168号(万和国际一层),[],浙江省,diner,杭州市,[],"鲜切牛肉不限量,全场菜品畅吃,重庆老火锅招牌菜畅吃,任意牛肉随便选,全场牛肉畅吃,主打新鲜拒绝隔夜肉,牛肉",郭淑芬鲜切牛肉自助老火锅(钱江世纪城店),"120.256192,30.232836",[],[],[],,,TRUE,TRUE,FALSE,FALSE,餐饮服务;中餐厅;火锅店,餐饮服务,中餐厅,"['鲜切牛肉不限量', '全场菜品畅吃', '重庆老火锅招牌菜畅吃', '任意牛肉随便选', '全场牛肉畅吃', '主打新鲜拒绝隔夜肉', '牛肉']"
[],[],本地鸡窝火锅,[],[],餐饮服务;中餐厅;火锅店,[],[],050117,0,[],滨江区,[],17367130617,B0K6C72LQD,西兴街道襄七房225号5幢,[],浙江省,diner,杭州市,[],"鸡汤,烤肉,鸡肉",柒房里·鸡汤火锅·云南烤肉(滨江店),"120.203832,30.177972",[],[],[],,,TRUE,TRUE,FALSE,FALSE,餐饮服务;中餐厅;火锅店,餐饮服务,中餐厅,"['鸡汤', '烤肉', '鸡肉']"
B0G1PCL48J,[],海鲜火锅,[],[],餐饮服务;中餐厅;海鲜酒楼,[],[],050119,0,[],上城区,[],0571-86780992,B0H3KDZGPK,彭埠街道新塘路1093号七堡花园城4层410-411号,[],浙江省,diner,杭州市,202,"涮菜,肥牛,蛋炒饭,螃蟹,小龙虾",七欣天(杭州七堡花园城店),"120.242630,30.299880",[],[],[],,,TRUE,TRUE,FALSE,FALSE,餐饮服务;中餐厅;海鲜酒楼,餐饮服务,中餐厅,"['涮菜', '肥牛', '蛋炒饭', '螃蟹', '小龙虾']"
B0LRZ53G9L,[],小龙虾,[],[],餐饮服务;中餐厅;中餐厅,[],[],050100,0,[],萧山区,[],18072773851,B0IRSDDLWW,宁围街道钱江世纪城公园A区6幢4单元,[],浙江省,diner,杭州市,202,"经典海派十三香小龙虾,熟醉玉香螺,经典蒜香小龙虾,熟醉沼虾,经典北京簋街麻小,生腌河虾,生腌皮皮虾,臻品亮亮蒸虾,脆皮大肠,熟醉六月黄,臻品冰镇龙虾,碳烤牛肉粒,生腌梭子蟹,双椒鸡捞面,熟醉大闸蟹,小龙虾",红钳侠小龙虾·活鱼火锅·香辣蟹(钱江世纪城店),"120.241265,30.242244",[],[],[],,,TRUE,TRUE,FALSE,FALSE,餐饮服务;中餐厅;中餐厅,餐饮服务,中餐厅,"['经典海派十三香小龙虾', '熟醉玉香螺', '经典蒜香小龙虾', '熟醉沼虾', '经典北京簋街麻小', '生腌河虾', '生腌皮皮虾', '臻品亮亮蒸虾', '脆皮大肠', '熟醉六月黄', '臻品冰镇龙虾', '碳烤牛肉粒', '生腌梭子蟹', '双椒鸡捞面', '熟醉大闸蟹', '小龙虾']"
B0FFMEFNCC,[],牛肉火锅,[],[],餐饮服务;中餐厅;火锅店,[],[],050117,0,[],上城区,[],19357535670,B0KDOOVRH4,金禾街国芳天街1楼(鑫运时代金座对面),[],浙江省,diner,杭州市,202,牛肉,小牛滚滚贵州黄牛肉火锅(国芳天街店),"120.272945,30.308906",[],[],[],,,TRUE,TRUE,FALSE,FALSE,餐饮服务;中餐厅;火锅店,餐饮服务,中餐厅,['牛肉']
B0GRGUQ9GK,[],火锅,[],[],餐饮服务;中餐厅;中餐厅,[],[],050100,0,[],拱墅区,[],18167143367,B0JAO1UZR1,太合商业中心5幢201室(萍水街地铁站C口旁),[],浙江省,diner,杭州市,202,牛肉,泉市鲜活牛肉店(太合C区店),"120.112088,30.302218",[],[],[],,,TRUE,TRUE,FALSE,FALSE,餐饮服务;中餐厅;中餐厅,餐饮服务,中餐厅,['牛肉']
[],[],牛肉火锅,[],[],购物服务;服装鞋帽皮具店;服装鞋帽皮具店|餐饮服务;餐饮相关场所;餐饮相关,[],[],061100|050000,0,[],萧山区,[],0571-82683777;18958162757,B0FFJUL940,通惠中路234-238号(馨星大厦南门入口左转),[],浙江省,[],杭州市,[],"牛肉,单人餐,双人餐",何小姐鲜牛肉火锅(通惠中路店),"120.287205,30.172009",[],[],[],,,TRUE,TRUE,FALSE,FALSE,购物服务;服装鞋帽皮具店;服装鞋帽皮具店,购物服务,服装鞋帽皮具店,"['牛肉', '单人餐', '双人餐']"
B023B1FPA0,[],火锅,[],[],餐饮服务;中餐厅;火锅店,[],[],050117,0,[],上城区,[],15216847927,B0JBZUMQYW,庆春路203号(凤起路地铁站C5口步行320米),[],浙江省,diner,杭州市,202,"双人餐,鸡爪,猪蹄,炒饭,牛肉,重庆火锅",萍姐火锅(天阳·明珠商业中心店),"120.164799,30.258070",[],[],[],,,TRUE,TRUE,FALSE,FALSE,餐饮服务;中餐厅;火锅店,餐饮服务,中餐厅,"['双人餐', '鸡爪', '猪蹄', '炒饭', '牛肉', '重庆火锅']"
B023B13GJH,[],本地鸡窝火锅,[],[],餐饮服务;中餐厅;火锅店,[],[],050117,0,[],西湖区,[],0571-88972523;17767076576,B023B1DPCN,金田花园28-29-30号古墩路375号(金田小区),[],浙江省,diner,杭州市,320,"本鸡窝,冻豆腐,本地鸡,土豆,粉丝,藕片,千张结,凉拌海带,特级午餐肉,冬瓜,生菜,黑鱼,黑木耳,羊肉卷,本鸡煲,鸡肉,鸡汤",一席地·本地鸡窝(金田店),"120.099961,30.278800",[],[],[],,,TRUE,TRUE,FALSE,FALSE,餐饮服务;中餐厅;火锅店,餐饮服务,中餐厅,"['本鸡窝', '冻豆腐', '本地鸡', '土豆', '粉丝', '藕片', '千张结', '凉拌海带', '特级午餐肉', '冬瓜', '生菜', '黑鱼', '黑木耳', '羊肉卷', '本鸡煲', '鸡肉', '鸡汤']"
[],[],串串香,[],[],餐饮服务;中餐厅;中餐厅,[],[],050100,0,[],余杭区,[],13009800593,B0IKFZXT9B,宝瑞巷五迪中心1幢-13三冬麻辣串,[],浙江省,diner,杭州市,[],"串串,冷面,麻辣串,炸串,素菜,麻酱",三冬麻辣串,"120.010360,30.284699",[],[],[],,,TRUE,TRUE,FALSE,FALSE,餐饮服务;中餐厅;中餐厅,餐饮服务,中餐厅,"['串串', '冷面', '麻辣串', '炸串', '素菜', '麻酱']"
B0JRFCSVRF,[],小火锅,[],[],餐饮服务;中餐厅;火锅店,[],[],050117,0,[],上城区,[],19032586656,B0L035DJ80,九堡街道九华路三胜街上城天街4楼,[],浙江省,diner,杭州市,202,"单人餐,自助餐,糖水铺",蛮涮自助小火锅·糖水铺子集合店(杭州上城天街店),"120.278042,30.331484",[],[],[],,,TRUE,TRUE,FALSE,FALSE,餐饮服务;中餐厅;火锅店,餐饮服务,中餐厅,"['单人餐', '自助餐', '糖水铺']"
B0FFH2VWTH,[],烤肉,[],[],餐饮服务;外国餐厅;日本料理,[],[],050202,0,[],上城区,[],19106580532,B0LU5PO09W,富春路与丹桂街交叉口西160米杭州来福士广场5F层,[],浙江省,diner,杭州市,201,日式烧肉,厚贞日式烧肉(杭州来福士中心店),"120.212799,30.249224",[],[],[],,,TRUE,TRUE,FALSE,FALSE,餐饮服务;外国餐厅;日本料理,餐饮服务,外国餐厅,['日式烧肉']
B0FFH2VWTH,[],烤肉,[],[],餐饮服务;中餐厅;中餐厅,[],[],050100,0,[],上城区,[],[],B0G0BH1M0T,新业路228号杭州来福士中心7F层,[],浙江省,diner,杭州市,201,"卿古大力横膈膜,蒜香Q弹虾滑,招牌牛五花,卿古家的牛肉炒饭,山葱五花肉,秘制鸡翅中,黑椒西冷牛排,腹肋小排,卿古小酥肉,炭火烤肉,五花肉,小酥肉,烤肉",KING KU卿古·炭火烤肉(杭州来福士店),"120.212903,30.248672",[],[],[],,,TRUE,TRUE,FALSE,FALSE,餐饮服务;中餐厅;中餐厅,餐饮服务,中餐厅,"['卿古大力横膈膜', '蒜香Q弹虾滑', '招牌牛五花', '卿古家的牛肉炒饭', '山葱五花肉', '秘制鸡翅中', '黑椒西冷牛排', '腹肋小排', '卿古小酥肉', '炭火烤肉', '五花肉', '小酥肉', '烤肉']"
B0H07X5CU0,[],烤肉,[],[],餐饮服务;中餐厅;中餐厅,[],[],050100,0,[],上城区,[],19357397881,B0LKL5913D,新业路228号杭州来福士中心6层608A,[],浙江省,diner,杭州市,202,"活杀鳗鱼,鹅肝寿司手握,和牛上脑寿喜烧佐朝一鸡蛋,和牛卡卢比佐柚子萝卜泥,大虾天妇罗,安格斯牛肋条佐山葵酱,炭火烧肉",藏山海·炭火烧肉放题(来福士店),"120.212928,30.248905",[],[],[],,,TRUE,TRUE,FALSE,FALSE,餐饮服务;中餐厅;中餐厅,餐饮服务,中餐厅,"['活杀鳗鱼', '鹅肝寿司手握', '和牛上脑寿喜烧佐朝一鸡蛋', '和牛卡卢比佐柚子萝卜泥', '大虾天妇罗', '安格斯牛肋条佐山葵酱', '炭火烧肉']"
B023B0A4ZD,[],日本料理,[],[],餐饮服务;外国餐厅;日本料理,[],[],050202,0,[],上城区,[],0571-85291818;15372038252,B0FFJV1W68,富春路701号杭州万象城第B2层第287号商铺(Ole超市对面),[],浙江省,diner,杭州市,202,"传统牛小排,特等玫瑰牛舌,牛油果手握寿司,鹅肝手握,逸品小牛肉,经典厚切牛舌,饕餮四色拼盘,烤虾,西冷雪花,烤鸡翅,黑椒猪颈肉,鹅肝芝士蛋卷,肥牛拌饭,辣油鸡蛋饭,三文鱼9切,牛肉,烤肉",御牛道日式烤肉料理(杭州万象城店),"120.215268,30.251246",[],[],[],,,TRUE,TRUE,FALSE,FALSE,餐饮服务;外国餐厅;日本料理,餐饮服务,外国餐厅,"['传统牛小排', '特等玫瑰牛舌', '牛油果手握寿司', '鹅肝手握', '逸品小牛肉', '经典厚切牛舌', '饕餮四色拼盘', '烤虾', '西冷雪花', '烤鸡翅', '黑椒猪颈肉', '鹅肝芝士蛋卷', '肥牛拌饭', '辣油鸡蛋饭', '三文鱼9切', '牛肉', '烤肉']"
B0FFF5NWC1,[],烤全羊,[],[],餐饮服务;中餐厅;中餐厅,[],[],050100,0,[],上城区,[],0571-87010313,B0JAS587Z9,城星路111号鑫亚·钱江国际时代广场B1层,[],浙江省,diner,杭州市,202,"烤肉,羊肉,羊汤,羊肉汤",313羊庄(钱江国际时代广场-地下广场店),"120.206342,30.240418",[],[],[],,,TRUE,TRUE,FALSE,FALSE,餐饮服务;中餐厅;中餐厅,餐饮服务,中餐厅,"['烤肉', '羊肉', '羊汤', '羊肉汤']"
B023B0A4ZD,[],日式烧烤,[],[],餐饮服务;外国餐厅;日本料理,[],[],050202,0,[],上城区,[],19906853370,B0HK9S2DKD,民心路万象城2期2层S258,[],浙江省,diner,杭州市,201,"烤肉,寿司,牛肉",老乾杯(杭州万象城店),"120.214282,30.252641",[],[],[],,,TRUE,TRUE,FALSE,FALSE,餐饮服务;外国餐厅;日本料理,餐饮服务,外国餐厅,"['烤肉', '寿司', '牛肉']"
[],[],中餐,[],[],餐饮服务;中餐厅;特色/地方风味餐厅,[],[],050118,0,[],上城区,[],13409422521,B0L2XXYMZ7,秋涛路576号8幢A区101一102,[],浙江省,diner,杭州市,[],[],胖子烧烤大油边,"120.202288,30.244805",[],[],[],,,TRUE,TRUE,FALSE,FALSE,餐饮服务;中餐厅;特色/地方风味餐厅,餐饮服务,中餐厅,[]
B0FFG6BAUY,[],烧烤,[],[],餐饮服务;中餐厅;中餐厅,[],[],050100,0,[],上城区,[],19913411750,B0L3VHIOOK,四季青街道市民街99号世包国际中心东塔1楼,[],浙江省,diner,杭州市,202,[],钱塘串局烧烤,"120.207367,30.237465",[],[],[],,,TRUE,TRUE,FALSE,FALSE,餐饮服务;中餐厅;中餐厅,餐饮服务,中餐厅,[]
[],[],烤肉,[],[],餐饮服务;中餐厅;中餐厅,[],[],050100,0,[],上城区,[],19157661610,B0MDF9ARKD,新塘路与庆春广场二号支路交叉口西北80米,[],浙江省,diner,杭州市,[],炭火烧肉,肉大利Max·炭火烧肉(庆春店),"120.207615,30.259728",[],[],[],,,TRUE,TRUE,FALSE,FALSE,餐饮服务;中餐厅;中餐厅,餐饮服务,中餐厅,['炭火烧肉']
[],[],日本料理,[],[],餐饮服务;外国餐厅;日本料理,[],[],050202,0,[],上城区,[],17757137355,B0LRVGJKID,清静弄与瓯江路交叉口西南40米,[],浙江省,diner,杭州市,[],"串烧,烤鱼",曹有钱串烧酒馆,"120.201462,30.237816",[],[],[],,,TRUE,TRUE,FALSE,FALSE,餐饮服务;外国餐厅;日本料理,餐饮服务,外国餐厅,"['串烧', '烤鱼']"
B023B13KPC,[],烧烤,[],[],餐饮服务;中餐厅;特色/地方风味餐厅,[],[],050118,0,[],上城区,[],13362180050,B0FFHELG1I,新塘路58号广新大厦(新传媒)104室,[],浙江省,diner,杭州市,202,"麻辣排骨串,大虾大份,五香驴肉,生蚝,汪刺鱼红烧,小虾小份,生蚝半打,小青菜,生蚝一打,韭菜,羊肉串,大虾,小龙虾,烤串,羊排",永聚烤吧(太平门直街店),"120.208886,30.260735",[],[],[],,,TRUE,TRUE,FALSE,FALSE,餐饮服务;中餐厅;特色/地方风味餐厅,餐饮服务,中餐厅,"['麻辣排骨串', '大虾大份', '五香驴肉', '生蚝', '汪刺鱼红烧', '小虾小份', '生蚝半打', '小青菜', '生蚝一打', '韭菜', '羊肉串', '大虾', '小龙虾', '烤串', '羊排']"
[],[],烤串,[],[],餐饮服务;中餐厅;特色/地方风味餐厅,[],[],050118,0,[],上城区,[],15224078989,B0MUP5E2VX,下车路32号(观音塘地铁站D口步行470米),[],浙江省,diner,杭州市,[],[],巷子里头烧烤,"120.202013,30.244878",[],[],[],,,TRUE,TRUE,FALSE,FALSE,餐饮服务;中餐厅;特色/地方风味餐厅,餐饮服务,中餐厅,[]
B023B08TPZ,[],烧烤,[],[],餐饮服务;餐饮相关场所;餐饮相关,[],[],050000,0,[],上城区,[],15558135304,B0KK47U2F7,庆谐路与富春路交叉口西北120米,[],浙江省,diner,杭州市,320,烧鸟,台客熊烧鸟(庆谐路店),"120.221212,30.258301",[],[],[],,,TRUE,TRUE,FALSE,FALSE,餐饮服务;餐饮相关场所;餐饮相关,餐饮服务,餐饮相关场所,['烧鸟']
[],[],中餐,[],[],餐饮服务;餐饮相关场所;餐饮相关,[],[],050000,1,[],上城区,[],13362156077,B0LA1R3F3K,清江路280号一层105肆野集,[],浙江省,diner,杭州市,[],[],肆野集·猛火菜·露营烧烤·啤酒,"120.201095,30.238581",[],[],[],,,TRUE,TRUE,FALSE,FALSE,餐饮服务;餐饮相关场所;餐饮相关,餐饮服务,餐饮相关场所,[]
B023B1ACZV,[],烤肉,[],[],餐饮服务;中餐厅;火锅店,[],[],050117,0,[],上城区,[],0571-87985860,B0LD4OSQDF,新塘路53号,[],浙江省,diner,杭州市,202,"芥兰牛肉饭,牛腩饭,牛肉",灶小甜鲜货烧烤,"120.207525,30.261770",[],[],[],,,TRUE,TRUE,FALSE,FALSE,餐饮服务;中餐厅;火锅店,餐饮服务,中餐厅,"['芥兰牛肉饭', '牛腩饭', '牛肉']"
[],[],烧烤,[],[],餐饮服务;中餐厅;特色/地方风味餐厅,[],[],050118,0,[],上城区,[],13758228778;15658141438,B0FFG777AX,凯旋路69号,[],浙江省,diner,杭州市,[],"鸡爪,鸡肉,烤串,羊肉串",凯旋烧烤(凯旋路),"120.189525,30.250925",[],[],[],,,TRUE,TRUE,FALSE,FALSE,餐饮服务;中餐厅;特色/地方风味餐厅,餐饮服务,中餐厅,"['鸡爪', '鸡肉', '烤串', '羊肉串']"
B023B1DJLX,[],烤肉,[],[],餐饮服务;中餐厅;中餐厅,[],[],050100,0,[],上城区,[],18920967878,B0LU2SOX58,天虹购物中心B座4楼,[],浙江省,diner,杭州市,202,烤肉,焰请烤肉铺子(杭州天虹购物中心店),"120.210330,30.265020",[],[],[],,,TRUE,TRUE,FALSE,FALSE,餐饮服务;中餐厅;中餐厅,餐饮服务,中餐厅,['烤肉']
[],[],海鲜,[],[],餐饮服务;中餐厅;海鲜酒楼|餐饮服务;中餐厅;火锅店,[],[],050119|050117,0,[],上城区,[],0571-87561832,B0FFKQ5BBE,新塘路天虹商场负一楼,[],浙江省,diner,杭州市,[],"羊肉,海鲜烧烤,烤全羊,大排档,海鲜大咖,海鲜大排档,烤鱼,牛肉,龙虾,大闸蟹",舟山海鲜烧烤(杭州总店),"120.209860,30.265371",[],[],[],,,TRUE,TRUE,FALSE,FALSE,餐饮服务;中餐厅;海鲜酒楼,餐饮服务,中餐厅,"['羊肉', '海鲜烧烤', '烤全羊', '大排档', '海鲜大咖', '海鲜大排档', '烤鱼', '牛肉', '龙虾', '大闸蟹']"
B0FFHKCJKO,[],烤肉,[],[],餐饮服务;餐饮相关场所;餐饮相关,[],[],050000,0,[],上城区,[],19034721487,B0MG7ZHFV6,景昙路9号杭州大厦501城市广场F1层,[],浙江省,diner,杭州市,202,[],味巴哥·现烤肉脯(杭州大厦501店),"120.203830,30.259117",[],[],[],,,TRUE,TRUE,FALSE,FALSE,餐饮服务;餐饮相关场所;餐饮相关,餐饮服务,餐饮相关场所,[]
B023B0A4ZD,[],烤肉,[],[],餐饮服务;中餐厅;中餐厅,[],[],050100,0,[],上城区,[],[],B0L0U1XNSS,四季青街道富春路701号杭州万象城5楼,[],浙江省,diner,杭州市,202,烤肉,食通天巴卡啦烤肉(上城区万象城店),"120.215494,30.251770",[],[],[],,,TRUE,TRUE,FALSE,FALSE,餐饮服务;中餐厅;中餐厅,餐饮服务,中餐厅,['烤肉']
B023B0A4ZD,[],广府菜,[],[],餐饮服务;中餐厅;中餐厅,[],[],050100,0,[],上城区,[],[],B0K3VOPD64,富春路701号杭州万象城L5层,[],浙江省,diner,杭州市,202,港式烧腊,粤兴隆港式烧腊(杭州万象城店),"120.216125,30.251475",[],[],[],,,TRUE,TRUE,FALSE,FALSE,餐饮服务;中餐厅;中餐厅,餐饮服务,中餐厅,['港式烧腊']
B023B1DQWC,[],烧烤,[],[],餐饮服务;中餐厅;中餐厅,[],[],050100,1,[],上城区,[],15700119790,B0I61A71XT,采荷街道五安十号采荷农贸市场166商铺,[],浙江省,diner,杭州市,320,[],马家鱼圆儿,"120.198811,30.255294",[],[],[],,,TRUE,TRUE,FALSE,FALSE,餐饮服务;中餐厅;中餐厅,餐饮服务,中餐厅,[]
B023B1DJLX,[],烤肉,[],[],餐饮服务;中餐厅;中餐厅,[],[],050100,0,[],上城区,[],[],B0K1K7DL86,新塘路天虹购物中心B座东门右边下沉式广,[],浙江省,diner,杭州市,202,炭火烤肉,齐牛哥鲜切炭火烤肉·正宗齐齐哈尔烤肉(天虹店),"120.210075,30.264875",[],[],[],,,TRUE,TRUE,FALSE,FALSE,餐饮服务;中餐厅;中餐厅,餐饮服务,中餐厅,['炭火烤肉']
B0FFHKCJKO,[],烤肉,[],[],餐饮服务;中餐厅;中餐厅,[],[],050100,0,[],上城区,[],19012830180,B0FFKHQQIO,杭州大厦501城市广场1层101-10号铺,[],浙江省,diner,杭州市,202,烤肉,KING KU卿古·烤肉大师(501城市广场店),"120.203719,30.259102",[],[],[],,,TRUE,TRUE,FALSE,FALSE,餐饮服务;中餐厅;中餐厅,餐饮服务,中餐厅,['烤肉']
B0J2HSBN72,[],拉面,[],[],餐饮服务;餐饮相关场所;餐饮相关,[],[],050000,0,[],上城区,[],18697187593,B0JD3SZI8W,顺福商务中心5栋,[],浙江省,diner,杭州市,202,烤肉,清真·源牧小牦牛手工拉面·烤肉(顺福商务中心店),"120.212502,30.264856",[],[],[],,,TRUE,TRUE,FALSE,FALSE,餐饮服务;餐饮相关场所;餐饮相关,餐饮服务,餐饮相关场所,['烤肉']
B0HRKH97IH,[],烧烤,[],[],餐饮服务;餐饮相关场所;餐饮相关,[],[],050000,1,[],上城区,[],13968130689,B0K29UXO2C,近江东路3号101室,[],浙江省,diner,杭州市,202,[],三毛烤鸡(近江店),"120.203899,30.232216",[],[],[],,,TRUE,TRUE,FALSE,FALSE,餐饮服务;餐饮相关场所;餐饮相关,餐饮服务,餐饮相关场所,[]
B023B1DJLX,[],烤肉,[],[],餐饮服务;中餐厅;中餐厅,[],[],050100,0,[],上城区,[],[],B0MGTS67BP,新塘路108号天虹购物中心B座F5层,[],浙江省,diner,杭州市,202,自助烤肉,够匠·肉自家超级自助烤肉(天虹店),"120.209761,30.264691",[],[],[],,,TRUE,TRUE,FALSE,FALSE,餐饮服务;中餐厅;中餐厅,餐饮服务,中餐厅,['自助烤肉']
[],[],烤肉,[],[],餐饮服务;中餐厅;中餐厅,[],[],050100,0,[],上城区,[],13899121201,B0ID7CHQS7,双菱路183号,[],浙江省,diner,杭州市,[],"新疆炒米粉,手抓饭,羊肉串,烤包,烤包子,羊肉,新疆大盘鸡",帕米尔餐厅·新疆烧烤·羊肉串(杭州华景宾馆店),"120.195430,30.262679",[],[],[],,,TRUE,TRUE,FALSE,FALSE,餐饮服务;中餐厅;中餐厅,餐饮服务,中餐厅,"['新疆炒米粉', '手抓饭', '羊肉串', '烤包', '烤包子', '羊肉', '新疆大盘鸡']"
B023B1DJLX,[],烤全羊,[],[],餐饮服务;中餐厅;东北菜,[],[],050113,0,[],上城区,[],18258884156;18268782471;19157814208,B0HBBO6AQR,天虹购物中心B座北门负一楼,[],浙江省,diner,杭州市,202,"烤鱼,烤全羊,羊肉串",东北烧烤·烤全羊(五福天虹购物中心B座店),"120.210301,30.265061",[],[],[],,,TRUE,TRUE,FALSE,FALSE,餐饮服务;中餐厅;东北菜,餐饮服务,中餐厅,"['烤鱼', '烤全羊', '羊肉串']"
[],[],烤串,[],[],餐饮服务;中餐厅;特色/地方风味餐厅,[],[],050118,0,[],上城区,[],15959205549;18120660073;18258193259,B0FFHVECWL,秋涛北路59号,[],浙江省,diner,杭州市,[],烤肉,望江门烧烤(秋涛北路店),"120.200251,30.259741",[],[],[],,,TRUE,TRUE,FALSE,FALSE,餐饮服务;中餐厅;特色/地方风味餐厅,餐饮服务,中餐厅,['烤肉']
B023B1DJLX,[],烤全羊,[],[],餐饮服务;中餐厅;火锅店,[],[],050117,0,[],上城区,[],0571-86985675;13676405579,B0I6BORK1O,天虹购物中心B座负一楼美食街,[],浙江省,diner,杭州市,201,"大排档,烤串,羊肉,鸡肉,小龙虾,烤全羊,牛蛙,羊肉串",洞氮胡记羊肉馆·烧烤·烤全羊(天虹店),"120.210166,30.265393",[],[],[],,,TRUE,TRUE,FALSE,FALSE,餐饮服务;中餐厅;火锅店,餐饮服务,中餐厅,"['大排档', '烤串', '羊肉', '鸡肉', '小龙虾', '烤全羊', '牛蛙', '羊肉串']"
B0FFFEYKZG,[],烤肉,[],[],餐饮服务;中餐厅;中餐厅,[],[],050100,0,[],上城区,[],0571-87132532,B0LK2UR58J,顺福路303号中豪五福天地商业中心综合商业用房B1层下沉式广场A10号,[],浙江省,diner,杭州市,202,"鱼火锅,火锅自助,美蛙鱼,单人自助,美蛙,美蛙鱼头火锅",蛙有福·美蛙鱼头火锅自助(天虹店),"120.210518,30.265436",[],[],[],,,TRUE,TRUE,FALSE,FALSE,餐饮服务;中餐厅;中餐厅,餐饮服务,中餐厅,"['鱼火锅', '火锅自助', '美蛙鱼', '单人自助', '美蛙', '美蛙鱼头火锅']"
B023B1DJLX,[],烤全羊,[],[],餐饮服务;中餐厅;中餐厅,[],[],050100,0,[],上城区,[],13757107194;18989459531,B0FFK6DXAU,新塘路108号天虹购物中心B座B1层,[],浙江省,diner,杭州市,202,"烤全羊,烤肉,羊肉",李记羊庄·烤全羊(五福天虹购物中心B座店),"120.209944,30.265158",[],[],[],,,TRUE,TRUE,FALSE,FALSE,餐饮服务;中餐厅;中餐厅,餐饮服务,中餐厅,"['烤全羊', '烤肉', '羊肉']"
B023B1DJLX,[],海鲜,[],[],餐饮服务;中餐厅;中餐厅,[],[],050100,0,[],上城区,[],0571-86772639;0571-86772826,B0IBLHJM20,顺福路303号天虹购物中心B座北门B1层,[],浙江省,diner,杭州市,202,"小龙虾,年糕,海鲜烧烤,豆腐",大连海鲜烧烤(五福天虹购物中心B座店),"120.210025,30.265125",[],[],[],,,TRUE,TRUE,FALSE,FALSE,餐饮服务;中餐厅;中餐厅,餐饮服务,中餐厅,"['小龙虾', '年糕', '海鲜烧烤', '豆腐']"
[],[],烧烤,[],[],餐饮服务;中餐厅;特色/地方风味餐厅,[],[],050118,1,[],上城区,[],15068872389,B0FFFHC395,凯旋路37-1号,[],浙江省,diner,杭州市,[],"年糕,五花肉,鱿鱼",阿勇烧烤(凯旋路店),"120.189570,30.249052",[],[],[],,,TRUE,TRUE,FALSE,FALSE,餐饮服务;中餐厅;特色/地方风味餐厅,餐饮服务,中餐厅,"['年糕', '五花肉', '鱿鱼']"
B0FFF01O5J,[],烤肉,[],[],餐饮服务;中餐厅;中餐厅,[],[],050100,0,[],上城区,[],[],B0KDVSO1KF,钱江路555号日信国际商业中心,[],浙江省,diner,杭州市,202,[],巴郎子烤肉(近江路店),"120.195475,30.235189",[],[],[],,,TRUE,TRUE,FALSE,FALSE,餐饮服务;中餐厅;中餐厅,餐饮服务,中餐厅,[]
[],[],特色菜系,[],[],餐饮服务;中餐厅;特色/地方风味餐厅,[],[],050118,0,[],上城区,[],18268118233,B0KAN51BD3,凯旋路37-8,[],浙江省,diner,杭州市,[],"烧烤海鲜,海鲜大排档",大郎烧烤海鲜大排档(凯旋路店),"120.189443,30.249233",[],[],[],,,TRUE,TRUE,FALSE,FALSE,餐饮服务;中餐厅;特色/地方风味餐厅,餐饮服务,中餐厅,"['烧烤海鲜', '海鲜大排档']"
B023B0690U,[],新疆菜,[],[],餐饮服务;中餐厅;中餐厅,[],[],050100,0,[],上城区,[],13909931660,B0JKCZL1V1,凤起东路与秋涛北路交叉口西160米,[],浙江省,diner,杭州市,320,[],新疆一只羊烧烤(景秋公寓店),"120.198529,30.263750",[],[],[],,,TRUE,TRUE,FALSE,FALSE,餐饮服务;中餐厅;中餐厅,餐饮服务,中餐厅,[]
[],[],烤肉,[],[],餐饮服务;中餐厅;特色/地方风味餐厅,[],[],050118,0,[],上城区,[],17767097561,B0LA7UPZ47,甘王路20号,[],浙江省,diner,杭州市,[],烧烤大排档,甘王烧烤大排档,"120.191686,30.242150",[],[],[],,,TRUE,TRUE,FALSE,FALSE,餐饮服务;中餐厅;特色/地方风味餐厅,餐饮服务,中餐厅,['烧烤大排档']
[],[],烤串,[],[],餐饮服务;餐饮相关场所;餐饮相关,[],[],050000,0,[],上城区,[],[],B0LGT9VDIB,新塘路与庆春广场二号支路交叉口西北80米,[],浙江省,diner,杭州市,[],[],深夜的喵烧烤(庆春银泰店),"120.207495,30.259648",[],[],[],,,TRUE,TRUE,FALSE,FALSE,餐饮服务;餐饮相关场所;餐饮相关,餐饮服务,餐饮相关场所,[]
[],[],烤串,[],[],餐饮服务;餐饮相关场所;餐饮相关,[],[],050000,0,[],上城区,[],13033616663;18082822296,B0KDJ1SU1B,凯旋路63-2号,[],浙江省,diner,杭州市,[],[],新疆兄弟烧烤(凯旋路店),"120.189461,30.250699",[],[],[],,,TRUE,TRUE,FALSE,FALSE,餐饮服务;餐饮相关场所;餐饮相关,餐饮服务,餐饮相关场所,[]
B0FFFGUOG5,[],烧烤,[],[],餐饮服务;中餐厅;中餐厅,[],[],050100,0,[],上城区,[],0571-87166777;15158023533;15258872377,B0FFJII9BS,望江东路332号113室万泰城一楼,[],浙江省,diner,杭州市,201,"鸡翅,烤串,羊肉串,烤鱼",一个串说(万泰城店),"120.192247,30.229523",[],[],[],,,TRUE,TRUE,FALSE,FALSE,餐饮服务;中餐厅;中餐厅,餐饮服务,中餐厅,"['鸡翅', '烤串', '羊肉串', '烤鱼']"
[],[],烧烤,[],[],餐饮服务;中餐厅;特色/地方风味餐厅,[],[],050118,0,[],上城区,[],13868058520,B0IAVXQOGZ,庆春东路138-3号(庆菱路地铁站B口步行390米),[],浙江省,diner,杭州市,[],"五花肉,牛肉串,烤羊排,牛羊肉",丫头烧烤王,"120.188790,30.258194",[],[],[],,,TRUE,TRUE,FALSE,FALSE,餐饮服务;中餐厅;特色/地方风味餐厅,餐饮服务,中餐厅,"['五花肉', '牛肉串', '烤羊排', '牛羊肉']"
[],[],中餐,[],[],餐饮服务;中餐厅;中餐厅,[],[],050100,0,[],上城区,[],[],B0GD2RUW30,凯旋路61-1号,[],浙江省,diner,杭州市,[],烧烤大排档,道味·衢州烧烤大排档,"120.189450,30.250542",[],[],[],,,TRUE,TRUE,FALSE,FALSE,餐饮服务;中餐厅;中餐厅,餐饮服务,中餐厅,['烧烤大排档']
B023B1DJLX,[],中餐,[],[],餐饮服务;中餐厅;特色/地方风味餐厅,[],[],050118,0,[],上城区,[],0571-86772826;15888896448,B0HG2D16FA,顺福路303号天虹购物中心B座北门B1楼(大唐海鲜旁边),[],浙江省,diner,杭州市,202,"豆腐,地锅鸡,大闸蟹,小串,梭子蟹,羊肉串,铁板鱿鱼",靓小串·花甲螺蛳王(天虹店),"120.210197,30.265116",[],[],[],,,TRUE,TRUE,FALSE,FALSE,餐饮服务;中餐厅;特色/地方风味餐厅,餐饮服务,中餐厅,"['豆腐', '地锅鸡', '大闸蟹', '小串', '梭子蟹', '羊肉串', '铁板鱿鱼']"
B023B0927U,[],烧烤,[],[],餐饮服务;中餐厅;火锅店,[],[],050117,0,[],上城区,[],15336889609;16605732125;17342060807,B0J0CH6Q7Z,太平门直街172号,[],浙江省,diner,杭州市,320,[],俊小橙臻牛鲜生(月季公寓店),"120.196881,30.259823",[],[],[],,,TRUE,TRUE,FALSE,FALSE,餐饮服务;中餐厅;火锅店,餐饮服务,中餐厅,[]
B0FFFGUOG5,[],烤肉,[],[],餐饮服务;外国餐厅;日本料理,[],[],050202,0,[],上城区,[],0571-87679568;13600539191;15968140169,B0FFKFBE94,望江东路332号万泰城一楼,[],浙江省,diner,杭州市,201,"牛肉,五花肉,鸡肉",豚虎现烤日式烧肉丼(万泰城店),"120.192507,30.229649",[],[],[],,,TRUE,TRUE,FALSE,FALSE,餐饮服务;外国餐厅;日本料理,餐饮服务,外国餐厅,"['牛肉', '五花肉', '鸡肉']"
[],[],烧烤,[],[],餐饮服务;中餐厅;特色/地方风味餐厅,[],[],050118,1,[],上城区,[],18058186528,B0FFHU8WMW,钱潮路636号小杨小黄鱼超人龙虾,[],浙江省,diner,杭州市,[],"烤鱼,鸡肉,小黄鱼,羊肉串",小杨小黄鱼超人龙虾(景芳店),"120.214523,30.270543",[],[],[],,,TRUE,TRUE,FALSE,FALSE,餐饮服务;中餐厅;特色/地方风味餐厅,餐饮服务,中餐厅,"['烤鱼', '鸡肉', '小黄鱼', '羊肉串']"
B023B1DN2U,[],鱼,[],[],餐饮服务;中餐厅;特色/地方风味餐厅,[],[],050118,0,[],上城区,[],15988486773,B023B1864F,秋涛路256号秋涛发展大厦C座F1层,[],浙江省,diner,杭州市,202,"烤鱼,特色烤鱼,双人餐",余记烤鱼·烧烤,"120.188412,30.234099",[],[],[],,,TRUE,TRUE,FALSE,FALSE,餐饮服务;中餐厅;特色/地方风味餐厅,餐饮服务,中餐厅,"['烤鱼', '特色烤鱼', '双人餐']"
B0KKP7C4U4,[],烧烤,[],[],餐饮服务;餐饮相关场所;餐饮相关,[],[],050000,0,[],萧山区,[],17767075572,B0K0V9L0TA,杭州奥体AT天地(博览中心地铁站C口步行190米),[],浙江省,diner,杭州市,201,[],黑淀儿烧烤(奥体店),"120.231741,30.231630",[],[],[],,,TRUE,TRUE,FALSE,FALSE,餐饮服务;餐饮相关场所;餐饮相关,餐饮服务,餐饮相关场所,[]
B0FFGAR2D3,[],日本料理,[],[],餐饮服务;中餐厅;中餐厅,[],[],050100,1,[],萧山区,[],18606758888,B0KADZUPN6,利一路29号(博览中心地铁站B1口步行300米),[],浙江省,diner,杭州市,202,"烤串,烧鸟,串烧,大排档,鸡肉",卜卜串烧鸟·羊肉炉苍蝇馆(深蓝国际店),"120.234903,30.235416",[],[],[],,,TRUE,TRUE,FALSE,FALSE,餐饮服务;中餐厅;中餐厅,餐饮服务,中餐厅,"['烤串', '烧鸟', '串烧', '大排档', '鸡肉']"
B023B0199E,[],小龙虾,[],[],餐饮服务;中餐厅;特色/地方风味餐厅,[],[],050118,0,[],上城区,[],13754329606,B0JUHHVBP7,清江路83号清泰商务楼,[],浙江省,diner,杭州市,202,烧烤龙虾,李记烧烤龙虾馆(清泰商务楼店),"120.189726,30.246053",[],[],[],,,TRUE,TRUE,FALSE,FALSE,餐饮服务;中餐厅;特色/地方风味餐厅,餐饮服务,中餐厅,['烧烤龙虾']
B023B1DJLX,[],烤串,[],[],餐饮服务;中餐厅;海鲜酒楼,[],[],050119,0,[],上城区,[],0571-86985675,B0FFJ7XRSP,新塘路108号杭州天虹购物中心B座负一楼,[],浙江省,diner,杭州市,201,"宵夜,小龙虾,烤肉",蚝宅·海鲜龙虾烧烤(五福天虹购物中心B座店),"120.210647,30.265444",[],[],[],,,TRUE,TRUE,FALSE,FALSE,餐饮服务;中餐厅;海鲜酒楼,餐饮服务,中餐厅,"['宵夜', '小龙虾', '烤肉']"
[],[],小龙虾,[],[],餐饮服务;中餐厅;中餐厅,[],[],050100,0,[],上城区,[],15105819050,B0G0BC1FO5,小营街道解放路3号,[],浙江省,diner,杭州市,[],"排骨,烤串",周胖烧烤·虾唠唠(原大学路胖子烧烤店),"120.183941,30.249421",[],[],[],,,TRUE,TRUE,FALSE,FALSE,餐饮服务;中餐厅;中餐厅,餐饮服务,中餐厅,"['排骨', '烤串']"
[],[],烧烤,[],[],餐饮服务;中餐厅;特色/地方风味餐厅,[],[],050118,0,[],上城区,[],15558089369,B023B1H0ZW,长明寺巷48号(浙江省杭州第二中学东河校区东门旁),[],浙江省,diner,杭州市,[],[],胖子烧烤(长明寺巷店),"120.182553,30.249508",[],[],[],,,TRUE,TRUE,FALSE,FALSE,餐饮服务;中餐厅;特色/地方风味餐厅,餐饮服务,中餐厅,[]
[],[],烧烤,[],[],餐饮服务;中餐厅;中餐厅,[],[],050100,1,[],上城区,[],13588838580,B0FFIG9BEI,昙花庵路243号(景昙社区北区楼下门面房),[],浙江省,diner,杭州市,[],"五花肉,大虾,羊肉串,素菜,鸡翅",小马烧烤,"120.202128,30.270233",[],[],[],,,TRUE,TRUE,FALSE,FALSE,餐饮服务;中餐厅;中餐厅,餐饮服务,中餐厅,"['五花肉', '大虾', '羊肉串', '素菜', '鸡翅']"
[],[],烧烤,[],[],餐饮服务;中餐厅;特色/地方风味餐厅,[],[],050118,0,[],上城区,[],13252535308,B0JBOZIPQR,解放路15号(浙江军供大厦北门西90米),[],浙江省,diner,杭州市,[],"铁板鱿鱼,撸串",东北烧烤,"120.182863,30.249501",[],[],[],,,TRUE,TRUE,FALSE,FALSE,餐饮服务;中餐厅;特色/地方风味餐厅,餐饮服务,中餐厅,"['铁板鱿鱼', '撸串']"
[],[],烧烤,[],[],餐饮服务;中餐厅;特色/地方风味餐厅,[],[],050118,1,[],上城区,[],13797041111,B0LAXA0VEJ,钱潮路636号庆哥东北烧烤,[],浙江省,diner,杭州市,[],[],庆哥东北油边王,"120.214646,30.270594",[],[],[],,,TRUE,TRUE,FALSE,FALSE,餐饮服务;中餐厅;特色/地方风味餐厅,餐饮服务,中餐厅,[]
[],[],烤串,[],[],餐饮服务;餐饮相关场所;餐饮相关,[],[],050000,0,[],上城区,[],13252535308;13588806484,B0H3RZF7SP,解放路17号,[],浙江省,diner,杭州市,[],"五花肉,娃娃菜,烤鸡腿,热狗",串意十足烧烤店(解放路店),"120.182910,30.249510",[],[],[],,,TRUE,TRUE,FALSE,FALSE,餐饮服务;餐饮相关场所;餐饮相关,餐饮服务,餐饮相关场所,"['五花肉', '娃娃菜', '烤鸡腿', '热狗']"
B023B0A1AF,[],烧烤,[],[],餐饮服务;餐饮相关场所;餐饮相关,[],[],050000,0,[],上城区,[],13757195502,B0KU15TE8R,昙花庵路100号水湘农贸市场门口西侧,[],浙江省,diner,杭州市,202,"五香牛肉,虎皮鸡爪",三毛烤鸡(景芳店),"120.211180,30.270788",[],[],[],,,TRUE,TRUE,FALSE,FALSE,餐饮服务;餐饮相关场所;餐饮相关,餐饮服务,餐饮相关场所,"['五香牛肉', '虎皮鸡爪']"
B0LRZ53G9L,[],川菜,[],[],餐饮服务;中餐厅;中餐厅,[],[],050100,0,[],萧山区,[],[],B0MG09JQKB,盈丰街道观澜路1号钱江世纪公园A区10幢1单元,[],浙江省,diner,杭州市,202,"江湖菜,烧烤大排档",战友龙虾江湖菜鲜货烧烤大排档(钱江世纪城店),"120.239773,30.242659",[],[],[],,,TRUE,TRUE,FALSE,FALSE,餐饮服务;中餐厅;中餐厅,餐饮服务,中餐厅,"['江湖菜', '烧烤大排档']"
[],[],烤串,[],[],餐饮服务;中餐厅;特色/地方风味餐厅,[],[],050118,0,[],上城区,[],[],B0K3MUITNJ,军供大厦北门旁,[],浙江省,diner,杭州市,[],[],光头烧烤(金科瑞晶酒店店),"120.183774,30.249447",[],[],[],,,TRUE,TRUE,FALSE,FALSE,餐饮服务;中餐厅;特色/地方风味餐厅,餐饮服务,中餐厅,[]
B0LRZ53G9L,[],烧烤,[],[],餐饮服务;中餐厅;中餐厅,[],[],050100,0,[],萧山区,[],[],B0KUAZC8O6,观澜路1号钱江世纪公园春音街A8-2号,[],浙江省,diner,杭州市,202,小龙虾,李记湛光蚝庄·小龙虾(杭州首店),"120.240001,30.242588",[],[],[],,,TRUE,TRUE,FALSE,FALSE,餐饮服务;中餐厅;中餐厅,餐饮服务,中餐厅,['小龙虾']
[],[],新疆菜,[],[],餐饮服务;中餐厅;中餐厅,[],[],050100,0,[],上城区,[],[],B0J01C0EE4,景芳四区西区西1门南50米,[],浙江省,diner,杭州市,[],[],新疆兄弟美味羊肉串(景昙路店),"120.203694,30.270954",[],[],[],,,TRUE,TRUE,FALSE,FALSE,餐饮服务;中餐厅;中餐厅,餐饮服务,中餐厅,[]
B0LRZ53G9L,[],烧烤,[],[],餐饮服务;中餐厅;中餐厅,[],[],050100,0,[],萧山区,[],[],B0LUR750EB,钱江世纪公园A区9幢7单元,[],浙江省,diner,杭州市,202,[],随食Anytime,"120.239821,30.244146",[],[],[],,,TRUE,TRUE,FALSE,FALSE,餐饮服务;中餐厅;中餐厅,餐饮服务,中餐厅,[]
[],[],烤肉,[],[],餐饮服务;中餐厅;特色/地方风味餐厅,[],[],050118,0,[],上城区,[],[],B0I2USR6WK,万象城5层食悦天(钱江路地铁站F口步行410米),[],浙江省,diner,杭州市,[],[],巴克拉烤肉(杭州万象城店)(装修中),"120.216175,30.251525",[],[],[],,,TRUE,TRUE,FALSE,FALSE,餐饮服务;中餐厅;特色/地方风味餐厅,餐饮服务,中餐厅,[]
B0LRZ53G9L,[],烧烤,[],[],餐饮服务;餐饮相关场所;餐饮相关,[],[],050000,0,[],萧山区,[],18969001245,B0KKGH9HN1,盈丰街道秋韵路钱江世纪城公园A7-3,[],浙江省,diner,杭州市,202,"烧鸟,串烧",漫野串烧·炭火烧鸟(钱江世纪城店),"120.240778,30.243586",[],[],[],,,TRUE,TRUE,FALSE,FALSE,餐饮服务;餐饮相关场所;餐饮相关,餐饮服务,餐饮相关场所,"['烧鸟', '串烧']"
B0LRZ53G9L,[],烤串,[],[],餐饮服务;中餐厅;中餐厅,[],[],050100,0,[],萧山区,[],19906797678,B0J6PXAKZX,观澜路1号钱江世纪公园A区L1层,[],浙江省,diner,杭州市,202,"烤串,小串,牛肉串,羊肉串",幸福小串·地摊小炉子(钱江世纪公园店),"120.241597,30.242790",[],[],[],,,TRUE,TRUE,FALSE,FALSE,餐饮服务;中餐厅;中餐厅,餐饮服务,中餐厅,"['烤串', '小串', '牛肉串', '羊肉串']"
B0IB5SQ5D8,[],烤串,[],[],餐饮服务;中餐厅;综合酒楼,[],[],050101,1,[],萧山区,[],19357085358,B0ID2SEXGC,民和路886号朝龙汇1楼,[],浙江省,diner,杭州市,202,"羊肉串,烤串,羊肉,烤肉",三个蒙古大叔(朝龙汇D+PARK店),"120.243963,30.239281",[],[],[],,,TRUE,TRUE,FALSE,FALSE,餐饮服务;中餐厅;综合酒楼,餐饮服务,中餐厅,"['羊肉串', '烤串', '羊肉', '烤肉']"
B023B14BX8,[],烤肉,[],[],餐饮服务;中餐厅;中餐厅,[],[],050100,0,[],滨江区,[],0571-88858555;0571-88869555,B0I3SCXKRM,江晖路1930号东和时代101-105室(光辉路西侧),[],浙江省,diner,杭州市,320,"肉本家M8特供韩牛（厚切）,辣炒海灵菇（章鱼吸盘）,明洞调味猪排,辣炒海灵菇,夏日西瓜绵绵冰,功夫冷面,1988狗焕家的黄花鱼,济州岛黑猪五花肉（超厚）,仁川海鲜葱饼,1988国民mix盆拌饭,春川炸酱面,济州岛黑猪五花肉（厚切）,德善锅包肉,韩村米糕炒杂菜,肉本家M8韩牛,高丽参鸡汤,大脚小脚（鸡爪,猪蹄））,NIUNIU特选上等牛小排,超满足牛肉拌饭,宫廷牛肉汤,雪花肥牛薄片（调味）,WOORI冠军拼盘,校村原味炸鸡,炸鸡,烤肉",肉本家·炭烤肉(滨江东和时代店),"120.206461,30.209991",[],[],[],,,TRUE,TRUE,FALSE,FALSE,餐饮服务;中餐厅;中餐厅,餐饮服务,中餐厅,"['肉本家M8特供韩牛（厚切）', '辣炒海灵菇（章鱼吸盘）', '明洞调味猪排', '辣炒海灵菇', '夏日西瓜绵绵冰', '功夫冷面', '1988狗焕家的黄花鱼', '济州岛黑猪五花肉（超厚）', '仁川海鲜葱饼', '1988国民mix盆拌饭', '春川炸酱面', '济州岛黑猪五花肉（厚切）', '德善锅包肉', '韩村米糕炒杂菜', '肉本家M8韩牛', '高丽参鸡汤', '大脚小脚（鸡爪', '猪蹄））', 'NIUNIU特选上等牛小排', '超满足牛肉拌饭', '宫廷牛肉汤', '雪花肥牛薄片（调味）', 'WOORI冠军拼盘', '校村原味炸鸡', '炸鸡', '烤肉']"
B0FFH04MDX,[],海鲜,[],[],餐饮服务;中餐厅;中餐厅,[],[],050100,0,[],滨江区,[],15088780955,B0LAFAY317,科技馆街1058号中月创智大厦114室(金铂湾),[],浙江省,diner,杭州市,320,"羊肉串,小龙虾,田鸡鸭舌焗焗煲,生焗六月黄螃蟹,无花果七层塔鸡煲,烤羊排,砂锅焗牙鸟片鱼头,双人餐,烤全羊",三两好友深夜食堂小龙虾·烤乳猪·罗氏虾(滨江店),"120.209795,30.214163",[],[],[],,,TRUE,TRUE,FALSE,FALSE,餐饮服务;中餐厅;中餐厅,餐饮服务,中餐厅,"['羊肉串', '小龙虾', '田鸡鸭舌焗焗煲', '生焗六月黄螃蟹', '无花果七层塔鸡煲', '烤羊排', '砂锅焗牙鸟片鱼头', '双人餐', '烤全羊']"
B0LRZ53G9L,[],牛肉火锅,[],[],餐饮服务;中餐厅;中餐厅,[],[],050100,0,[],萧山区,[],18057160915;18413259799,B0L0SRK52Y,钱江世纪公园A区A2-5福临潮汕牛档,[],浙江省,diner,杭州市,202,牛腩饭,福临潮汕牛档·鲜烤牛肉·沙茶火锅·牛腩饭·烧烤,"120.242488,30.241587",[],[],[],,,TRUE,TRUE,FALSE,FALSE,餐饮服务;中餐厅;中餐厅,餐饮服务,中餐厅,['牛腩饭']
B0H1FSDU18,[],烧烤,[],[],餐饮服务;中餐厅;中餐厅,[],[],050100,0,[],萧山区,[],19057204966,B0L0VDI5ER,盈丰街道欧镁创新城6-110、6-111号、利二路173、175、177号,[],浙江省,diner,杭州市,202,海鲜烧烤,赶海去·海鲜烧烤小酒馆·团建·露营(萧山店),"120.242957,30.236704",[],[],[],,,TRUE,TRUE,FALSE,FALSE,餐饮服务;中餐厅;中餐厅,餐饮服务,中餐厅,['海鲜烧烤']
[],[],烤肉,[],[],购物服务;购物相关场所;购物相关场所|餐饮服务;餐饮相关场所;餐饮相关,[],[],060000|050000,0,[],滨江区,[],[],B0L35SDNW5,滨盛路8号莲荷里B1层E-28号(霸王茶姬斜对面),[],浙江省,[],杭州市,[],[],今喜(奥体莲荷里店),"120.231275,30.226975",[],[],[],,,TRUE,TRUE,FALSE,FALSE,购物服务;购物相关场所;购物相关场所,购物服务,购物相关场所,[]
[],[],烤肉,[],[],餐饮服务;外国餐厅;日本料理,[],[],050202,0,[],上城区,[],0571-86887610;17767103061,B0FFG7UMHG,中山中路354号,[],浙江省,diner,杭州市,[],"牛隔肌,牛小排,特等玫瑰牛舌,极品牛小排,三文鱼刺身,牛油果寿司,特大自制土豆饼,牛舌,饕餮四点拼盘,鳗鱼寿司,主打牛腩肉,烤肉,牛肉",御牛道日式烤肉料理(中山中路店),"120.170343,30.252024",[],[],[],,,TRUE,TRUE,FALSE,FALSE,餐饮服务;外国餐厅;日本料理,餐饮服务,外国餐厅,"['牛隔肌', '牛小排', '特等玫瑰牛舌', '极品牛小排', '三文鱼刺身', '牛油果寿司', '特大自制土豆饼', '牛舌', '饕餮四点拼盘', '鳗鱼寿司', '主打牛腩肉', '烤肉', '牛肉']"
B023B06HYE,[],烤肉,[],[],餐饮服务;中餐厅;清真菜馆,[],[],050121,0,[],上城区,[],0571-85033456;15858120333,B0K3UBN7BQ,庆春路149-1号,[],浙江省,diner,杭州市,202,"烤肉,韭菜盒子",穆羊客清真火锅烤肉一体,"120.173065,30.257596",[],[],[],,,TRUE,TRUE,FALSE,FALSE,餐饮服务;中餐厅;清真菜馆,餐饮服务,中餐厅,"['烤肉', '韭菜盒子']"
B0FFLNKIBK,[],小龙虾,[],[],餐饮服务;中餐厅;特色/地方风味餐厅,[],[],050118,0,[],滨江区,[],15057160215,B0LU9MBJEZ,星澜里4幢2楼(星民地铁站C口步行440米),[],浙江省,diner,杭州市,202,小龙虾烧烤,虾儿清清小龙虾烧烤(星澜里店),"120.221465,30.215114",[],[],[],,,TRUE,TRUE,FALSE,FALSE,餐饮服务;中餐厅;特色/地方风味餐厅,餐饮服务,中餐厅,['小龙虾烧烤']
B0LDJHXOLT,[],韩国料理,[],[],餐饮服务;中餐厅;中餐厅,[],[],050100,0,[],萧山区,[],13146224187;19012855583,B0L2UZDW8F,盈丰街道亚奥城西区1幢5层502室L507,[],浙江省,diner,杭州市,201,双人餐,蚂蚁洞烤肉料理(杭州亚奥万象天地店),"120.247590,30.256030",[],[],[],,,TRUE,TRUE,FALSE,FALSE,餐饮服务;中餐厅;中餐厅,餐饮服务,中餐厅,['双人餐']
B023B1941N,[],烤肉,[],[],餐饮服务;外国餐厅;外国餐厅,[],[],050200,0,[],滨江区,[],13067822976,B0MGYR7CEE,长河街道滨盛路1766号星光城1层L103-1号山葵村烤肉,[],浙江省,diner,杭州市,202,"双人餐,烤肉",山葵村烤肉(滨江星光大道店),"120.206613,30.211106",[],[],[],,,TRUE,TRUE,FALSE,FALSE,餐饮服务;外国餐厅;外国餐厅,餐饮服务,外国餐厅,"['双人餐', '烤肉']"
B0GUKUEGMB,[],西餐,[],[],餐饮服务;快餐厅;快餐厅,[],[],050300,0,[],上城区,[],18767171277,B0L1P5629M,绿地商业中心2-110(不会飞的烧鸟右边巷子进),[],浙江省,diner,杭州市,202,"芝士和牛汉堡,极佳美牛肋排,招牌梦幻汉堡,石斧和牛前胸,单人餐,汉堡,双人餐",梦幻烤房·BURGER·BBQ,"120.196462,30.275302",[],[],[],,,TRUE,TRUE,FALSE,FALSE,餐饮服务;快餐厅;快餐厅,餐饮服务,快餐厅,"['芝士和牛汉堡', '极佳美牛肋排', '招牌梦幻汉堡', '石斧和牛前胸', '单人餐', '汉堡', '双人餐']"
B0FFH04MDX,[],烧烤,[],[],餐饮服务;中餐厅;中餐厅,[],[],050100,0,[],滨江区,[],13998275755;18006617355,B0KA1SR2GS,闻涛路金铂湾207室,[],浙江省,diner,杭州市,320,"七分熟,酱油筋,牛肋条,胸口油,鲜虾滑,生烤鸡爪,铁板鸡架,五花肉,烤串,鸡爪,宵夜,特色菜,羊肉串,豆皮,鸡架,烤肉",夜八两·老舅烧烤(滨江店),"120.209776,30.214388",[],[],[],,,TRUE,TRUE,FALSE,FALSE,餐饮服务;中餐厅;中餐厅,餐饮服务,中餐厅,"['七分熟', '酱油筋', '牛肋条', '胸口油', '鲜虾滑', '生烤鸡爪', '铁板鸡架', '五花肉', '烤串', '鸡爪', '宵夜', '特色菜', '羊肉串', '豆皮', '鸡架', '烤肉']"
B0FFM6QXKR,[],烤肉,[],[],餐饮服务;餐饮相关场所;餐饮相关,[],[],050000,0,[],上城区,[],18758219571,B0JGU1BYYV,西湖大道2号丰平商业中心F4层,[],浙江省,diner,杭州市,202,"红糖糍粑,肉夹馍,鸭锁骨",可劲造脆皮烤猪肘(丰平商业中心店),"120.181938,30.245510",[],[],[],,,TRUE,TRUE,FALSE,FALSE,餐饮服务;餐饮相关场所;餐饮相关,餐饮服务,餐饮相关场所,"['红糖糍粑', '肉夹馍', '鸭锁骨']"
B0LDJHXOLT,[],烤肉,[],[],餐饮服务;中餐厅;中餐厅,[],[],050100,0,[],萧山区,[],0571-86928685,B0L2O5VGHY,亚运村路亚奥万象天地西区5层L539,[],浙江省,diner,杭州市,201,日式烧肉,懂肉记日式烧肉(亚奥万象天地店),"120.247444,30.255349",[],[],[],,,TRUE,TRUE,FALSE,FALSE,餐饮服务;中餐厅;中餐厅,餐饮服务,中餐厅,['日式烧肉']
B0FFH04MDX,[],烧烤,[],[],餐饮服务;中餐厅;中餐厅,[],[],050100,0,[],滨江区,[],17300986377,B0JGNR07VO,闻涛路与通和路交叉口东60米金铂湾111号,[],浙江省,diner,杭州市,320,"柠檬茶,生蚝,大号香辣小龙虾,熟醉大闸蟹,口味虾,炒饭,烤串,牛肉串,肥肠,臭豆腐,蟹黄,干锅牛蛙,年糕,毛血旺,现捞,蛋炒饭,龙虾",战友深夜食堂(金铂湾店),"120.209707,30.214308",[],[],[],,,TRUE,TRUE,FALSE,FALSE,餐饮服务;中餐厅;中餐厅,餐饮服务,中餐厅,"['柠檬茶', '生蚝', '大号香辣小龙虾', '熟醉大闸蟹', '口味虾', '炒饭', '烤串', '牛肉串', '肥肠', '臭豆腐', '蟹黄', '干锅牛蛙', '年糕', '毛血旺', '现捞', '蛋炒饭', '龙虾']"
B023B0BGX6,[],烧烤,[],[],餐饮服务;中餐厅;中餐厅,[],[],050100,1,[],拱墅区,[],13456837332,B0HGLAR81V,建国北路3号(万安桥地铁站B2入口步行410米),[],浙江省,diner,杭州市,202,烤鱼,晨旭夜食烧烤·烤鱼(建国北路店),"120.180484,30.258708",[],[],[],,,TRUE,TRUE,FALSE,FALSE,餐饮服务;中餐厅;中餐厅,餐饮服务,中餐厅,['烤鱼']
B023B06HYE,[],烧烤,[],[],餐饮服务;餐饮相关场所;餐饮相关,[],[],050000,0,[],上城区,[],18258838368,B0LGRXD63H,中河中路258号杭州瑞丰国际商务大厦,[],浙江省,diner,杭州市,202,牛肉串,周骏牛肉串(庆春店),"120.172597,30.257651",[],[],[],,,TRUE,TRUE,FALSE,FALSE,餐饮服务;餐饮相关场所;餐饮相关,餐饮服务,餐饮相关场所,['牛肉串']
[],[],烧烤,[],[],餐饮服务;中餐厅;特色/地方风味餐厅,[],[],050118,0,[],上城区,[],18658805043,B0K1B5BX83,秋涛北路192号-10,[],浙江省,diner,杭州市,[],鲫鱼,1987熬夜烧烤,"120.200161,30.275293",[],[],[],,,TRUE,TRUE,FALSE,FALSE,餐饮服务;中餐厅;特色/地方风味餐厅,餐饮服务,中餐厅,['鲫鱼']
[],[],烧烤,[],[],餐饮服务;中餐厅;中餐厅,[],[],050100,0,[],上城区,[],17767145616,B0FFJB6HCS,江城路471-3号宋城大饭店,[],浙江省,diner,杭州市,[],烤鱼,串王阿三烧烤·酒场·烤鱼(吴山广场江城路店),"120.174348,30.232941",[],[],[],,,TRUE,TRUE,FALSE,FALSE,餐饮服务;中餐厅;中餐厅,餐饮服务,中餐厅,['烤鱼']
[],[],小吃快餐,[],[],餐饮服务;餐饮相关场所;餐饮相关,[],[],050000,0,[],上城区,[],19011223603,B0LALLK7OF,凯旋支路18号8号楼,[],浙江省,diner,杭州市,[],[],如意Teppanyaki,"120.189125,30.274525",[],[],[],,,TRUE,TRUE,FALSE,FALSE,餐饮服务;餐饮相关场所;餐饮相关,餐饮服务,餐饮相关场所,[]
B023B017A5,[],烧烤,[],[],餐饮服务;中餐厅;中餐厅,[],[],050100,0,[],拱墅区,[],18258863073,B0K1YHG2Q6,建国北路240号,[],浙江省,diner,杭州市,202,[],凯旋烧烤(建国北路),"120.180976,30.264029",[],[],[],,,TRUE,TRUE,FALSE,FALSE,餐饮服务;中餐厅;中餐厅,餐饮服务,中餐厅,[]
B0IKHULABF,[],烧烤,[],[],餐饮服务;中餐厅;特色/地方风味餐厅,[],[],050118,1,[],滨江区,[],15857117639,B0ID47PZM5,滨江区科技馆街1058中月创智大厦115-116室,[],浙江省,diner,杭州市,202,"羊肉串,鸡架",篝火旁·酱油小串户外露营烧烤(滨江店),"120.209786,30.213985",[],[],[],,,TRUE,TRUE,FALSE,FALSE,餐饮服务;中餐厅;特色/地方风味餐厅,餐饮服务,中餐厅,"['羊肉串', '鸡架']"
B0JURCB5TO,[],日本料理,[],[],餐饮服务;中餐厅;中餐厅,[],[],050100,0,[],上城区,[],18157136269,B0LAGSU0OM,绿地商业中心1-105,[],浙江省,diner,杭州市,202,双人餐,久旦·鲜串烧鸟(华家池店),"120.196030,30.275116",[],[],[],,,TRUE,TRUE,FALSE,FALSE,餐饮服务;中餐厅;中餐厅,餐饮服务,中餐厅,['双人餐']
B023B14BX8,[],烤肉,[],[],餐饮服务;餐饮相关场所;餐饮相关,[],[],050000,0,[],滨江区,[],13083953858,B0IUDHIGPF,长河街道江晖路1930号东和时代大厦110-111室,[],浙江省,diner,杭州市,320,"麻辣烫,双人餐,鸡架",破店肥哈·海鲜·烧烤(杭州滨江店),"120.205906,30.210296",[],[],[],,,TRUE,TRUE,FALSE,FALSE,餐饮服务;餐饮相关场所;餐饮相关,餐饮服务,餐饮相关场所,"['麻辣烫', '双人餐', '鸡架']"
B023B17AW2,[],烧烤,[],[],餐饮服务;餐饮相关场所;餐饮相关,[],[],050000,0,[],滨江区,[],19012826803,B0L2XRY8IM,长河街道江晖路1961号(隆和国际一楼),[],浙江省,diner,杭州市,202,[],周姐焦烤鸡架·东北烧烤夜宵(隆和国际店),"120.204752,30.209835",[],[],[],,,TRUE,TRUE,FALSE,FALSE,餐饮服务;餐饮相关场所;餐饮相关,餐饮服务,餐饮相关场所,[]
B0HUB4CX58,[],中餐,[],[],餐饮服务;中餐厅;中餐厅,[],[],050100,0,[],滨江区,[],[],B0J1FM04U9,绿地旭辉大厦101号,[],浙江省,diner,杭州市,202,"东北菜,大排档",来可友烧烤东北菜大排档(旭辉大厦店),"120.230225,30.224975",[],[],[],,,TRUE,TRUE,FALSE,FALSE,餐饮服务;中餐厅;中餐厅,餐饮服务,中餐厅,"['东北菜', '大排档']"
B0IB5SQ5D8,[],烤肉,[],[],餐饮服务;中餐厅;特色/地方风味餐厅,[],[],050118,0,[],萧山区,[],19818499189,B0MDT7DFKY,民和路886号朝龙汇D+PARKB1层,[],浙江省,diner,杭州市,202,[],原始烤肉·齐齐哈尔(杭州首店),"120.243925,30.239925",[],[],[],,,TRUE,TRUE,FALSE,FALSE,餐饮服务;中餐厅;特色/地方风味餐厅,餐饮服务,中餐厅,[]
B0FFHZL6EM,[],烧烤,[],[],餐饮服务;外国餐厅;日本料理,[],[],050202,0,[],萧山区,[],13216511960,B0KAXHDAN1,奔竞大道472号,[],浙江省,diner,杭州市,320,"烧鸟,烧肉",炙·烧鸟·烧肉·深夜食堂(都会山店),"120.244213,30.230681",[],[],[],,,TRUE,TRUE,FALSE,FALSE,餐饮服务;外国餐厅;日本料理,餐饮服务,外国餐厅,"['烧鸟', '烧肉']"
B0FFKU5FGU,[],烤肉,[],[],餐饮服务;中餐厅;清真菜馆,[],[],050121,0,[],上城区,[],18689080900,B0LU6LMCC0,祝福街与学怡巷交叉口东北40米,[],浙江省,diner,杭州市,320,清真烤肉,戈壁滩西域·清真烤肉餐厅(中盛府店),"120.204568,30.275316",[],[],[],,,TRUE,TRUE,FALSE,FALSE,餐饮服务;中餐厅;清真菜馆,餐饮服务,中餐厅,['清真烤肉']
B023B06T5S,[],日本料理,[],[],餐饮服务;外国餐厅;日本料理,[],[],050202,0,[],上城区,[],0571-87099633,B0FFI92AHL,金鸡岭路46号,[],浙江省,diner,杭州市,320,"鳗鱼先生的饭,流心火炙三文鱼饭,提灯,大川生牛肉拌饭,精致刺身三品,火炙鹅肝手握寿司,大川串烤盛盒,三文鱼刺身五切,朝日生啤,烧鸟,大川玉子烧,牛肉寿喜锅,烤青花鱼,三文鱼牛油果沙拉,豚骨拉面,大川鳗鱼炸虾寿司,厚切牛舌,火炙鹅肝手握,鹅肝饭,牛肉,双人餐",大川日本料理·深夜居酒屋(解放路店),"120.178155,30.248708",[],[],[],,,TRUE,TRUE,FALSE,FALSE,餐饮服务;外国餐厅;日本料理,餐饮服务,外国餐厅,"['鳗鱼先生的饭', '流心火炙三文鱼饭', '提灯', '大川生牛肉拌饭', '精致刺身三品', '火炙鹅肝手握寿司', '大川串烤盛盒', '三文鱼刺身五切', '朝日生啤', '烧鸟', '大川玉子烧', '牛肉寿喜锅', '烤青花鱼', '三文鱼牛油果沙拉', '豚骨拉面', '大川鳗鱼炸虾寿司', '厚切牛舌', '火炙鹅肝手握', '鹅肝饭', '牛肉', '双人餐']"
B0IB5SQ5D8,[],自助餐,[],[],餐饮服务;外国餐厅;日本料理,[],[],050202,1,[],萧山区,[],0571-85507299;0571-85507799,B0IGGSVZUL,民和路朝龙汇商场2楼(钱江世纪城地铁站E2口旁),[],浙江省,diner,杭州市,202,"和牛松茸汤,鲟鱼子酱,提灯,海胆,牛肉锅,海螺,新西兰鳌虾,酒水,麻酱龙虾,刺身拼盘,葱烤牛舌,花好月圆,三文鱼大腹,芝士焗蟹宝,麻布辛村鹅肝,盐烤大虾,炸物,寿司,三文鱼,刺身,自助餐,鹅肝,麻酱",月龍吟(朝龙汇D+PARK店),"120.243846,30.239401",[],[],[],,,TRUE,TRUE,FALSE,FALSE,餐饮服务;外国餐厅;日本料理,餐饮服务,外国餐厅,"['和牛松茸汤', '鲟鱼子酱', '提灯', '海胆', '牛肉锅', '海螺', '新西兰鳌虾', '酒水', '麻酱龙虾', '刺身拼盘', '葱烤牛舌', '花好月圆', '三文鱼大腹', '芝士焗蟹宝', '麻布辛村鹅肝', '盐烤大虾', '炸物', '寿司', '三文鱼', '刺身', '自助餐', '鹅肝', '麻酱']"
B0KG9H6GIK,[],日本料理,[],[],餐饮服务;外国餐厅;日本料理,[],[],050202,0,[],滨江区,[],19032580755,B0K16URWC3,丹枫路18号大莲花LG层莲荷里E区E17,[],浙江省,diner,杭州市,201,"鸡排肥牛拼咖喱蛋包饭,唐扬鸡块咖喱蛋包饭,金炸鸡排咖喱蛋包饭,吉列炸猪排咖喱蛋包饭,安格斯肥牛咖喱蛋包饭,天妇罗大虾咖喱蛋包饭,火山石纯肉烤肠,香煎汉堡肉丼饭,地狱肥牛日式乌冬面,招牌温泉蛋牛肉丼,温泉蛋牛肉丼,招牌肥牛手作咖喱饭,鸡排",山崎家Curry咖喱食堂(奥体银泰店),"120.231052,30.227024",[],[],[],,,TRUE,TRUE,FALSE,FALSE,餐饮服务;外国餐厅;日本料理,餐饮服务,外国餐厅,"['鸡排肥牛拼咖喱蛋包饭', '唐扬鸡块咖喱蛋包饭', '金炸鸡排咖喱蛋包饭', '吉列炸猪排咖喱蛋包饭', '安格斯肥牛咖喱蛋包饭', '天妇罗大虾咖喱蛋包饭', '火山石纯肉烤肠', '香煎汉堡肉丼饭', '地狱肥牛日式乌冬面', '招牌温泉蛋牛肉丼', '温泉蛋牛肉丼', '招牌肥牛手作咖喱饭', '鸡排']"
B0FFLNKIBK,[],日本料理,[],[],餐饮服务;外国餐厅;日本料理,[],[],050202,1,[],滨江区,[],0571-87176677;0571-87187875,B0FFME1YSM,西兴街道西兴路2333号星澜大厦4幢201-208室,[],浙江省,diner,杭州市,202,"刺身拼盘,葱烤牛舌,花好月圆,炸物,寿司,三文鱼大腹,芝士焗蟹宝,麻布辛村鹅肝,盐烤大虾,海胆,牛肉锅,海螺,新西兰鳌虾,酒水,麻酱龙虾,和牛松茸汤,鲟鱼子酱,提灯,牛肉",月龍吟(星澜里店),"120.221716,30.215127",[],[],[],,,TRUE,TRUE,FALSE,FALSE,餐饮服务;外国餐厅;日本料理,餐饮服务,外国餐厅,"['刺身拼盘', '葱烤牛舌', '花好月圆', '炸物', '寿司', '三文鱼大腹', '芝士焗蟹宝', '麻布辛村鹅肝', '盐烤大虾', '海胆', '牛肉锅', '海螺', '新西兰鳌虾', '酒水', '麻酱龙虾', '和牛松茸汤', '鲟鱼子酱', '提灯', '牛肉']"
B0LDJHXOLT,[],自助餐,[],[],餐饮服务;外国餐厅;日本料理,[],[],050202,0,[],萧山区,[],0571-82558057,B0L2O5VXY1,平澜路541号杭州亚奥万象天地L5层,[],浙江省,diner,杭州市,201,寿喜烧,牛New寿喜烧(亚奥万象天地店),"120.247296,30.255487",[],[],[],,,TRUE,TRUE,FALSE,FALSE,餐饮服务;外国餐厅;日本料理,餐饮服务,外国餐厅,['寿喜烧']
B0JB1656XS,[],日本料理,[],[],餐饮服务;外国餐厅;日本料理,[],[],050202,0,[],萧山区,[],18868403077,B0MGYR6YZI,平澜路287号浙江商会大厦1幢(瑞幸咖啡旁)钱江世纪城地铁E3B口,[],浙江省,diner,杭州市,202,烧鸟,酒食胡同·烧鸟酒场,"120.241036,30.238565",[],[],[],,,TRUE,TRUE,FALSE,FALSE,餐饮服务;外国餐厅;日本料理,餐饮服务,外国餐厅,['烧鸟']
B023B14AY2,[],日本料理,[],[],餐饮服务;外国餐厅;日本料理,[],[],050202,0,[],上城区,[],0571-86068793,B0FFFA864N,西湖大道146号,[],浙江省,diner,杭州市,320,"单人餐,寿司,料理",泽川创作料理(西湖大道店),"120.173633,30.246092",[],[],[],,,TRUE,TRUE,FALSE,FALSE,餐饮服务;外国餐厅;日本料理,餐饮服务,外国餐厅,"['单人餐', '寿司', '料理']"
B0JURCB5TO,[],日本料理,[],[],餐饮服务;外国餐厅;日本料理,[],[],050202,0,[],上城区,[],15757195768,B0JU9M4DHN,绿地商业中心1号楼102室,[],浙江省,diner,杭州市,202,"牛肉,烧鸟,鸡肉",不会飞的烧鸟(华家池店),"120.196294,30.275164",[],[],[],,,TRUE,TRUE,FALSE,FALSE,餐饮服务;外国餐厅;日本料理,餐饮服务,外国餐厅,"['牛肉', '烧鸟', '鸡肉']"
B0LDJHXOLT,[],寿司,[],[],餐饮服务;外国餐厅;日本料理,[],[],050202,0,[],萧山区,[],0571-87612677,B0L2O5VA9Q,琮琮路与拾久街交叉口西南160米杭州亚奥万象天地L5层,[],浙江省,diner,杭州市,201,寿司,滨寿司(杭州亚奥万象天地店),"120.247801,30.256453",[],[],[],,,TRUE,TRUE,FALSE,FALSE,餐饮服务;外国餐厅;日本料理,餐饮服务,外国餐厅,['寿司']
B023B0BEKQ,[],日本料理,[],[],餐饮服务;外国餐厅;日本料理,[],[],050202,0,[],上城区,[],0571-86050501;13588821136,B023B0BEKS,西湖大道149号万科金色成品109室,[],浙江省,diner,杭州市,320,"海胆,紫海丹刺身,勇寿司,新西兰三文鱼,天妇罗,梅子煮秋刀鱼,海葡萄,笋丝饭,甜虾,烤鳗鱼,星鳗寿司,鲜北极贝,三文鱼腩,鮟鱇鱼火锅,牡丹虾,料理,牛肉,日本料理,鸡肉",勇日本料理(万科金色城品店),"120.172976,30.245356",[],[],[],,,TRUE,TRUE,FALSE,FALSE,餐饮服务;外国餐厅;日本料理,餐饮服务,外国餐厅,"['海胆', '紫海丹刺身', '勇寿司', '新西兰三文鱼', '天妇罗', '梅子煮秋刀鱼', '海葡萄', '笋丝饭', '甜虾', '烤鳗鱼', '星鳗寿司', '鲜北极贝', '三文鱼腩', '鮟鱇鱼火锅', '牡丹虾', '料理', '牛肉', '日本料理', '鸡肉']"
B0FFLNKIBK,[],日本料理,[],[],餐饮服务;外国餐厅;日本料理,[],[],050202,0,[],滨江区,[],15372589639,B0JDJUGB8H,西兴路与丹枫路交叉口南120米,[],浙江省,diner,杭州市,202,"牛肉,鸡翅,鸡肉,寿司,居酒屋,宵夜",鸟剑居酒屋(星澜里店),"120.221702,30.215208",[],[],[],,,TRUE,TRUE,FALSE,FALSE,餐饮服务;外国餐厅;日本料理,餐饮服务,外国餐厅,"['牛肉', '鸡翅', '鸡肉', '寿司', '居酒屋', '宵夜']"
B023B14JB3,[],日本料理,[],[],餐饮服务;外国餐厅;日本料理,[],[],050202,0,[],滨江区,[],0571-88477758;0571-88477768,B0FFHS5M8F,科技馆街1505号凯瑞金座3楼,[],浙江省,diner,杭州市,202,"北极贝,天妇罗,海螺,牡丹虾,海胆,蟹宝,三文鱼,刺身,寿司,鸡肉,牛肉,鹅肝",竹哩(滨江店),"120.202280,30.208622",[],[],[],,,TRUE,TRUE,FALSE,FALSE,餐饮服务;外国餐厅;日本料理,餐饮服务,外国餐厅,"['北极贝', '天妇罗', '海螺', '牡丹虾', '海胆', '蟹宝', '三文鱼', '刺身', '寿司', '鸡肉', '牛肉', '鹅肝']"
B0K0ADUO6A,[],日本料理,[],[],餐饮服务;中餐厅;中餐厅,[],[],050100,0,[],萧山区,[],17328893102,B0L07M0PRG,盈丰街道鸿宁路2287号-1号山水时代大厦裙楼1层(肯德基旁),[],浙江省,diner,杭州市,202,[],夜酌つけ麺 やきとり(杭州山水店),"120.248775,30.240861",[],[],[],,,TRUE,TRUE,FALSE,FALSE,餐饮服务;中餐厅;中餐厅,餐饮服务,中餐厅,[]
[],[],日本料理,[],[],餐饮服务;外国餐厅;日本料理,[],[],050202,0,[],上城区,[],17857156231,B0KR5AVYNI,光复路与解放路交叉口,[],浙江省,diner,杭州市,[],"绿豆汤,日本料理",味里日本料理,"120.170994,30.250920",[],[],[],,,TRUE,TRUE,FALSE,FALSE,餐饮服务;外国餐厅;日本料理,餐饮服务,外国餐厅,"['绿豆汤', '日本料理']"
B023B0815Z,[],日本料理,[],[],餐饮服务;外国餐厅;日本料理,[],[],050202,0,[],上城区,[],18072814785,B0FFIS4EMO,庆春路157号中河大厦,[],浙江省,diner,杭州市,202,"五品刺身拼盘,名古屋鸡翅,斑节虾,鹅肝手握,青花鱼一夜干,提灯,五花肉,单人餐,烤肉,双人餐,烧鸟,鸡肉",和炙烧鸟(庆春店),"120.170597,30.257801",[],[],[],,,TRUE,TRUE,FALSE,FALSE,餐饮服务;外国餐厅;日本料理,餐饮服务,外国餐厅,"['五品刺身拼盘', '名古屋鸡翅', '斑节虾', '鹅肝手握', '青花鱼一夜干', '提灯', '五花肉', '单人餐', '烤肉', '双人餐', '烧鸟', '鸡肉']"
B0LDJHXOLT,[],寿司,[],[],餐饮服务;外国餐厅;日本料理,[],[],050202,0,[],萧山区,[],15287834403;18069887137,B0L2UREYNH,琮琮路与拾久街交叉口西南160米杭州亚奥万象天地L1层,[],浙江省,diner,杭州市,201,[],昊来了寿司,"120.250387,30.254274",[],[],[],,,TRUE,TRUE,FALSE,FALSE,餐饮服务;外国餐厅;日本料理,餐饮服务,外国餐厅,[]
B023B0925R,[],日本料理,[],[],餐饮服务;外国餐厅;日本料理,[],[],050202,0,[],拱墅区,[],19032261185,B0FFKYLNOW,中山北路37号,[],浙江省,diner,杭州市,320,双人餐,满丼肉剧场,"120.169386,30.259113",[],[],[],,,TRUE,TRUE,FALSE,FALSE,餐饮服务;外国餐厅;日本料理,餐饮服务,外国餐厅,['双人餐']
B023B09GG3,[],烤肉,[],[],餐饮服务;外国餐厅;日本料理,[],[],050202,0,[],上城区,[],0571-87811618,B0L2Y5VFD4,解放路249号101室1层AM-3、2层A1-3,[],浙江省,diner,杭州市,202,"土豆泥,冷面",东京烧肉Itimaru(杭州解百A座店),"120.165975,30.250091",[],[],[],,,TRUE,TRUE,FALSE,FALSE,餐饮服务;外国餐厅;日本料理,餐饮服务,外国餐厅,"['土豆泥', '冷面']"
B023B1CS5J,[],日本料理,[],[],餐饮服务;外国餐厅;日本料理,[],[],050202,0,[],拱墅区,[],18057132095,B0HD37PN0Y,中山北路28号浙江工艺大厦1层,[],浙江省,diner,杭州市,320,"工作餐,宵夜,居酒屋,烧鸟",鸟剑居酒屋(中山北路店),"120.169722,30.259143",[],[],[],,,TRUE,TRUE,FALSE,FALSE,餐饮服务;外国餐厅;日本料理,餐饮服务,外国餐厅,"['工作餐', '宵夜', '居酒屋', '烧鸟']"
[],[],日本料理,[],[],餐饮服务;外国餐厅;日本料理,[],[],050202,0,[],萧山区,[],15336539591;15867119308,B0K3O9XXEU,宁围街道奔竞大道时代财富中心688-35,[],浙江省,diner,杭州市,[],"居酒屋,撸串,烧鸟,精酿啤酒",暮光里烧鸟·摩登居酒屋·CHIRPY BIRD,"120.249443,30.237246",[],[],[],,,TRUE,TRUE,FALSE,FALSE,餐饮服务;外国餐厅;日本料理,餐饮服务,外国餐厅,"['居酒屋', '撸串', '烧鸟', '精酿啤酒']"
[],[],日本料理,[],[],餐饮服务;外国餐厅;日本料理,[],[],050202,0,[],上城区,[],13396550811,B0FFGZE3X5,中山中路479号中山国际大酒店附属一层,[],浙江省,diner,杭州市,[],"抹茶布丁,碳烤厚切牛舌,鱼生饭,烤鳗鱼,厚切三文鱼,刺身拼盘,甜虾,海胆,牛油果三文鱼沙拉,银雪鱼,红酒牛舌,明太子鸡翅,火炽寿司拼盘,烤鸡脆骨,牡丹虾,居酒屋,三文鱼,刺身,寿司,鸡肉",大江户居酒屋(中山中路店),"120.169925,30.253556",[],[],[],,,TRUE,TRUE,FALSE,FALSE,餐饮服务;外国餐厅;日本料理,餐饮服务,外国餐厅,"['抹茶布丁', '碳烤厚切牛舌', '鱼生饭', '烤鳗鱼', '厚切三文鱼', '刺身拼盘', '甜虾', '海胆', '牛油果三文鱼沙拉', '银雪鱼', '红酒牛舌', '明太子鸡翅', '火炽寿司拼盘', '烤鸡脆骨', '牡丹虾', '居酒屋', '三文鱼', '刺身', '寿司', '鸡肉']"
B023B14BPW,[],日本料理,[],[],餐饮服务;外国餐厅;日本料理,[],[],050202,0,[],拱墅区,[],0571-86808926,B0I0NR6N5M,屏风街29号九鼎·名仕顿商务楼F2层,[],浙江省,diner,杭州市,202,"烤肉,牛肉",东京烧肉Itimaru(屏风街店),"120.169150,30.266982",[],[],[],,,TRUE,TRUE,FALSE,FALSE,餐饮服务;外国餐厅;日本料理,餐饮服务,外国餐厅,"['烤肉', '牛肉']"
B0FFIMEKW0,[],寿司,[],[],餐饮服务;餐饮相关场所;餐饮相关,[],[],050000,0,[],上城区,[],0571-81996923,B0LB2UQ7E9,湖滨银泰in77D区3层(扶梯右前方20米处),[],浙江省,diner,杭州市,202,寿司,寿司郎(银泰in77·D馆店),"120.163458,30.253376",[],[],[],,,TRUE,TRUE,FALSE,FALSE,餐饮服务;餐饮相关场所;餐饮相关,餐饮服务,餐饮相关场所,['寿司']
[],[],日本料理,[],[],餐饮服务;中餐厅;中餐厅,[],[],050100,0,[],上城区,[],19357188398,B0JAZKSQ5X,十五奎巷43号,[],浙江省,diner,杭州市,[],"双人餐,烧鸟,鸡肉",御·拾串·烧鸟放题(鼓楼店),"120.170041,30.237301",[],[],[],,,TRUE,TRUE,FALSE,FALSE,餐饮服务;中餐厅;中餐厅,餐饮服务,中餐厅,"['双人餐', '烧鸟', '鸡肉']"
B023B1DOZZ,[],日本料理,[],[],餐饮服务;外国餐厅;日本料理,[],[],050202,0,[],滨江区,[],0571-88083988;18058800840,B0HAV59ZQY,杭州邮政大楼北门旁,[],浙江省,diner,杭州市,202,"刺身,五花肉,烧肉,鲍鱼,鸡皮,土豆泥,寿司,烧鸟,自助餐,芝士,鸡肉,黄油",滨丸水產·烧肉烧鸟炉端烧(星光大道店),"120.209805,30.208451",[],[],[],,,TRUE,TRUE,FALSE,FALSE,餐饮服务;外国餐厅;日本料理,餐饮服务,外国餐厅,"['刺身', '五花肉', '烧肉', '鲍鱼', '鸡皮', '土豆泥', '寿司', '烧鸟', '自助餐', '芝士', '鸡肉', '黄油']"
B0G1G1PS4M,[],寿司,[],[],餐饮服务;餐饮相关场所;餐饮相关,[],[],050000,0,[],上城区,[],[],B0L2O5VAA8,延安路292号工联CC L4层(龙翔桥地铁站出入口旁),[],浙江省,diner,杭州市,202,寿司,滨寿司(工联cc店),"120.164541,30.254517",[],[],[],,,TRUE,TRUE,FALSE,FALSE,餐饮服务;餐饮相关场所;餐饮相关,餐饮服务,餐饮相关场所,['寿司']
[],[],日本料理,[],[],餐饮服务;外国餐厅;日本料理,[],[],050202,0,[],上城区,[],18072837071,B0IBDHCW40,国货路11-1号(定安路地铁站B口步行450米),[],浙江省,diner,杭州市,[],"烧鸟,招牌爆浆鸡提灯,吉娜朵生蚝,百果生腌虾,寿喜锅,明太子西葫芦,炭烤鸡生蚝,京葱鸡腿肉,法罗皇冠三文鱼,料理,牛肉,鸡肉,居酒屋,肥牛,豆腐",大酒·烧鸟·居酒屋(国货路店),"120.167307,30.249142",[],[],[],,,TRUE,TRUE,FALSE,FALSE,餐饮服务;外国餐厅;日本料理,餐饮服务,外国餐厅,"['烧鸟', '招牌爆浆鸡提灯', '吉娜朵生蚝', '百果生腌虾', '寿喜锅', '明太子西葫芦', '炭烤鸡生蚝', '京葱鸡腿肉', '法罗皇冠三文鱼', '料理', '牛肉', '鸡肉', '居酒屋', '肥牛', '豆腐']"
B0LDJHXOLT,[],烤肉,[],[],餐饮服务;外国餐厅;日本料理,[],[],050202,0,[],萧山区,[],0571-82202001,B0L2URERT6,盈丰街道华润置地亚奥城南区9-6、9-7S130号,[],浙江省,diner,杭州市,201,"魔王心头肉,全牛宝藏六拼,果味爆汁牛肋条,双人餐,烤肉",魔宗·烧肉(亚奥万象天地店),"120.251140,30.253915",[],[],[],,,TRUE,TRUE,FALSE,FALSE,餐饮服务;外国餐厅;日本料理,餐饮服务,外国餐厅,"['魔王心头肉', '全牛宝藏六拼', '果味爆汁牛肋条', '双人餐', '烤肉']"
B023B14NK3,[],日本料理,[],[],餐饮服务;外国餐厅;日本料理,[],[],050202,0,[],上城区,[],19967476479,B0L2TH35VP,延安路98号银泰百货西湖店二楼201,[],浙江省,diner,杭州市,201,双人餐,鳗本家鳗鱼饭·烧鸟(西湖店),"120.166016,30.243189",[],[],[],,,TRUE,TRUE,FALSE,FALSE,餐饮服务;外国餐厅;日本料理,餐饮服务,外国餐厅,['双人餐']
[],[],日式烧烤,[],[],餐饮服务;外国餐厅;日本料理,[],[],050202,0,[],上城区,[],0571-88078207;19957139428,B0FFIPNDJB,吴山开元路75号(柳营路与交叉口),[],浙江省,diner,杭州市,[],"特选眼肉,去骨鸡腿肉,特等厚切牛舌,上等牛肋条,鸡皮,超大罐腌上等横膈膜/牛肋条,特选牛小排,鸡胗,双人餐,牛肉,鸡肉,烤肉",AJIYA味屋日式烤肉(开元路店),"120.162311,30.247600",[],[],[],,,TRUE,TRUE,FALSE,FALSE,餐饮服务;外国餐厅;日本料理,餐饮服务,外国餐厅,"['特选眼肉', '去骨鸡腿肉', '特等厚切牛舌', '上等牛肋条', '鸡皮', '超大罐腌上等横膈膜/牛肋条', '特选牛小排', '鸡胗', '双人餐', '牛肉', '鸡肉', '烤肉']"
B023B1DOZZ,[],烤肉,[],[],餐饮服务;外国餐厅;日本料理,[],[],050202,1,[],滨江区,[],0571-85391667,B0JRCNXMXN,丹枫路与星飞路交叉口东40米,[],浙江省,diner,杭州市,202,"烤肉,牛肉",云上膈膜烧肉·酒场(星光大道店),"120.209603,30.208339",[],[],[],,,TRUE,TRUE,FALSE,FALSE,餐饮服务;外国餐厅;日本料理,餐饮服务,外国餐厅,"['烤肉', '牛肉']"
B0G267MFI1,[],日本料理,[],[],餐饮服务;中餐厅;中餐厅,[],[],050100,0,[],滨江区,[],16665711151,B0JR25A7IH,物联网街330号A座201,[],浙江省,diner,杭州市,202,"叉烧,拉面,泡菜",面屋目一,"120.225013,30.210778",[],[],[],,,TRUE,TRUE,FALSE,FALSE,餐饮服务;中餐厅;中餐厅,餐饮服务,中餐厅,"['叉烧', '拉面', '泡菜']"
B023B1DIOC,[],小吃快餐,[],[],餐饮服务;外国餐厅;日本料理,[],[],050202,0,[],上城区,[],19883152117,B0L2CSHQ91,延安路245号杭州湖滨银泰in77B区B1010号,[],浙江省,diner,杭州市,202,牛排,博多天一天婦羅牛排飯(杭州首店),"120.163786,30.254905",[],[],[],,,TRUE,TRUE,FALSE,FALSE,餐饮服务;外国餐厅;日本料理,餐饮服务,外国餐厅,['牛排']
B0L1A5IMR1,[],日本料理,[],[],餐饮服务;外国餐厅;日本料理,[],[],050202,0,[],萧山区,[],18072942511,B0IKARSTDR,盈丰街道左石商务中心3幢号,[],浙江省,diner,杭州市,202,"宵夜,工作餐,五花肉,龙虾,居酒屋",鸟剑居酒屋(钱江世纪城店),"120.254936,30.237079",[],[],[],,,TRUE,TRUE,FALSE,FALSE,餐饮服务;外国餐厅;日本料理,餐饮服务,外国餐厅,"['宵夜', '工作餐', '五花肉', '龙虾', '居酒屋']"
B0FFG56P7H,[],自助餐,[],[],餐饮服务;外国餐厅;日本料理,[],[],050202,0,[],拱墅区,[],0571-86073383,B0L2P5QAPC,延安路385号嘉里中心5层(凤起路地铁站C4口),[],浙江省,diner,杭州市,201,牛肉,一绪に寿喜烧放题(杭州嘉里中心店),"120.163048,30.259564",[],[],[],,,TRUE,TRUE,FALSE,FALSE,餐饮服务;外国餐厅;日本料理,餐饮服务,外国餐厅,['牛肉']
[],[],日本料理,[],[],餐饮服务;外国餐厅;日本料理,[],[],050202,1,[],滨江区,[],[],B0JDFAX11T,江南大道228号星光国际广场2幢1F层,[],浙江省,diner,杭州市,[],[],哥哥の深夜食堂(星光大道店),"120.209400,30.207883",[],[],[],,,TRUE,TRUE,FALSE,FALSE,餐饮服务;外国餐厅;日本料理,餐饮服务,外国餐厅,[]
B023B1DKJH,[],日本料理,[],[],餐饮服务;外国餐厅;日本料理,[],[],050202,0,[],拱墅区,[],15384078578,B0G1GHNQ9C,观巷7号,[],浙江省,diner,杭州市,320,"牛肉,鹅肝,鸡肉,单人餐,日本料理",舞麦UMAI日本料理(中山北路店),"120.168614,30.262294",[],[],[],,,TRUE,TRUE,FALSE,FALSE,餐饮服务;外国餐厅;日本料理,餐饮服务,外国餐厅,"['牛肉', '鹅肝', '鸡肉', '单人餐', '日本料理']"
B0FFI1ULJR,[],日本料理,[],[],餐饮服务;外国餐厅;日本料理,[],[],050202,1,[],上城区,[],0571-87023579,B0K6HMFNBM,湖滨银泰C3区1楼(龙翔桥地铁站D口步行410米),[],浙江省,diner,杭州市,202,"猪排,鸡肉",吉豚屋(杭州湖滨in77C3区店),"120.165082,30.250901",[],[],[],,,TRUE,TRUE,FALSE,FALSE,餐饮服务;外国餐厅;日本料理,餐饮服务,外国餐厅,"['猪排', '鸡肉']"
B0FFKXU30G,[],日本料理,[],[],餐饮服务;外国餐厅;日本料理,[],[],050202,0,[],萧山区,[],0571-86606677;0571-86616677,B0J09AU1H4,盈丰街道市心北路2000号归谷大厦钱江印商业体2层07号,[],浙江省,diner,杭州市,202,"诸暨土香肠,蟹宝,牡丹虾,炙烤榴莲,绍兴蒸双臭,梅干菜蒸江鳗,沉浸式越剧体验,刺身,海胆,越周蒸三鲜,马剑豆腐煲,蓝鳍金枪鱼大腹,火腿配蜜瓜,鲍鱼粥,甲鱼同山烧,毛盐蒸紫廊土鸡,慕斯南瓜,桃胶燕窝,招牌饭焐肉,烤大明虾,雪花牛肉,新西兰鳌虾,土鸡,家常菜,特色菜,红烧肉,豆腐,五花肉,甲鱼,羊肉",竹哩(归谷店),"120.256034,30.235716",[],[],[],,,TRUE,TRUE,FALSE,FALSE,餐饮服务;外国餐厅;日本料理,餐饮服务,外国餐厅,"['诸暨土香肠', '蟹宝', '牡丹虾', '炙烤榴莲', '绍兴蒸双臭', '梅干菜蒸江鳗', '沉浸式越剧体验', '刺身', '海胆', '越周蒸三鲜', '马剑豆腐煲', '蓝鳍金枪鱼大腹', '火腿配蜜瓜', '鲍鱼粥', '甲鱼同山烧', '毛盐蒸紫廊土鸡', '慕斯南瓜', '桃胶燕窝', '招牌饭焐肉', '烤大明虾', '雪花牛肉', '新西兰鳌虾', '土鸡', '家常菜', '特色菜', '红烧肉', '豆腐', '五花肉', '甲鱼', '羊肉']"
B023B09JJH,[],日本料理,[],[],餐饮服务;外国餐厅;日本料理|体育休闲服务;娱乐场所;酒吧,[],[],050202|080304,0,[],拱墅区,[],15268511443,B0FFM33PR5,中山北路245号(中河北路地铁站B2口步行360米),[],浙江省,diner,杭州市,320,"牛肉,双人餐",苍蝇酒肉馆(国都公寓店),"120.168776,30.263470",[],[],[],,,TRUE,TRUE,FALSE,FALSE,餐饮服务;外国餐厅;日本料理,餐饮服务,外国餐厅,"['牛肉', '双人餐']"
[],[],日本料理,[],[],餐饮服务;餐饮相关场所;餐饮相关,[],[],050000,0,[],上城区,[],18046257421,B0J13RFCJ7,292号工联cc一楼(龙翔桥地铁站D口步行120米),[],浙江省,diner,杭州市,[],"法式经典烤布蕾,朝阳流金土豆泥,抹茶麻薯舒芙蕾,镇店鹅肝寿司,三文鱼牛油果波奇饭,双人餐",泷川本铺(工联cc店),"120.165028,30.254777",[],[],[],,,TRUE,TRUE,FALSE,FALSE,餐饮服务;餐饮相关场所;餐饮相关,餐饮服务,餐饮相关场所,"['法式经典烤布蕾', '朝阳流金土豆泥', '抹茶麻薯舒芙蕾', '镇店鹅肝寿司', '三文鱼牛油果波奇饭', '双人餐']"
[],[],日本料理,[],[],餐饮服务;外国餐厅;日本料理,[],[],050202,0,[],上城区,[],0571-86906161,B0FFL9PX9E,天城路86号中博家居广场1楼停车场内·粤甲壹方隔壁,[],浙江省,diner,杭州市,[],"鳗鱼先生的饭,大川串烤盛盒,流心火炙三文鱼饭,大川生牛肉拌饭,精致刺身三品,鹅肝饭,朝日生啤,烧鸟,提灯,烤青花鱼,三文鱼牛油果沙拉,大川鳗鱼炸虾寿司,猪软骨拉面,三文鱼刺身五切,大川厚切牛舌,炭烤多春鱼,火炙鹅肝手握寿司,大川玉子烧,牛肉寿喜锅,双人餐,牛肉",大川日本料理·深夜居酒屋(火车东站店),"120.200227,30.287567",[],[],[],,,TRUE,TRUE,FALSE,FALSE,餐饮服务;外国餐厅;日本料理,餐饮服务,外国餐厅,"['鳗鱼先生的饭', '大川串烤盛盒', '流心火炙三文鱼饭', '大川生牛肉拌饭', '精致刺身三品', '鹅肝饭', '朝日生啤', '烧鸟', '提灯', '烤青花鱼', '三文鱼牛油果沙拉', '大川鳗鱼炸虾寿司', '猪软骨拉面', '三文鱼刺身五切', '大川厚切牛舌', '炭烤多春鱼', '火炙鹅肝手握寿司', '大川玉子烧', '牛肉寿喜锅', '双人餐', '牛肉']"
B023B1DIOC,[],日本料理,[],[],餐饮服务;外国餐厅;日本料理,[],[],050202,0,[],上城区,[],[],B0GK2XMC7Y,延安路245号杭州湖滨银泰in77B区B1层,[],浙江省,diner,杭州市,202,"炸鸡块咖喱蛋包饭套餐,炸鸡块咖喱乌冬面套餐,炸虾排咖喱蛋包饭套餐,牛腩咖喱蛋包饭套餐,蔬菜咖喱蛋包饭套餐,火炙蟹肉,牛肉,鸡肉,炸鸡",池奈·日式咖喱蛋包饭,"120.163716,30.254995",[],[],[],,,TRUE,TRUE,FALSE,FALSE,餐饮服务;外国餐厅;日本料理,餐饮服务,外国餐厅,"['炸鸡块咖喱蛋包饭套餐', '炸鸡块咖喱乌冬面套餐', '炸虾排咖喱蛋包饭套餐', '牛腩咖喱蛋包饭套餐', '蔬菜咖喱蛋包饭套餐', '火炙蟹肉', '牛肉', '鸡肉', '炸鸡']"
[],[],日本料理,[],[],餐饮服务;中餐厅;中餐厅,[],[],050100,0,[],滨江区,[],17366622870,B0KK2ON77N,光辉路与丹枫路交叉口南60米,[],浙江省,diner,杭州市,[],"鸡肝慕斯配蓝莓酱,烧鸟,黄油酱油三文鱼饭团,黄油金冠鸡,京葱鸡腿肉,鹅肝手握,芝士鸡蛋卷配番茄和牛肉酱,角切海鲜饭,海鲜太卷,安康鱼肝,生拌牛肉,辣油鸡蛋饭,冬笋佐猪肉味增酱,名古屋鸡翅,手作芝士豆腐,特上马肉刺身,生拌小甜虾,手打鸡肉丸子,三文鱼塔,手工芝士豆腐,靠日本年糕,提灯,澳洲牛肋条,築地食堂海鲜饭,秋刀鱼刺身,刺身,料理,黄油",串馨烧鸟·刺身·料理竞技场,"120.208220,30.207175",[],[],[],,,TRUE,TRUE,FALSE,FALSE,餐饮服务;中餐厅;中餐厅,餐饮服务,中餐厅,"['鸡肝慕斯配蓝莓酱', '烧鸟', '黄油酱油三文鱼饭团', '黄油金冠鸡', '京葱鸡腿肉', '鹅肝手握', '芝士鸡蛋卷配番茄和牛肉酱', '角切海鲜饭', '海鲜太卷', '安康鱼肝', '生拌牛肉', '辣油鸡蛋饭', '冬笋佐猪肉味增酱', '名古屋鸡翅', '手作芝士豆腐', '特上马肉刺身', '生拌小甜虾', '手打鸡肉丸子', '三文鱼塔', '手工芝士豆腐', '靠日本年糕', '提灯', '澳洲牛肋条', '築地食堂海鲜饭', '秋刀鱼刺身', '刺身', '料理', '黄油']"
B0GRVZT15R,[],日本料理,[],[],餐饮服务;餐饮相关场所;餐饮相关,[],[],050000,0,[],萧山区,[],15361538260,B0J0PZ85OH,鸿宁路1819号,[],浙江省,diner,杭州市,202,"拉面,炸鸡",麺屋猪一(左右世界店),"120.255066,30.237645",[],[],[],,,TRUE,TRUE,FALSE,FALSE,餐饮服务;餐饮相关场所;餐饮相关,餐饮服务,餐饮相关场所,"['拉面', '炸鸡']"
B023B14BPW,[],日本料理,[],[],餐饮服务;外国餐厅;日本料理,[],[],050202,1,[],拱墅区,[],0571-87633779;17767113570,B0HAUCUOLE,屏风街37号(中河北路地铁站B1口步行440米),[],浙江省,diner,杭州市,202,"牛肉,鸡肉",酉串·食聚屋炭火烧鸟酒场(杭州本店),"120.169289,30.266988",[],[],[],,,TRUE,TRUE,FALSE,FALSE,餐饮服务;外国餐厅;日本料理,餐饮服务,外国餐厅,"['牛肉', '鸡肉']"
[],[],烤肉,[],[],餐饮服务;外国餐厅;日本料理,[],[],050202,0,[],滨江区,[],13916348436,B0LRM7YJUF,闻涛路1852号-14,[],浙江省,diner,杭州市,[],"烧肉,烧鸟",炙?烧鸟?烧肉?深夜食堂(闻涛路店),"120.197124,30.208812",[],[],[],,,TRUE,TRUE,FALSE,FALSE,餐饮服务;外国餐厅;日本料理,餐饮服务,外国餐厅,"['烧肉', '烧鸟']"
B023B01A0A,[],日本料理,[],[],餐饮服务;外国餐厅;日本料理,[],[],050202,0,[],拱墅区,[],15957947676,B0L0HZPOE1,凤起路322号,[],浙江省,diner,杭州市,202,"寿司五拼,和牛可颂tata,金枪鱼汉堡,刺身五拼,温煮牛舌,料理",壹恒·板前料理(杭州首店),"120.168456,30.264837",[],[],[],,,TRUE,TRUE,FALSE,FALSE,餐饮服务;外国餐厅;日本料理,餐饮服务,外国餐厅,"['寿司五拼', '和牛可颂tata', '金枪鱼汉堡', '刺身五拼', '温煮牛舌', '料理']"
[],[],寿司,[],[],餐饮服务;外国餐厅;日本料理,[],[],050202,0,[],拱墅区,[],[],B0FFI6KH2T,屏风街1号(中河北路地铁站B1口步行360米),[],浙江省,diner,杭州市,[],"鹅肝,日本料理",鮨清日本料理(屏风街店),"120.170511,30.267120",[],[],[],,,TRUE,TRUE,FALSE,FALSE,餐饮服务;外国餐厅;日本料理,餐饮服务,外国餐厅,"['鹅肝', '日本料理']"
[],[],日本料理,[],[],餐饮服务;外国餐厅;日本料理,[],[],050202,0,[],上城区,[],17814763970,B0KAZHIVAC,延安路292号工联CC(龙翔桥地铁站出入口旁)F4,[],浙江省,diner,杭州市,[],"小龙虾,牛肉",一和幸寿喜烧(工联CC店),"120.164517,30.254608",[],[],[],,,TRUE,TRUE,FALSE,FALSE,餐饮服务;外国餐厅;日本料理,餐饮服务,外国餐厅,"['小龙虾', '牛肉']"
B023B14BPW,[],日本料理,[],[],餐饮服务;外国餐厅;日本料理,[],[],050202,0,[],拱墅区,[],17366621377,B0LKTUWNGG,屏风街21号,[],浙江省,diner,杭州市,202,居酒屋,万寿居酒屋,"120.169741,30.267068",[],[],[],,,TRUE,TRUE,FALSE,FALSE,餐饮服务;外国餐厅;日本料理,餐饮服务,外国餐厅,['居酒屋']
B0FFJ62XXT,[],寿司,[],[],餐饮服务;外国餐厅;日本料理,[],[],050202,0,[],萧山区,[],18158133227,B0LUVUDOPH,印力汇德隆杭州奥体印象城4层03-04,[],浙江省,diner,杭州市,202,寿司,寿司郎(印力汇德隆杭州奥体印象城店),"120.252768,30.223430",[],[],[],,,TRUE,TRUE,FALSE,FALSE,餐饮服务;外国餐厅;日本料理,餐饮服务,外国餐厅,['寿司']
B023B14FWZ,[],日本料理,[],[],餐饮服务;外国餐厅;日本料理,[],[],050202,0,[],萧山区,[],13064782369,B0H2FSKMI5,民和路501号联合中心F1层,[],浙江省,diner,杭州市,202,"炭烤雪花牛小排,刺身,炭烤黄鱼,西京银鳕鱼,鸡肉,双人餐",竹村·烧鸟居酒屋(联合中心店),"120.254025,30.230351",[],[],[],,,TRUE,TRUE,FALSE,FALSE,餐饮服务;外国餐厅;日本料理,餐饮服务,外国餐厅,"['炭烤雪花牛小排', '刺身', '炭烤黄鱼', '西京银鳕鱼', '鸡肉', '双人餐']"
B0FFLH9F7T,[],自助餐,[],[],餐饮服务;外国餐厅;日本料理,[],[],050202,0,[],上城区,[],0571-87172656,B0JR5KFE5I,彭埠街道和兴路129号杭州东站万象汇购物中心项目L0133N号,[],浙江省,diner,杭州市,202,牛肉,牛New寿喜烧(东站万象汇店),"120.217408,30.293332",[],[],[],,,TRUE,TRUE,FALSE,FALSE,餐饮服务;外国餐厅;日本料理,餐饮服务,外国餐厅,['牛肉']
[],[],日本料理,[],[],餐饮服务;外国餐厅;日本料理|生活服务;生活服务场所;生活服务场所,[],[],050202|070000,0,[],拱墅区,[],17742005911,B0FFIARMIA,朝晖路108号和平饭店1号楼1楼,[],浙江省,diner,杭州市,[],"盐烤五花肉金针菇卷,炸猪排,三文鱼,寿司小拼,单人餐,双人餐",小林刺身(朝晖店),"120.176885,30.278652",[],[],[],,,TRUE,TRUE,FALSE,FALSE,餐饮服务;外国餐厅;日本料理,餐饮服务,外国餐厅,"['盐烤五花肉金针菇卷', '炸猪排', '三文鱼', '寿司小拼', '单人餐', '双人餐']"
B0FFI31CNG,[],自助餐,[],[],餐饮服务;餐饮相关场所;餐饮相关,[],[],050000,0,[],滨江区,[],13524126563,B0LKYB387B,江汉路1515号滨江龙湖天街6F,[],浙江省,diner,杭州市,202,[],一绪に寿喜烧放题(杭州滨江龙湖),"120.203177,30.200739",[],[],[],,,TRUE,TRUE,FALSE,FALSE,餐饮服务;餐饮相关场所;餐饮相关,餐饮服务,餐饮相关场所,[]
[],[],日本料理,[],[],餐饮服务;外国餐厅;日本料理,[],[],050202,0,[],拱墅区,[],18069828196,B0J1O9QD5N,天水街道体育场路267-331,[],浙江省,diner,杭州市,[],"寿司,料理",喜久料理,"120.167697,30.269615",[],[],[],,,TRUE,TRUE,FALSE,FALSE,餐饮服务;外国餐厅;日本料理,餐饮服务,外国餐厅,"['寿司', '料理']"
B0FFI31CNG,[],日本料理,[],[],餐饮服务;外国餐厅;日本料理,[],[],050202,0,[],滨江区,[],18516628459,B0LKTUX3FX,江汉路1515号龙湖滨江天街6层,[],浙江省,diner,杭州市,202,寿司,滨寿司(龙湖滨江天街店),"120.203859,30.200593",[],[],[],,,TRUE,TRUE,FALSE,FALSE,餐饮服务;外国餐厅;日本料理,餐饮服务,外国餐厅,['寿司']
B0FFH8DE7Z,[],日本料理,[],[],餐饮服务;餐饮相关场所;餐饮相关,[],[],050000,0,[],萧山区,[],0571-82220107;15397004760,B0JBM92BOS,盈丰街道富业巷3号浙江民营企业发展大厦A座1楼,[],浙江省,diner,杭州市,202,"豪华刺身拼盘,日本橘子甘鲷刺身,贝柱刺身,碳烤活鳗,榴莲芒果卷,鸡中翅,刺身三品,蓝鳍金枪鱼下巴,醋冻松叶蟹钳,嫩鸡柳串,牛油果色拉,牡丹虾,芝士竹节虾寿司,鹅胆寿司,大福,日本年糕,蟹肉蒸蛋,香叶牛肉,牛油果鲜虾卷,柚子风天妇罗,芝士焗松叶蟹煲,活赤贝,桂花凤梨串,牛肉,鸡肉",渔万(浙江民营企业发展大厦店),"120.256020,30.231258",[],[],[],,,TRUE,TRUE,FALSE,FALSE,餐饮服务;餐饮相关场所;餐饮相关,餐饮服务,餐饮相关场所,"['豪华刺身拼盘', '日本橘子甘鲷刺身', '贝柱刺身', '碳烤活鳗', '榴莲芒果卷', '鸡中翅', '刺身三品', '蓝鳍金枪鱼下巴', '醋冻松叶蟹钳', '嫩鸡柳串', '牛油果色拉', '牡丹虾', '芝士竹节虾寿司', '鹅胆寿司', '大福', '日本年糕', '蟹肉蒸蛋', '香叶牛肉', '牛油果鲜虾卷', '柚子风天妇罗', '芝士焗松叶蟹煲', '活赤贝', '桂花凤梨串', '牛肉', '鸡肉']"
B0ID3SNNB7,[],自助餐,[],[],餐饮服务;外国餐厅;日本料理,[],[],050202,0,[],滨江区,[],0571-87806698,B0IUTS1VYQ,西兴街道银泰百货B区4层404室,[],浙江省,diner,杭州市,202,"小龙虾,渣渣牛肉锅,热卤猪蹄,云南风味酸菜牛肉锅,虎皮凤爪,椒麻大虾,牛肉",牛New寿喜烧(滨江银泰店),"120.221735,30.202019",[],[],[],,,TRUE,TRUE,FALSE,FALSE,餐饮服务;外国餐厅;日本料理,餐饮服务,外国餐厅,"['小龙虾', '渣渣牛肉锅', '热卤猪蹄', '云南风味酸菜牛肉锅', '虎皮凤爪', '椒麻大虾', '牛肉']"
B0FFLH9F7T,[],烤肉,[],[],餐饮服务;外国餐厅;日本料理,[],[],050202,0,[],上城区,[],0571-85156215,B0J0KDURI0,和兴路129号的杭州东站万象汇购物中心项目L0221N号2楼,[],浙江省,diner,杭州市,202,"牛肉,烤肉",牛小新烧肉·和牛放题(杭州东站万象汇),"120.217449,30.293495",[],[],[],,,TRUE,TRUE,FALSE,FALSE,餐饮服务;外国餐厅;日本料理,餐饮服务,外国餐厅,"['牛肉', '烤肉']"
[],[],日本料理,[],[],餐饮服务;外国餐厅;日本料理,[],[],050202,0,[],拱墅区,[],18072838606,B0LURH4IQ2,天水街道中山北路421-1号,[],浙江省,diner,杭州市,[],料理,Kōyō izakaya·日法融合料理,"120.167089,30.268726",[],[],[],,,TRUE,TRUE,FALSE,FALSE,餐饮服务;外国餐厅;日本料理,餐饮服务,外国餐厅,['料理']
B0FFI31CNG,[],日本料理,[],[],餐饮服务;外国餐厅;日本料理,[],[],050202,0,[],滨江区,[],17300902855,B0M6KBC2NZ,江汉路1515号龙湖杭州滨江天街1F-27a-1F-28b,[],浙江省,diner,杭州市,202,[],东京烧肉(滨江天街店),"120.203536,30.201301",[],[],[],,,TRUE,TRUE,FALSE,FALSE,餐饮服务;外国餐厅;日本料理,餐饮服务,外国餐厅,[]
B0FFJ62XXT,[],自助餐,[],[],餐饮服务;外国餐厅;日本料理,[],[],050202,0,[],萧山区,[],0571-88113513,B0KKFSQ8AA,飞虹路1408号奥体印象城L5层15号,[],浙江省,diner,杭州市,202,牛肉,牛哒寿喜烧·和牛海鲜自助火锅(奥体店),"120.252718,30.223364",[],[],[],,,TRUE,TRUE,FALSE,FALSE,餐饮服务;外国餐厅;日本料理,餐饮服务,外国餐厅,['牛肉']
B0FFG9VB31,[],日本料理,[],[],餐饮服务;外国餐厅;日本料理,[],[],050202,0,[],拱墅区,[],0571-88035588,B0GD3L2ACP,武林路50号(凤起路地铁站C4口步行430米),[],浙江省,diner,杭州市,324,"海胆,盐烤雪蟹脚,法国吉娜朵生蚝,北海道茄味焗龙虾,牡丹虾刺身,蒲烧鳗鱼,芝士焗蟹宝,法式生煎鹅肝,佛跳墙,禅意综合刺身,一品鲍鱼,三文鱼,刺身,寿司,牛肉,自助餐,料理",九井禅意料理(武林总店),"120.160595,30.259976",[],[],[],,,TRUE,TRUE,FALSE,FALSE,餐饮服务;外国餐厅;日本料理,餐饮服务,外国餐厅,"['海胆', '盐烤雪蟹脚', '法国吉娜朵生蚝', '北海道茄味焗龙虾', '牡丹虾刺身', '蒲烧鳗鱼', '芝士焗蟹宝', '法式生煎鹅肝', '佛跳墙', '禅意综合刺身', '一品鲍鱼', '三文鱼', '刺身', '寿司', '牛肉', '自助餐', '料理']"
B0FFI31CNG,[],日本料理,[],[],餐饮服务;中餐厅;中餐厅,[],[],050100,0,[],滨江区,[],0571-89808968;15355042878,B0KB7CJ8GQ,江汉路1515号龙湖杭州滨江天街L7层-02,[],浙江省,diner,杭州市,201,"三文鱼,涮菜,芝士,蟹肉,三文鱼刺身,寿喜锅,肥牛,鹅肝,三明治,泡菜,肉片",三喜日料(龙湖杭州滨江天街店),"120.204240,30.201571",[],[],[],,,TRUE,TRUE,FALSE,FALSE,餐饮服务;中餐厅;中餐厅,餐饮服务,中餐厅,"['三文鱼', '涮菜', '芝士', '蟹肉', '三文鱼刺身', '寿喜锅', '肥牛', '鹅肝', '三明治', '泡菜', '肉片']"
B0FFL3PFC4,[],自助餐,[],[],餐饮服务;外国餐厅;日本料理,[],[],050202,0,[],拱墅区,[],0571-85196833,B0JKL7684W,展览东路150号L518室(武林广场地铁站出入口旁),[],浙江省,diner,杭州市,202,"烤肉,生蚝,双人餐,牛肉",牛小新烧肉·和牛放题(杭州中心店),"120.165273,30.272790",[],[],[],,,TRUE,TRUE,FALSE,FALSE,餐饮服务;外国餐厅;日本料理,餐饮服务,外国餐厅,"['烤肉', '生蚝', '双人餐', '牛肉']"
B0FFJ62XXT,[],日式烧烤,[],[],餐饮服务;中餐厅;中餐厅,[],[],050100,0,[],萧山区,[],0571-82928088;15372031956,B0JD1C6GIT,盈丰街道飞虹路1408号奥体印象城5层03号,[],浙江省,diner,杭州市,202,"逸品牛腩,原切板腱牛排,五秒寿喜烧肉,澳和小排,解腻草园,雪花中落小排,特上牛小排,御牛道澳洲和牛四点拼盘,关西蒲烧鳗鱼饭,澳和厚切横膈膜,限定逸品眼肉,逸品厚切牛舌,传统雪花西冷,牛肉石锅拌饭,厚切韩式五花肉,御牛道豪华五点拼盘,法式鹅肝手握寿司,白桃微醺米酒,炸鸡,牛肉,烤肉,牛腩",御牛道日式烤肉料理(奥体印象城店),"120.252308,30.223869",[],[],[],,,TRUE,TRUE,FALSE,FALSE,餐饮服务;中餐厅;中餐厅,餐饮服务,中餐厅,"['逸品牛腩', '原切板腱牛排', '五秒寿喜烧肉', '澳和小排', '解腻草园', '雪花中落小排', '特上牛小排', '御牛道澳洲和牛四点拼盘', '关西蒲烧鳗鱼饭', '澳和厚切横膈膜', '限定逸品眼肉', '逸品厚切牛舌', '传统雪花西冷', '牛肉石锅拌饭', '厚切韩式五花肉', '御牛道豪华五点拼盘', '法式鹅肝手握寿司', '白桃微醺米酒', '炸鸡', '牛肉', '烤肉', '牛腩']"
B0GUCH4OZ9,[],日本料理,[],[],餐饮服务;餐饮相关场所;餐饮相关,[],[],050000,0,[],滨江区,[],15067006558,B0LD26GMRX,滨和路598号兴耀·星澳商务中心F2层,[],浙江省,diner,杭州市,202,白汤,竹仙制麵·GINZA鶏白汤拉麺(兴耀·星澳商务中心店),"120.222785,30.201190",[],[],[],,,TRUE,TRUE,FALSE,FALSE,餐饮服务;餐饮相关场所;餐饮相关,餐饮服务,餐饮相关场所,['白汤']
B0FFI31CNG,[],日本料理,[],[],餐饮服务;外国餐厅;日本料理,[],[],050202,0,[],滨江区,[],0571-86908011;19106831359,B0GU4CVYYE,江汉路1515号龙湖滨江天街1楼143号(天街商场4号门出口处),[],浙江省,diner,杭州市,202,"精致刺身三品,朝日生啤,三文鱼刺身五切,大川厚切牛舌,火炙鹅肝手握寿司,大川牛肉寿喜锅,大川自制梅酒,大川生牛肉拌饭,大川鳗鱼炸虾寿司,流心火炙三文鱼饭,豚骨拉面,鳗鱼先生的饭,大川玉子烧,提灯,鹅肝饭,烤青花鱼,三文鱼牛油果沙拉,大川串烤盛盒,烤鸟,双人餐,牛肉",大川日本料理·深夜居酒屋(龙湖滨江天街),"120.204408,30.200448",[],[],[],,,TRUE,TRUE,FALSE,FALSE,餐饮服务;外国餐厅;日本料理,餐饮服务,外国餐厅,"['精致刺身三品', '朝日生啤', '三文鱼刺身五切', '大川厚切牛舌', '火炙鹅肝手握寿司', '大川牛肉寿喜锅', '大川自制梅酒', '大川生牛肉拌饭', '大川鳗鱼炸虾寿司', '流心火炙三文鱼饭', '豚骨拉面', '鳗鱼先生的饭', '大川玉子烧', '提灯', '鹅肝饭', '烤青花鱼', '三文鱼牛油果沙拉', '大川串烤盛盒', '烤鸟', '双人餐', '牛肉']"
B0FFM829CE,[],日本料理,[],[],餐饮服务;外国餐厅;日本料理,[],[],050202,0,[],上城区,[],19016978858,B0L21ASNF9,东宁路586号万象企业中心F1层,[],浙江省,diner,杭州市,202,[],东京烧肉(东站万象汇店),"120.215946,30.295165",[],[],[],,,TRUE,TRUE,FALSE,FALSE,餐饮服务;外国餐厅;日本料理,餐饮服务,外国餐厅,[]
B0J05SS8Q7,[],日本料理,[],[],餐饮服务;外国餐厅;日本料理,[],[],050202,0,[],拱墅区,[],0571-86683688;0571-86697688,B0JKL750X4,展览东路150号杭州中心L6层(武林广场地铁站A口旁),[],浙江省,diner,杭州市,202,"刺身,烤鸭,牛排,奶油,牛肉,羊排,三文鱼,寿司,生蚝,自助餐",竹哩·环球美食(杭州中心店),"120.165700,30.273062",[],[],[],,,TRUE,TRUE,FALSE,FALSE,餐饮服务;外国餐厅;日本料理,餐饮服务,外国餐厅,"['刺身', '烤鸭', '牛排', '奶油', '牛肉', '羊排', '三文鱼', '寿司', '生蚝', '自助餐']"
B0G0T4ETN7,[],日本料理,[],[],餐饮服务;外国餐厅;日本料理,[],[],050202,0,[],上城区,[],15988449521;19906716518,B0KDXUY986,杭州只翼1幢121号,[],浙江省,diner,杭州市,202,"芒果鹅肝,杏鲍菇,青花鱼,雪花松板肉,鸡软骨,茄子,香菇,鸡枞菌,明太子西葫芦,爆浆提灯,单人餐,双人餐",小满烧鸟·居酒屋(杭州之翼店),"120.222846,30.294668",[],[],[],,,TRUE,TRUE,FALSE,FALSE,餐饮服务;外国餐厅;日本料理,餐饮服务,外国餐厅,"['芒果鹅肝', '杏鲍菇', '青花鱼', '雪花松板肉', '鸡软骨', '茄子', '香菇', '鸡枞菌', '明太子西葫芦', '爆浆提灯', '单人餐', '双人餐']"
B0FFHBJOFN,[],日式烧烤,[],[],餐饮服务;外国餐厅;日本料理,[],[],050202,0,[],拱墅区,[],0571-86676997;15397048762,B0FFHDZ27X,延安路609号国大城市广场9层903号,[],浙江省,diner,杭州市,202,"解腻草园,五秒寿喜烧肉,澳和小排,特上牛小排,雪花中落小排,御牛道澳洲和牛四点拼盘,关西蒲烧鳗鱼饭,澳和厚切横膈膜,限定逸品眼肉,逸品厚切牛舌,逸品牛腩,原切板腱牛排,厚切韩式五花肉,牛肉石锅拌饭,传统雪花西冷,御牛道豪华五点拼盘,法式鹅肝手握寿司,白桃微醺米酒,烤肉,牛肉",御牛道日式烤肉料理(国大城市广场店),"120.162486,30.269404",[],[],[],,,TRUE,TRUE,FALSE,FALSE,餐饮服务;外国餐厅;日本料理,餐饮服务,外国餐厅,"['解腻草园', '五秒寿喜烧肉', '澳和小排', '特上牛小排', '雪花中落小排', '御牛道澳洲和牛四点拼盘', '关西蒲烧鳗鱼饭', '澳和厚切横膈膜', '限定逸品眼肉', '逸品厚切牛舌', '逸品牛腩', '原切板腱牛排', '厚切韩式五花肉', '牛肉石锅拌饭', '传统雪花西冷', '御牛道豪华五点拼盘', '法式鹅肝手握寿司', '白桃微醺米酒', '烤肉', '牛肉']"
B0FFLH9F7T,[],寿司,[],[],餐饮服务;外国餐厅;日本料理,[],[],050202,0,[],上城区,[],[],B0MGXKWTLP,笕桥街道东宁路与和兴路交叉口杭州东站万象汇2层L205,[],浙江省,diner,杭州市,202,寿司,寿司郎(杭州东站万象汇店),"120.216875,30.294325",[],[],[],,,TRUE,TRUE,FALSE,FALSE,餐饮服务;外国餐厅;日本料理,餐饮服务,外国餐厅,['寿司']
B0ID3SNNB7,[],烧烤,[],[],餐饮服务;外国餐厅;日本料理,[],[],050202,0,[],滨江区,[],0571-87801978,B0IUTS4JWH,西兴街道银泰百货B区4层407室,[],浙江省,diner,杭州市,202,"烤肉,牛肉,双人餐",牛小新烧肉屋(滨江银泰店),"120.221717,30.202028",[],[],[],,,TRUE,TRUE,FALSE,FALSE,餐饮服务;外国餐厅;日本料理,餐饮服务,外国餐厅,"['烤肉', '牛肉', '双人餐']"
B0J05SS8Q7,[],烤肉,[],[],餐饮服务;外国餐厅;日本料理,[],[],050202,0,[],拱墅区,[],19032272118,B0JKLS557A,展览东路150号杭州中心L7层,[],浙江省,diner,杭州市,201,烤肉,厚贞烤肉(杭州中心店),"120.165606,30.272310",[],[],[],,,TRUE,TRUE,FALSE,FALSE,餐饮服务;外国餐厅;日本料理,餐饮服务,外国餐厅,['烤肉']
B0FFHBJOFN,[],日本料理,[],[],餐饮服务;外国餐厅;日本料理,[],[],050202,0,[],拱墅区,[],19157902137,B0HD6NB07Z,延安路609号国大城市广场6楼,[],浙江省,diner,杭州市,202,"三文鱼厚切,爆款,花胶美人胶原锅,荔枝三文鱼,三文鱼盖饭,三文鱼塔可,豪华刺身拼盘,皇冠三文鱼刺身,鹅肝寿司,和风牛肉豆腐,寿喜锅,皇冠三文鱼,三文鱼,单人餐,双人餐",七条鱼日本料理(国大城市广场店),"120.162673,30.269516",[],[],[],,,TRUE,TRUE,FALSE,FALSE,餐饮服务;外国餐厅;日本料理,餐饮服务,外国餐厅,"['三文鱼厚切', '爆款', '花胶美人胶原锅', '荔枝三文鱼', '三文鱼盖饭', '三文鱼塔可', '豪华刺身拼盘', '皇冠三文鱼刺身', '鹅肝寿司', '和风牛肉豆腐', '寿喜锅', '皇冠三文鱼', '三文鱼', '单人餐', '双人餐']"
B0J05SS8Q7,[],日本料理,[],[],餐饮服务;外国餐厅;日本料理,[],[],050202,0,[],拱墅区,[],0571-87735828,B0JKL72WXD,展览东路150号杭州中心L6层,[],浙江省,diner,杭州市,202,双人餐,山上下日本料理(杭州中心),"120.166089,30.272723",[],[],[],,,TRUE,TRUE,FALSE,FALSE,餐饮服务;外国餐厅;日本料理,餐饮服务,外国餐厅,['双人餐']
B0FFI31CNG,[],日本料理,[],[],餐饮服务;外国餐厅;日本料理,[],[],050202,0,[],滨江区,[],0571-85850085,B0JKBR9770,江汉路1515号龙湖杭州滨江天街L4层,[],浙江省,diner,杭州市,201,[],大渔铁板烧(龙湖杭州滨江天街店),"120.203019,30.200561",[],[],[],,,TRUE,TRUE,FALSE,FALSE,餐饮服务;外国餐厅;日本料理,餐饮服务,外国餐厅,[]
B0FFI31CNG,[],日本料理,[],[],餐饮服务;外国餐厅;日本料理,[],[],050202,0,[],滨江区,[],13385811813,B0LAGSMAF0,江汉路1515号龙湖杭州滨江天街B-5F-06a,[],浙江省,diner,杭州市,201,"三文鱼厚切,三文鱼盖饭,和风牛肉豆腐,寿喜锅,皇冠三文鱼刺身,鹅肝寿司,豪华刺身拼盘,花胶美人胶原锅,单人餐,双人餐",七条鱼日本料理(滨江天街店),"120.202513,30.200647",[],[],[],,,TRUE,TRUE,FALSE,FALSE,餐饮服务;外国餐厅;日本料理,餐饮服务,外国餐厅,"['三文鱼厚切', '三文鱼盖饭', '和风牛肉豆腐', '寿喜锅', '皇冠三文鱼刺身', '鹅肝寿司', '豪华刺身拼盘', '花胶美人胶原锅', '单人餐', '双人餐']"
B0J05SS8Q7,[],日本料理,[],[],餐饮服务;外国餐厅;日本料理,[],[],050202,1,[],拱墅区,[],19012877239,B0JK77S4U4,展览东路150号杭州中心B2层,[],浙江省,diner,杭州市,201,"单人餐,寿司",Sushi Hanzo半藏(杭州中心店),"120.165541,30.272730",[],[],[],,,TRUE,TRUE,FALSE,FALSE,餐饮服务;外国餐厅;日本料理,餐饮服务,外国餐厅,"['单人餐', '寿司']"
B023B09LRE,[],日本料理,[],[],餐饮服务;外国餐厅;日本料理,[],[],050202,0,[],滨江区,[],0571-88024715;13336063157,B0FFJCG391,滨盛路1885号(江汉路地铁站C口步行460米),[],浙江省,diner,杭州市,320,"烤串,鹅肝,三文鱼,鸡肉,寿司,居酒屋,料理",怀谷居酒屋(中兴花园百合苑店)(装修中),"120.202158,30.206402",[],[],[],,,TRUE,TRUE,FALSE,FALSE,餐饮服务;外国餐厅;日本料理,餐饮服务,外国餐厅,"['烤串', '鹅肝', '三文鱼', '鸡肉', '寿司', '居酒屋', '料理']"
[],[],日本料理,[],[],餐饮服务;中餐厅;中餐厅,[],[],050100,0,[],拱墅区,[],18761805157,B0LU7SVRGM,万寿亭街2号,[],浙江省,diner,杭州市,[],鱼生,鱼生有饭·生鱼饭(杭州首店),"120.161660,30.269122",[],[],[],,,TRUE,TRUE,FALSE,FALSE,餐饮服务;中餐厅;中餐厅,餐饮服务,中餐厅,['鱼生']
B0FFI31CNG,[],日本料理,[],[],餐饮服务;外国餐厅;外国餐厅,[],[],050200,0,[],滨江区,[],18072775867,B0M6ALZROV,长河街道江汉路1515号江南天街商业中心地下一层商铺24号,[],浙江省,diner,杭州市,202,"天妇罗,牛排饭",博多天一天妇罗·牛排饭(滨江天街店),"120.204610,30.201595",[],[],[],,,TRUE,TRUE,FALSE,FALSE,餐饮服务;外国餐厅;外国餐厅,餐饮服务,外国餐厅,"['天妇罗', '牛排饭']"
B0J0MMYJ28,[],日本料理,[],[],餐饮服务;餐饮相关场所;餐饮相关,[],[],050000,0,[],滨江区,[],18668031239,B0L1MHHL8V,银泰星澳商务中心3幢212-2,[],浙江省,diner,杭州市,202,[],麵匠·石山,"120.222505,30.201147",[],[],[],,,TRUE,TRUE,FALSE,FALSE,餐饮服务;餐饮相关场所;餐饮相关,餐饮服务,餐饮相关场所,[]
B0FFFTKLIH,[],刺身,[],[],餐饮服务;餐饮相关场所;餐饮相关,[],[],050000,0,[],拱墅区,[],17767277643,B0FFJ7CT7M,武林商圈武林路桃花河弄7号,[],浙江省,diner,杭州市,320,"点心,芝士,刺身,汉堡",鱼町刺身(西子铭苑南区店),"120.158920,30.269317",[],[],[],,,TRUE,TRUE,FALSE,FALSE,餐饮服务;餐饮相关场所;餐饮相关,餐饮服务,餐饮相关场所,"['点心', '芝士', '刺身', '汉堡']"
B0FFKCKICI,[],日本料理,[],[],餐饮服务;外国餐厅;日本料理,[],[],050202,0,[],上城区,[],15382339213,B0JA5CPQ1T,环站东路768号东站花园商务中心1幢115室,[],浙江省,diner,杭州市,202,"花胶美人胶原锅,荔枝三文鱼,三文鱼拌面,三文鱼厚切,皇冠三文鱼刺身,豪华刺身拼盘,鹅肝寿司,三文鱼盖饭,三文鱼塔可,草莓/芒果三文鱼,寿喜锅,和风牛肉豆腐,单人餐,三文鱼,双人餐",七条鱼日本料理(富亿花园中心店),"120.219302,30.298288",[],[],[],,,TRUE,TRUE,FALSE,FALSE,餐饮服务;外国餐厅;日本料理,餐饮服务,外国餐厅,"['花胶美人胶原锅', '荔枝三文鱼', '三文鱼拌面', '三文鱼厚切', '皇冠三文鱼刺身', '豪华刺身拼盘', '鹅肝寿司', '三文鱼盖饭', '三文鱼塔可', '草莓/芒果三文鱼', '寿喜锅', '和风牛肉豆腐', '单人餐', '三文鱼', '双人餐']"
[],[],日本料理,[],[],餐饮服务;外国餐厅;日本料理,[],[],050202,0,[],拱墅区,[],15356107097,B0FFIQCPOG,湖墅南路198号逸酒店一楼,[],浙江省,diner,杭州市,[],"沙拉,牛肉,特色菜,生蚝",本逸·割烹料理(湖墅店),"120.153973,30.281208",[],[],[],,,TRUE,TRUE,FALSE,FALSE,餐饮服务;外国餐厅;日本料理,餐饮服务,外国餐厅,"['沙拉', '牛肉', '特色菜', '生蚝']"
B0FFF3VIFU,[],日本料理,[],[],餐饮服务;外国餐厅;日本料理,[],[],050202,0,[],萧山区,[],0571-82624997,B0FFKQ5381,建设四路1651号精峰世纪大厦3层,[],浙江省,diner,杭州市,202,牛肉,水车小屋,"120.270379,30.209010",[],[],[],,,TRUE,TRUE,FALSE,FALSE,餐饮服务;外国餐厅;日本料理,餐饮服务,外国餐厅,['牛肉']
B0FFI0VFCR,[],自助餐,[],[],餐饮服务;外国餐厅;日本料理,[],[],050202,0,[],滨江区,[],0571-85155915,B0LRHXABGT,滨盛路3867号宝龙城(杭州滨江店)3楼-037(大渔铁板烧旁边),[],浙江省,diner,杭州市,202,寿喜烧,牛New寿喜烧(滨江宝龙城店),"120.166676,30.188787",[],[],[],,,TRUE,TRUE,FALSE,FALSE,餐饮服务;外国餐厅;日本料理,餐饮服务,外国餐厅,['寿喜烧']
B0FFKCPBK0,[],烤肉,[],[],餐饮服务;外国餐厅;日本料理,[],[],050202,0,[],西湖区,[],0571-85333033,B0FFGHB0GK,黄龙路5号黄龙恒励大厦一层A2座,[],浙江省,diner,杭州市,202,"特等玫瑰牛舌,极品牛小排,牛油果手握,特上牛小排,雪花中落小排,鹅肝手握,特大自制土豆饼,经典厚切牛舌,三文鱼刺身,牛肉石锅拌饭,美式五花肉,主打牛腩肉,四样拼盘,西冷牛肉,雪花牛腩,烤肉,牛肉",御牛道日式烤肉料理(黄龙恒励大厦店),"120.135579,30.269855",[],[],[],,,TRUE,TRUE,FALSE,FALSE,餐饮服务;外国餐厅;日本料理,餐饮服务,外国餐厅,"['特等玫瑰牛舌', '极品牛小排', '牛油果手握', '特上牛小排', '雪花中落小排', '鹅肝手握', '特大自制土豆饼', '经典厚切牛舌', '三文鱼刺身', '牛肉石锅拌饭', '美式五花肉', '主打牛腩肉', '四样拼盘', '西冷牛肉', '雪花牛腩', '烤肉', '牛肉']"
B0FFI0VFCR,[],寿司,[],[],餐饮服务;外国餐厅;日本料理,[],[],050202,0,[],滨江区,[],0571-86932966,B0K2OL88BJ,滨盛路3867号杭州滨江宝龙城F3,[],浙江省,diner,杭州市,202,寿司,金匠寿司(宝龙城店),"120.167434,30.186782",[],[],[],,,TRUE,TRUE,FALSE,FALSE,餐饮服务;外国餐厅;日本料理,餐饮服务,外国餐厅,['寿司']
[],[],日本料理,[],[],餐饮服务;餐饮相关场所;餐饮相关,[],[],050000,0,[],西湖区,[],19357257298,B0I67CR9SQ,北山街道杭大路2号黄龙饭店西门一楼,[],浙江省,diner,杭州市,[],"烤肉,牛肉",本逸·篹·和牛烧肉(黄龙店),"120.142170,30.267073",[],[],[],,,TRUE,TRUE,FALSE,FALSE,餐饮服务;餐饮相关场所;餐饮相关,餐饮服务,餐饮相关场所,"['烤肉', '牛肉']"
[],[],日本料理,[],[],餐饮服务;外国餐厅;日本料理,[],[],050202,0,[],滨江区,[],0571-86697779;0571-86699997,B0LAJDPQLQ,长河街道聚才路239号安放山泽里4号楼3层,[],浙江省,diner,杭州市,[],[],竹哩(山泽里店)(暂停营业),"120.198306,30.181060",[],[],[],,,TRUE,TRUE,FALSE,FALSE,餐饮服务;外国餐厅;日本料理,餐饮服务,外国餐厅,[]
[],[],日本料理,[],[],餐饮服务;餐饮相关场所;餐饮相关,[],[],050000,0,[],西湖区,[],19057208276,B0KURM1I8B,西溪街道莫干山路493号杭州文二街农副产品综合市场B馆02号,[],浙江省,diner,杭州市,[],"烤串,烧鸟,自助餐,烧肉,生蚝,鳗鱼,鸡肉",阿婆·给鸟烧鸟暖锅煎饺(文二菜市店),"120.143680,30.286858",[],[],[],,,TRUE,TRUE,FALSE,FALSE,餐饮服务;餐饮相关场所;餐饮相关,餐饮服务,餐饮相关场所,"['烤串', '烧鸟', '自助餐', '烧肉', '生蚝', '鳗鱼', '鸡肉']"
B0FFJO9LJ0,[],日本料理,[],[],餐饮服务;外国餐厅;日本料理,[],[],050202,0,[],西湖区,[],0571-85038685,B0M65DIG2B,学院路77号黄龙国际中心(文三路地铁站G口步行70米),[],浙江省,diner,杭州市,202,寿司,寿司郎(黄龙国际中心店),"120.129639,30.275461",[],[],[],,,TRUE,TRUE,FALSE,FALSE,餐饮服务;外国餐厅;日本料理,餐饮服务,外国餐厅,['寿司']
B0FFI0VFCR,[],烤肉,[],[],餐饮服务;外国餐厅;日本料理,[],[],050202,0,[],滨江区,[],0571-82649878,B0JDJUCYGA,滨盛路3867号宝龙城市广场(滨江店)F3层,[],浙江省,diner,杭州市,202,"牛肉,烤肉",厚贞日式烤肉(杭州滨江宝龙城店),"120.166772,30.188997",[],[],[],,,TRUE,TRUE,FALSE,FALSE,餐饮服务;外国餐厅;日本料理,餐饮服务,外国餐厅,"['牛肉', '烤肉']"
B0FFI0VFCR,[],日本料理,[],[],餐饮服务;外国餐厅;日本料理,[],[],050202,0,[],滨江区,[],19700715853,B0JUBZBTJC,滨盛路3867号宝龙城1幢1011铺,[],浙江省,diner,杭州市,202,"鸡肉,刺身,烧鸟,沙拉",鸟巢·烧鸟YaKiToRi炭火刺身小酒馆,"120.168349,30.188013",[],[],[],,,TRUE,TRUE,FALSE,FALSE,餐饮服务;外国餐厅;日本料理,餐饮服务,外国餐厅,"['鸡肉', '刺身', '烧鸟', '沙拉']"
B0G2UN37WF,[],日本料理,[],[],餐饮服务;外国餐厅;日本料理|餐饮服务;冷饮店;冷饮店,[],[],050202|050700,0,[],西湖区,[],0571-88381886,B0HROXQ9ST,学院路77号黄龙国际中心5号楼2楼206-207-208室,[],浙江省,diner,杭州市,202,"刺身拼盘,海胆,牡丹虾,芝士焗蟹宝,明虾天妇罗,刺身,烤鱼,单人餐,料理,炒饭,鹅肝,三文鱼,牛肉,自助餐",竹哩·栩(万科中心店),"120.128103,30.275799",[],[],[],,,TRUE,TRUE,FALSE,FALSE,餐饮服务;外国餐厅;日本料理,餐饮服务,外国餐厅,"['刺身拼盘', '海胆', '牡丹虾', '芝士焗蟹宝', '明虾天妇罗', '刺身', '烤鱼', '单人餐', '料理', '炒饭', '鹅肝', '三文鱼', '牛肉', '自助餐']"
B023B14VVX,[],日本料理,[],[],餐饮服务;外国餐厅;日本料理,[],[],050202,0,[],萧山区,[],0571-82560161,B0IG9LCKB0,金城路333号加州阳光一楼大门口(地铁5号线B2口喜茶隔壁),[],浙江省,diner,杭州市,202,"荔枝三文鱼（鲜甜多汁）,凤梨牛肋条,烧鸟,提灯,精致刺身三品,鳗鱼先生的饭,流心火炙三文鱼饭,三文鱼刺身五切,火爆熔岩土豆沙拉,鹅肝饭,大川鳗鱼炸虾寿司,火炙鹅肝手握寿司,大川串烤盛盒,大川玉子烧,牛肉寿喜烧,生牛肉拌饭,豚骨拉面,朝日生啤,大川厚切牛舌,双人餐,牛肉",大川日本料理·烧鸟居酒屋(萧山加州阳光店),"120.252034,30.182549",[],[],[],,,TRUE,TRUE,FALSE,FALSE,餐饮服务;外国餐厅;日本料理,餐饮服务,外国餐厅,"['荔枝三文鱼（鲜甜多汁）', '凤梨牛肋条', '烧鸟', '提灯', '精致刺身三品', '鳗鱼先生的饭', '流心火炙三文鱼饭', '三文鱼刺身五切', '火爆熔岩土豆沙拉', '鹅肝饭', '大川鳗鱼炸虾寿司', '火炙鹅肝手握寿司', '大川串烤盛盒', '大川玉子烧', '牛肉寿喜烧', '生牛肉拌饭', '豚骨拉面', '朝日生啤', '大川厚切牛舌', '双人餐', '牛肉']"
B0J2ZZFFX9,[],日本料理,[],[],餐饮服务;外国餐厅;日本料理,[],[],050202,0,[],西湖区,[],18958136690,B0LAYYX0NW,学院路77号黄龙国际中心D座1层105,[],浙江省,diner,杭州市,202,寿喜烧,柠月·寿喜烧(黄龙国际中心店),"120.128474,30.274725",[],[],[],,,TRUE,TRUE,FALSE,FALSE,餐饮服务;外国餐厅;日本料理,餐饮服务,外国餐厅,['寿喜烧']
B0FFF3STGM,[],日本料理,[],[],餐饮服务;外国餐厅;日本料理,[],[],050202,0,[],西湖区,[],13396520151,B0FFJELGRZ,西溪路420号(古荡地铁站C口步行140米),[],浙江省,diner,杭州市,320,"日本料理,刺身,牛肉丸",加奈日本料理(庆丰公寓店),"120.123900,30.270336",[],[],[],,,TRUE,TRUE,FALSE,FALSE,餐饮服务;外国餐厅;日本料理,餐饮服务,外国餐厅,"['日本料理', '刺身', '牛肉丸']"
B0FFG4FNXR,[],寿司,[],[],餐饮服务;外国餐厅;日本料理,[],[],050202,0,[],萧山区,[],0571-87031398,B0LUF926K8,金城路927号杭州萧山万象汇L3层,[],浙江省,diner,杭州市,201,寿司,寿司郎(萧山万象汇店),"120.267561,30.181796",[],[],[],,,TRUE,TRUE,FALSE,FALSE,餐饮服务;外国餐厅;日本料理,餐饮服务,外国餐厅,['寿司']
B0FFG4FNXR,[],自助餐,[],[],餐饮服务;外国餐厅;日本料理,[],[],050202,0,[],萧山区,[],0571-85021006,B0KKSMV24Q,金城路927号万象汇(杭州萧山店)L4层425,[],浙江省,diner,杭州市,201,"大闸蟹,寿喜烧",牛New寿喜烧(萧山万象汇店),"120.269076,30.182072",[],[],[],,,TRUE,TRUE,FALSE,FALSE,餐饮服务;外国餐厅;日本料理,餐饮服务,外国餐厅,"['大闸蟹', '寿喜烧']"
B0FFHGM6RY,[],日本料理,[],[],餐饮服务;外国餐厅;日本料理,[],[],050202,0,[],拱墅区,[],19032266713,B0JKHZ7D8T,长浜路718号新天地购物中心401室-13,[],浙江省,diner,杭州市,201,"三文鱼盖饭,招牌三文鱼盖饭,三文鱼塔可,花胶美人胶原锅,荔枝三文鱼,寿喜锅,和风牛肉豆腐,皇冠三文鱼,皇冠三文鱼刺身,豪华刺身拼盘,鹅肝寿司,三文鱼厚切,单人餐,双人餐,三文鱼",七条鱼日本料理(新天地店),"120.179843,30.323083",[],[],[],,,TRUE,TRUE,FALSE,FALSE,餐饮服务;外国餐厅;日本料理,餐饮服务,外国餐厅,"['三文鱼盖饭', '招牌三文鱼盖饭', '三文鱼塔可', '花胶美人胶原锅', '荔枝三文鱼', '寿喜锅', '和风牛肉豆腐', '皇冠三文鱼', '皇冠三文鱼刺身', '豪华刺身拼盘', '鹅肝寿司', '三文鱼厚切', '单人餐', '双人餐', '三文鱼']"
[],[],法国菜,[],[],餐饮服务;外国餐厅;日本料理,[],[],050202,0,[],拱墅区,[],13336064526,B0LAVD7CKL,大兜路266-268号,[],浙江省,diner,杭州市,[],"单人餐,料理",Ruggi麓格·南法家庭料理,"120.142870,30.302800",[],[],[],,,TRUE,TRUE,FALSE,FALSE,餐饮服务;外国餐厅;日本料理,餐饮服务,外国餐厅,"['单人餐', '料理']"
B0FFG4FNXR,[],自助餐,[],[],餐饮服务;外国餐厅;日本料理,[],[],050202,0,[],萧山区,[],18072988738,B0K3M7O3SX,金城路927号万象汇3楼L329,[],浙江省,diner,杭州市,202,"烤肉,牛肉,自助餐",牛小新烧肉·和牛放题(萧山万象汇店),"120.268979,30.181893",[],[],[],,,TRUE,TRUE,FALSE,FALSE,餐饮服务;外国餐厅;日本料理,餐饮服务,外国餐厅,"['烤肉', '牛肉', '自助餐']"
B0LKVH3MZP,[],酒吧,[],[],餐饮服务;外国餐厅;美式风味,[],[],050208,1,[],西湖区,[],0571-88211879,B0G3U72F9X,古荡街道天目山路398号天目里9幢102-103,[],浙江省,diner,杭州市,202,[],18号酒馆(天目里店),"120.099368,30.267220",[],[],[],,,TRUE,TRUE,FALSE,FALSE,餐饮服务;外国餐厅;美式风味,餐饮服务,外国餐厅,[]
B023B06P06,[],西餐,[],[],餐饮服务;餐饮相关场所;餐饮相关,[],[],050000,0,[],西湖区,[],0571-86886608;17706408322,B0FFHLK98G,文二西路西溪湿地公园北门慢生活街区C2-20,[],浙江省,diner,杭州市,302,"牛肉,下午茶,牛排",月芽·自由餐厅·西溪湿地餐厅,"120.070628,30.275055",[],[],[],,,TRUE,TRUE,FALSE,FALSE,餐饮服务;餐饮相关场所;餐饮相关,餐饮服务,餐饮相关场所,"['牛肉', '下午茶', '牛排']"
B023B082T5,[],西餐,[],[],餐饮服务;餐饮相关场所;餐饮相关,[],[],050000,0,[],上城区,[],15336537020,B0K1JMF89B,南山路147号西湖天地1层,[],浙江省,diner,杭州市,302,"经典意式肉酱手工宽面,南法香草烤鸡配甜椒酱,荠菜青酱鸡肉菌菇意面,黑松露牛排菌菇炊饭,黑松露牛肉披萨,牛小排配芝士青豆土豆泥,炭烤牛小排配芝士土豆泥,泰汁大虾芒果柚子沙拉,土豆泥,芝士",Funloop芳麓·湖畔南欧餐厅(西湖天地店),"120.158183,30.246602",[],[],[],,,TRUE,TRUE,FALSE,FALSE,餐饮服务;餐饮相关场所;餐饮相关,餐饮服务,餐饮相关场所,"['经典意式肉酱手工宽面', '南法香草烤鸡配甜椒酱', '荠菜青酱鸡肉菌菇意面', '黑松露牛排菌菇炊饭', '黑松露牛肉披萨', '牛小排配芝士青豆土豆泥', '炭烤牛小排配芝士土豆泥', '泰汁大虾芒果柚子沙拉', '土豆泥', '芝士']"
[],[],西餐,[],[],体育休闲服务;娱乐场所;酒吧|餐饮服务;快餐厅;快餐厅,[],[],080304|050300,0,[],西湖区,[],19157877551,B0IRDHO3OL,塘苗路2号108(文三路地铁站D3口步行470米),[],浙江省,[],杭州市,[],"汉堡,薯条",THREE FINGERS,"120.122878,30.274148",[],[],[],,,TRUE,TRUE,FALSE,FALSE,体育休闲服务;娱乐场所;酒吧,体育休闲服务,娱乐场所,"['汉堡', '薯条']"
B023B02054,[],西餐,[],[],餐饮服务;中餐厅;中餐厅,[],[],050100,0,[],西湖区,[],18157171818,B0JKU5KDN9,灵隐街道天竺路319号,[],浙江省,diner,杭州市,302,私房菜,月芽·璞上餐厅·上天竺店,"120.097714,30.227291",[],[],[],,,TRUE,TRUE,FALSE,FALSE,餐饮服务;中餐厅;中餐厅,餐饮服务,中餐厅,['私房菜']
[],[],牛排,[],[],餐饮服务;外国餐厅;西餐厅(综合风味),[],[],050201,0,[],滨江区,[],0571-86470187;19560164618,B0K2FHL0KS,聚才路239号安放山泽里4号楼1楼,[],浙江省,diner,杭州市,[],芝士,18号酒馆(滨江山泽里店),"120.197244,30.180606",[],[],[],,,TRUE,TRUE,FALSE,FALSE,餐饮服务;外国餐厅;西餐厅(综合风味),餐饮服务,外国餐厅,['芝士']
[],[],西餐,[],[],餐饮服务;外国餐厅;西餐厅(综合风味),[],[],050201,0,[],西湖区,[],18968180025,B0FFMEVT85,虎玉路6-1号,[],浙江省,diner,杭州市,[],"鸡肉,牛排,下午茶",月芽·自由餐厅·虎跑1934店,"120.140380,30.206579",[],[],[],,,TRUE,TRUE,FALSE,FALSE,餐饮服务;外国餐厅;西餐厅(综合风味),餐饮服务,外国餐厅,"['鸡肉', '牛排', '下午茶']"
B0FFI2RGAM,[],意大利菜,[],[],餐饮服务;外国餐厅;意式菜品餐厅,[],[],050205,0,[],上城区,[],[],B0H1DLNSEY,延安路258号杭州湖滨银泰in77D区B2层,[],浙江省,diner,杭州市,201,[],萨莉亚意式餐厅(杭州湖滨in77D区店),"120.163173,30.253736",[],[],[],,,TRUE,TRUE,FALSE,FALSE,餐饮服务;外国餐厅;意式菜品餐厅,餐饮服务,外国餐厅,[]
[],[],西式快餐,[],[],餐饮服务;快餐厅;快餐厅,[],[],050300,0,[],上城区,[],4001597597,B0IB9Z5P4O,解放路174-2号1层(杭州科技大厦南门旁),[],浙江省,diner,杭州市,[],"马德里风情牛腩大虾比萨,托斯卡纳风情芝浓三文鱼比萨,冬日暖饮,火山饼底,金尊猫山王榴莲多多比萨,照烧风味牛肉土豆比萨,意大利雪球芝士多肉多芝比萨,新加坡砂煲风味腊肠鸡肉比萨,呼伦贝尔羔羊排,香甜双虾菠萝比萨,英式惠灵顿菲力牛排比萨,可可熔岩芝士流心卷边,经典大阪烧风味海陆比萨,西西里风情尊牛多多笋鲜比萨,可可火山饼底,苏丹王榴莲红毛丹比萨,美式豪情牛肉培根菠萝比萨,经典意式肉酱比萨,金枪鱼海鲜荟萃比萨,黑松露风味菌菇鸡肉比萨,苏丹王榴莲多多给荔比萨,嫩滋肋眼牛排,芝士焗烤嫩汁三文鱼,披萨,双人餐",达美乐比萨(惠兴路店),"120.168957,30.250772",[],[],[],,,TRUE,TRUE,FALSE,FALSE,餐饮服务;快餐厅;快餐厅,餐饮服务,快餐厅,"['马德里风情牛腩大虾比萨', '托斯卡纳风情芝浓三文鱼比萨', '冬日暖饮', '火山饼底', '金尊猫山王榴莲多多比萨', '照烧风味牛肉土豆比萨', '意大利雪球芝士多肉多芝比萨', '新加坡砂煲风味腊肠鸡肉比萨', '呼伦贝尔羔羊排', '香甜双虾菠萝比萨', '英式惠灵顿菲力牛排比萨', '可可熔岩芝士流心卷边', '经典大阪烧风味海陆比萨', '西西里风情尊牛多多笋鲜比萨', '可可火山饼底', '苏丹王榴莲红毛丹比萨', '美式豪情牛肉培根菠萝比萨', '经典意式肉酱比萨', '金枪鱼海鲜荟萃比萨', '黑松露风味菌菇鸡肉比萨', '苏丹王榴莲多多给荔比萨', '嫩滋肋眼牛排', '芝士焗烤嫩汁三文鱼', '披萨', '双人餐']"
B023B1FF96,[],西餐,[],[],餐饮服务;外国餐厅;牛扒店(扒房),[],[],050211,0,[],拱墅区,[],0571-85270475,B023B1A1PI,环城北路230号杭州大厦购物城C座裙楼7楼,[],浙江省,diner,杭州市,202,"法式香煎鹅肝沙拉1,小牛菲力佐羊犊菌,蜜桃甜酒,香颂玫瑰露,热巧克力瓦拉,香颂玫瑰露1,酸梅汤,海陆大餐,红酒,海陆拼,巧克力流心,酥皮玉米浓汤,银鳕鱼酱,法式香煎鹅肝沙拉12,套餐,单人餐,奶油,提拉米苏,沙拉,蘑菇,牛排,牛肉",王品牛排(杭州大厦店),"120.160936,30.274221",[],[],[],,,TRUE,TRUE,FALSE,FALSE,餐饮服务;外国餐厅;牛扒店(扒房),餐饮服务,外国餐厅,"['法式香煎鹅肝沙拉1', '小牛菲力佐羊犊菌', '蜜桃甜酒', '香颂玫瑰露', '热巧克力瓦拉', '香颂玫瑰露1', '酸梅汤', '海陆大餐', '红酒', '海陆拼', '巧克力流心', '酥皮玉米浓汤', '银鳕鱼酱', '法式香煎鹅肝沙拉12', '套餐', '单人餐', '奶油', '提拉米苏', '沙拉', '蘑菇', '牛排', '牛肉']"
B0IUVAP3VN,[],西餐,[],[],餐饮服务;餐饮相关场所;餐饮相关,[],[],050000,0,[],拱墅区,[],19357272799,B0MBGX3T5E,远洋乐堤港C115-2号,[],浙江省,diner,杭州市,202,[],崔酱,"120.142168,30.305555",[],[],[],,,TRUE,TRUE,FALSE,FALSE,餐饮服务;餐饮相关场所;餐饮相关,餐饮服务,餐饮相关场所,[]
[],[],西餐,[],[],体育休闲服务;娱乐场所;酒吧|餐饮服务;咖啡厅;咖啡厅,[],[],080304|050500,0,[],上城区,[],17300928190,B0FFITY0KW,中河中路230号亚朵酒店隔壁,[],浙江省,[],杭州市,[],"安格斯谷饲眼肉牛排,暗光湖畔桂花小麦,暗光美式,芥末三文鱼塔塔,臭豆腐炸馄饨,黑松露菌菇烩饭,桂花拿铁,蒜香大虾,青酱牛肝菌披萨,暗光2号香草帝国世涛,下午茶,臭豆腐,披萨,特色菜,薯条",RayPub暗光(中河店),"120.172190,30.255686",[],[],[],,,TRUE,TRUE,FALSE,FALSE,体育休闲服务;娱乐场所;酒吧,体育休闲服务,娱乐场所,"['安格斯谷饲眼肉牛排', '暗光湖畔桂花小麦', '暗光美式', '芥末三文鱼塔塔', '臭豆腐炸馄饨', '黑松露菌菇烩饭', '桂花拿铁', '蒜香大虾', '青酱牛肝菌披萨', '暗光2号香草帝国世涛', '下午茶', '臭豆腐', '披萨', '特色菜', '薯条']"
B023B173VP,[],西餐,[],[],餐饮服务;外国餐厅;西餐厅(综合风味),[],[],050201,0,[],拱墅区,[],0571-85056009;15988497239,B0IBHCF7FT,丰潭路380号城西银泰城A座一层076,[],浙江省,diner,杭州市,201,"熟成28天极佳级战斧,炙烤辣魔鬼牛排（果木炙烤）,精品黑椒牛排,熟成45天极佳级小战斧,熟成55天极佳级大里脊,经典松露惠灵顿牛排,美国极佳级牛小排,牛排,牛肉",牛排家(杭州城西银泰店),"120.106622,30.298628",[],[],[],,,TRUE,TRUE,FALSE,FALSE,餐饮服务;外国餐厅;西餐厅(综合风味),餐饮服务,外国餐厅,"['熟成28天极佳级战斧', '炙烤辣魔鬼牛排（果木炙烤）', '精品黑椒牛排', '熟成45天极佳级小战斧', '熟成55天极佳级大里脊', '经典松露惠灵顿牛排', '美国极佳级牛小排', '牛排', '牛肉']"
B0FFJYKKR1,[],西餐,[],[],体育休闲服务;娱乐场所;酒吧|餐饮服务;中餐厅;中餐厅,[],[],080304|050100,0,[],上城区,[],19357632077,B0J30NYWRY,解放路湖滨银泰IN77E区1009/1010号,[],浙江省,[],杭州市,201,"黑松露风干火腿披萨,青提白柚,抹茶巧克力慕斯,幻师脆脆金沙翅,安格斯牛腹肉心,红咖喱大虾意面,桃柚元气水,安格斯能量泡菜碗,桃气椰子水,牛肉芦笋配黑松露炒饭,幻师和牛汉堡,初恋,金枕榴莲披萨,下午茶,双人餐,披萨,猪肉,薯条,鸡翅,鸡肉,意面,汉堡,泡菜",COMMUNE幻师(杭州湖滨in77店),"120.163458,30.250802",[],[],[],,,TRUE,TRUE,FALSE,FALSE,体育休闲服务;娱乐场所;酒吧,体育休闲服务,娱乐场所,"['黑松露风干火腿披萨', '青提白柚', '抹茶巧克力慕斯', '幻师脆脆金沙翅', '安格斯牛腹肉心', '红咖喱大虾意面', '桃柚元气水', '安格斯能量泡菜碗', '桃气椰子水', '牛肉芦笋配黑松露炒饭', '幻师和牛汉堡', '初恋', '金枕榴莲披萨', '下午茶', '双人餐', '披萨', '猪肉', '薯条', '鸡翅', '鸡肉', '意面', '汉堡', '泡菜']"
B0J2ZZFFX9,[],西餐,[],[],餐饮服务;外国餐厅;外国餐厅,[],[],050200,0,[],西湖区,[],0571-86060896;13396559107,B0K3TCYMZ2,黄龙国际中心D座101.102,[],浙江省,diner,杭州市,202,"单人餐,双人餐",LANJOLL澜·爵,"120.128661,30.274916",[],[],[],,,TRUE,TRUE,FALSE,FALSE,餐饮服务;外国餐厅;外国餐厅,餐饮服务,外国餐厅,"['单人餐', '双人餐']"
B0FFLGMN88,[],西餐,[],[],餐饮服务;外国餐厅;西餐厅(综合风味),[],[],050201,0,[],上城区,[],18668178298,B0I6BCWSTL,湖滨路20号湖滨银泰in77A区L1021,[],浙江省,diner,杭州市,201,"下午茶,双人餐,鸡肉,牛排,牛肉",Tomacado花厨(in77·杭州首店),"120.162044,30.253352",[],[],[],,,TRUE,TRUE,FALSE,FALSE,餐饮服务;外国餐厅;西餐厅(综合风味),餐饮服务,外国餐厅,"['下午茶', '双人餐', '鸡肉', '牛排', '牛肉']"
B023B06V3G,[],西餐,[],[],购物服务;服装鞋帽皮具店;服装鞋帽皮具店|餐饮服务;甜品店;甜品店,[],[],061100|050900,0,[],上城区,[],17788596228,B0FFJOX278,西湖大道224-230号,[],浙江省,[],杭州市,320,"西西里榛子黄油塌塌鱼,海陆烧烤拼盘,和牛肉酱手工宽面,威尼斯蓝口贝海鲜面,西班牙红魔虾烩饭,弗洛伦萨章鱼足卡帕乔,章鱼土豆牛油果意式沙拉,意大利阿芙佳朵,烟熏炭烤熟成竹林鸡腿,那不勒斯海鲜烩饭,经典法式鸭肝惠灵顿牛排,碳烤牛舌肋条,意大利盐焗海鲈鱼,人鱼的眼泪：柠檬蓝莓慕斯,直火碳烤干式熟成马友鱼,西班牙红魔虾卡帕乔,意式碳烤海鲜拼盘,招牌黄油蜗牛披萨,豪华海鲜巡洋舰,意大利布拉塔芝士配梅子果酱,帕尔玛火腿披萨,意式甜虾披萨,沙拉,牛肉,双人餐,牛排",意坊(西湖大道店),"120.165804,30.246291",[],[],[],,,TRUE,TRUE,FALSE,FALSE,购物服务;服装鞋帽皮具店;服装鞋帽皮具店,购物服务,服装鞋帽皮具店,"['西西里榛子黄油塌塌鱼', '海陆烧烤拼盘', '和牛肉酱手工宽面', '威尼斯蓝口贝海鲜面', '西班牙红魔虾烩饭', '弗洛伦萨章鱼足卡帕乔', '章鱼土豆牛油果意式沙拉', '意大利阿芙佳朵', '烟熏炭烤熟成竹林鸡腿', '那不勒斯海鲜烩饭', '经典法式鸭肝惠灵顿牛排', '碳烤牛舌肋条', '意大利盐焗海鲈鱼', '人鱼的眼泪：柠檬蓝莓慕斯', '直火碳烤干式熟成马友鱼', '西班牙红魔虾卡帕乔', '意式碳烤海鲜拼盘', '招牌黄油蜗牛披萨', '豪华海鲜巡洋舰', '意大利布拉塔芝士配梅子果酱', '帕尔玛火腿披萨', '意式甜虾披萨', '沙拉', '牛肉', '双人餐', '牛排']"
B0ID3SNNB7,[],牛排,[],[],餐饮服务;外国餐厅;西餐厅(综合风味),[],[],050201,0,[],滨江区,[],0571-86800088;18658165588,B0JU9H6YQV,西兴街道启智街515号启智共联城3幢滨江银泰B馆4楼410室,[],浙江省,diner,杭州市,202,"熟成55天极佳级大里脊,美国极佳级牛小排,经典松露惠灵顿牛排,熟成28天极佳级战斧,炙烤辣魔鬼牛排（果木炙烤）,精品黑椒牛排,熟成45天极佳级小战斧,招牌和牛塔塔,单人餐,牛排",牛排家(杭州滨江银泰店),"120.222193,30.202018",[],[],[],,,TRUE,TRUE,FALSE,FALSE,餐饮服务;外国餐厅;西餐厅(综合风味),餐饮服务,外国餐厅,"['熟成55天极佳级大里脊', '美国极佳级牛小排', '经典松露惠灵顿牛排', '熟成28天极佳级战斧', '炙烤辣魔鬼牛排（果木炙烤）', '精品黑椒牛排', '熟成45天极佳级小战斧', '招牌和牛塔塔', '单人餐', '牛排']"
B0IUVARGLN,[],西餐,[],[],体育休闲服务;娱乐场所;酒吧|餐饮服务;外国餐厅;西餐厅(综合风味),[],[],080304|050201,0,[],拱墅区,[],18106533900,B0G1SHA0C6,小河街道丽水路58号远洋乐堤港B区101室,[],浙江省,[],杭州市,202,[],COMMUNE幻师(远洋乐堤港B区店),"120.141115,30.305146",[],[],[],,,TRUE,TRUE,FALSE,FALSE,体育休闲服务;娱乐场所;酒吧,体育休闲服务,娱乐场所,[]
B0FFHJOY17,[],西餐,[],[],餐饮服务;外国餐厅;西餐厅(综合风味),[],[],050201,0,[],拱墅区,[],15068890257,B0FFGAQ3DK,武林路163号西湖D11美食城门口电梯直上3层(武林路与孩儿巷交叉口处),[],浙江省,diner,杭州市,202,"墨西哥玉米片,mini汉堡,考伯沙拉,西班牙烤肠配土豆泥,奶油培根斜管面,美式番薯条,曼哈顿披萨,芝士焗鸡扒配薯泥,凯撒沙拉,牛油果培根汉堡,意面,墨西哥鸡肉薄饼,至尊披萨,小吃拼盘,澳洲汉堡,牛肉,汉堡,双人餐,薯条",WADE'S Bar &Grill 味德(武林店),"120.160962,30.262243",[],[],[],,,TRUE,TRUE,FALSE,FALSE,餐饮服务;外国餐厅;西餐厅(综合风味),餐饮服务,外国餐厅,"['墨西哥玉米片', 'mini汉堡', '考伯沙拉', '西班牙烤肠配土豆泥', '奶油培根斜管面', '美式番薯条', '曼哈顿披萨', '芝士焗鸡扒配薯泥', '凯撒沙拉', '牛油果培根汉堡', '意面', '墨西哥鸡肉薄饼', '至尊披萨', '小吃拼盘', '澳洲汉堡', '牛肉', '汉堡', '双人餐', '薯条']"
B0FFG97JK0,[],自助餐,[],[],餐饮服务;快餐厅;快餐厅,[],[],050300,0,[],钱塘区,[],19016952335,B0LK2URJL2,下沙街道金沙大道97号金沙印象城5层,[],浙江省,diner,杭州市,202,比萨,比格比萨自助(杭州金沙印象城店),"120.336325,30.308475",[],[],[],,,TRUE,TRUE,FALSE,FALSE,餐饮服务;快餐厅;快餐厅,餐饮服务,快餐厅,['比萨']
B0IUVARGLN,[],西餐,[],[],餐饮服务;外国餐厅;意式菜品餐厅,[],[],050205,0,[],拱墅区,[],13388611539,B0GUBBLRA9,小河街道丽水路66号远洋乐堤港B区一楼(丽水路远见街交叉口),[],浙江省,diner,杭州市,202,"牛排,牛肉,双人餐,下午茶,小蛋糕",mamala西餐厅(杭州远洋乐堤港店),"120.140557,30.306172",[],[],[],,,TRUE,TRUE,FALSE,FALSE,餐饮服务;外国餐厅;意式菜品餐厅,餐饮服务,外国餐厅,"['牛排', '牛肉', '双人餐', '下午茶', '小蛋糕']"
B0JB167345,[],西餐,[],[],餐饮服务;咖啡厅;咖啡厅,[],[],050500,0,[],临平区,[],17364576178,B023B1898J,东大街临平新天地11号楼东侧(追风户外球场隔壁),[],浙江省,diner,杭州市,202,"帕尔玛披萨,那些年特质咖啡,新鲜水果沙拉,蓝柑芦荟气泡饮,原味松饼,意面,卤肉饭,海鲜火山色拉,奶油蘑菇面,澳洲m7肉眼牛扒,碳烤鸡扒饭,牛肉泡菜三角饼,龙井虾仁披萨,什锦海鲜披萨,会瘦的时蔬饭,双人餐",那些年·花园西餐·窑炉披萨(新天地店),"120.309435,30.421408",[],[],[],,,TRUE,TRUE,FALSE,FALSE,餐饮服务;咖啡厅;咖啡厅,餐饮服务,咖啡厅,"['帕尔玛披萨', '那些年特质咖啡', '新鲜水果沙拉', '蓝柑芦荟气泡饮', '原味松饼', '意面', '卤肉饭', '海鲜火山色拉', '奶油蘑菇面', '澳洲m7肉眼牛扒', '碳烤鸡扒饭', '牛肉泡菜三角饼', '龙井虾仁披萨', '什锦海鲜披萨', '会瘦的时蔬饭', '双人餐']"
[],[],西餐,[],[],餐饮服务;外国餐厅;西餐厅(综合风味),[],[],050201,0,[],余杭区,[],18100171818,B0FFLMZBLL,五常街道荆长路40号1幢一层,[],浙江省,diner,杭州市,[],"双人餐,牛排,牛肉",月芽·自由餐厅·壹集集合餐厅,"120.040225,30.247747",[],[],[],,,TRUE,TRUE,FALSE,FALSE,餐饮服务;外国餐厅;西餐厅(综合风味),餐饮服务,外国餐厅,"['双人餐', '牛排', '牛肉']"
B0FFGXZWHO,[],西式快餐,[],[],餐饮服务;快餐厅;快餐厅,[],[],050300,0,[],上城区,[],4001597597,B0FFMD2HGF,鸿泰路杭州之翼商务中心1幢110室111室,[],浙江省,diner,杭州市,202,"香甜双虾菠萝比萨,英式惠灵顿菲力牛排比萨,可可熔岩芝士流心卷边,南美肋眼牛排比萨,经典大阪烧风味海陆比萨,西西里风情尊牛多多笋鲜比萨,可可火山饼底,苏丹王榴莲红毛丹比萨,美式豪情牛肉培根菠萝比萨,金尊猫山王榴莲多多比萨,照烧风味牛肉土豆比萨,意大利雪球芝士多肉多芝比萨,新加坡砂煲风味腊肠鸡肉比萨,呼伦贝尔羔羊排,美国风情土豆培根比萨,果肉榴莲比萨,经典意式肉酱比萨,金枪鱼海鲜荟萃比萨,黑松露风味菌菇鸡肉比萨,苏丹王榴莲多多给荔比萨,嫩滋肋眼牛排,芝士焗烤嫩汁三文鱼,金尊鲍鱼扇贝比萨,马德里风情牛腩大虾比萨,托斯卡纳风情芝浓三文鱼比萨,冬日暖饮,火山饼底,双人餐",达美乐比萨(鸿泰路店),"120.222217,30.294113",[],[],[],,,TRUE,TRUE,FALSE,FALSE,餐饮服务;快餐厅;快餐厅,餐饮服务,快餐厅,"['香甜双虾菠萝比萨', '英式惠灵顿菲力牛排比萨', '可可熔岩芝士流心卷边', '南美肋眼牛排比萨', '经典大阪烧风味海陆比萨', '西西里风情尊牛多多笋鲜比萨', '可可火山饼底', '苏丹王榴莲红毛丹比萨', '美式豪情牛肉培根菠萝比萨', '金尊猫山王榴莲多多比萨', '照烧风味牛肉土豆比萨', '意大利雪球芝士多肉多芝比萨', '新加坡砂煲风味腊肠鸡肉比萨', '呼伦贝尔羔羊排', '美国风情土豆培根比萨', '果肉榴莲比萨', '经典意式肉酱比萨', '金枪鱼海鲜荟萃比萨', '黑松露风味菌菇鸡肉比萨', '苏丹王榴莲多多给荔比萨', '嫩滋肋眼牛排', '芝士焗烤嫩汁三文鱼', '金尊鲍鱼扇贝比萨', '马德里风情牛腩大虾比萨', '托斯卡纳风情芝浓三文鱼比萨', '冬日暖饮', '火山饼底', '双人餐']"
[],[],西餐,[],[],餐饮服务;外国餐厅;西餐厅(综合风味),[],[],050201,0,[],上城区,[],19032005633,B0LUF91MS3,清波街道中山中路186号(定安路地铁站D口步行210米),[],浙江省,diner,杭州市,[],"留恋马铃薯千层派,烟熏牛肉芝士瀑布面,香煎新西兰羊排佐时蔬,迷你和牛牛肉汉堡,彩椒爆汁双层牛肉芝士堡,山竹龙井山茶,招牌西班牙墨鱼汁烩饭,香浓蘑菇和牛汉堡,酸奶杯,奶油培根意大利面,经典肉酱意面,南瓜汤,马尔伯勒生蚝,巴西莓碗,西班牙橄榄油爆海虾,芝士焗烤蘑菇,焦糖蛋奶绵绵冰,美式烧烤烤肉,多国香肠拼盘,雪顶泰奶,香煎虾仁芒果凯沙拉,蘑菇,沙拉",HEYUMMY好时镇,"120.170703,30.244606",[],[],[],,,TRUE,TRUE,FALSE,FALSE,餐饮服务;外国餐厅;西餐厅(综合风味),餐饮服务,外国餐厅,"['留恋马铃薯千层派', '烟熏牛肉芝士瀑布面', '香煎新西兰羊排佐时蔬', '迷你和牛牛肉汉堡', '彩椒爆汁双层牛肉芝士堡', '山竹龙井山茶', '招牌西班牙墨鱼汁烩饭', '香浓蘑菇和牛汉堡', '酸奶杯', '奶油培根意大利面', '经典肉酱意面', '南瓜汤', '马尔伯勒生蚝', '巴西莓碗', '西班牙橄榄油爆海虾', '芝士焗烤蘑菇', '焦糖蛋奶绵绵冰', '美式烧烤烤肉', '多国香肠拼盘', '雪顶泰奶', '香煎虾仁芒果凯沙拉', '蘑菇', '沙拉']"
B0FFKH01IG,[],西餐,[],[],餐饮服务;外国餐厅;西餐厅(综合风味)|餐饮服务;外国餐厅;牛扒店(扒房),[],[],050201|050211,0,[],余杭区,[],19357077636;19357388308,B0J2996IP0,良渚街道杭行路1499号城北万象城1层L127号商铺(2号门旁),[],浙江省,diner,杭州市,202,"美国极佳级牛小排,熟成55天极佳级大里脊,经典松露惠灵顿牛排,熟成28天极佳级战斧,炙烤辣魔鬼牛排（果木炙烤）,精品黑椒牛排,熟成45天极佳级小战斧,招牌和牛塔塔,牛排,牛肉",牛排家(杭州城北万象城店),"120.112903,30.351250",[],[],[],,,TRUE,TRUE,FALSE,FALSE,餐饮服务;外国餐厅;西餐厅(综合风味),餐饮服务,外国餐厅,"['美国极佳级牛小排', '熟成55天极佳级大里脊', '经典松露惠灵顿牛排', '熟成28天极佳级战斧', '炙烤辣魔鬼牛排（果木炙烤）', '精品黑椒牛排', '熟成45天极佳级小战斧', '招牌和牛塔塔', '牛排', '牛肉']"
[],[],西餐,[],[],餐饮服务;外国餐厅;外国餐厅,[],[],050200,0,[],上城区,[],13396509653,B0M65HIZ4U,高银街147号(吴山广场地铁站D口步行350米),[],浙江省,diner,杭州市,[],[],蔻餐厅The Coeur,"120.167315,30.240527",[],[],[],,,TRUE,TRUE,FALSE,FALSE,餐饮服务;外国餐厅;外国餐厅,餐饮服务,外国餐厅,[]
B0K2AKPUG9,[],西餐,[],[],餐饮服务;中餐厅;中餐厅,[],[],050100,0,[],萧山区,[],18057157703,B0K6BCG7MN,湘湖路34号西湘里文创园7号楼(大象茶室进来左拐),[],浙江省,diner,杭州市,202,"下午茶,奶油",淀餐厅sediment,"120.255709,30.165959",[],[],[],,,TRUE,TRUE,FALSE,FALSE,餐饮服务;中餐厅;中餐厅,餐饮服务,中餐厅,"['下午茶', '奶油']"
[],[],清吧,[],[],餐饮服务;外国餐厅;西餐厅(综合风味),[],[],050201,1,[],上城区,[],15958180582,B0K16US407,中山中路82号,[],浙江省,diner,杭州市,[],[],And 百年洋房·西餐酒馆,"120.170949,30.241108",[],[],[],,,TRUE,TRUE,FALSE,FALSE,餐饮服务;外国餐厅;西餐厅(综合风味),餐饮服务,外国餐厅,[]
B023B0BQ65,[],西式快餐,[],[],餐饮服务;快餐厅;快餐厅,[],[],050300,0,[],萧山区,[],4001597597,B0FFKQISBF,北干街道恒隆广场2幢117号1层,[],浙江省,diner,杭州市,202,"南美肋眼牛排比萨,经典大阪烧风味海陆比萨,西西里风情尊牛多多笋鲜比萨,可可火山饼底,苏丹王榴莲红毛丹比萨,美式豪情牛肉培根菠萝比萨,香甜双虾菠萝比萨,英式惠灵顿菲力牛排比萨,可可熔岩芝士流心卷边,照烧风味牛肉土豆比萨,金尊鲍鱼扇贝比萨,马德里风情牛腩大虾比萨,托斯卡纳风情芝浓三文鱼比萨,冬日暖饮,火山饼底,美国风情土豆培根比萨,果肉榴莲比萨,经典意式肉酱比萨,金枪鱼海鲜荟萃比萨,黑松露风味菌菇鸡肉比萨,苏丹王榴莲多多给荔比萨,嫩滋肋眼牛排,芝士焗烤嫩汁三文鱼,金尊猫山王榴莲多多比萨,意大利雪球芝士多肉多芝比萨,新加坡砂煲风味腊肠鸡肉比萨,呼伦贝尔羔羊排,双人餐,披萨",达美乐比萨(山阴路店),"120.262390,30.178370",[],[],[],,,TRUE,TRUE,FALSE,FALSE,餐饮服务;快餐厅;快餐厅,餐饮服务,快餐厅,"['南美肋眼牛排比萨', '经典大阪烧风味海陆比萨', '西西里风情尊牛多多笋鲜比萨', '可可火山饼底', '苏丹王榴莲红毛丹比萨', '美式豪情牛肉培根菠萝比萨', '香甜双虾菠萝比萨', '英式惠灵顿菲力牛排比萨', '可可熔岩芝士流心卷边', '照烧风味牛肉土豆比萨', '金尊鲍鱼扇贝比萨', '马德里风情牛腩大虾比萨', '托斯卡纳风情芝浓三文鱼比萨', '冬日暖饮', '火山饼底', '美国风情土豆培根比萨', '果肉榴莲比萨', '经典意式肉酱比萨', '金枪鱼海鲜荟萃比萨', '黑松露风味菌菇鸡肉比萨', '苏丹王榴莲多多给荔比萨', '嫩滋肋眼牛排', '芝士焗烤嫩汁三文鱼', '金尊猫山王榴莲多多比萨', '意大利雪球芝士多肉多芝比萨', '新加坡砂煲风味腊肠鸡肉比萨', '呼伦贝尔羔羊排', '双人餐', '披萨']"
B0FFHBJOFN,[],意大利菜,[],[],餐饮服务;外国餐厅;意式菜品餐厅,[],[],050205,0,[],拱墅区,[],0571-87803621,B0K15MTR4K,延安路609号国大城市广场8楼,[],浙江省,diner,杭州市,202,"pizza,意面,鸡翅",萨莉亚意式餐厅(国大城市广场店),"120.162166,30.269234",[],[],[],,,TRUE,TRUE,FALSE,FALSE,餐饮服务;外国餐厅;意式菜品餐厅,餐饮服务,外国餐厅,"['pizza', '意面', '鸡翅']"
B0LDJHXOLT,[],西餐,[],[],餐饮服务;外国餐厅;牛扒店(扒房),[],[],050211,0,[],萧山区,[],18158716133,B0L2URF4O7,盈丰街道亚奥万象天地西区1幢1层L116,[],浙江省,diner,杭州市,201,牛排,牛排家(杭州亚奥万象天地店),"120.248278,30.255658",[],[],[],,,TRUE,TRUE,FALSE,FALSE,餐饮服务;外国餐厅;牛扒店(扒房),餐饮服务,外国餐厅,['牛排']
B0FFM3LNDY,[],西餐,[],[],餐饮服务;餐饮相关场所;餐饮相关,[],[],050000,0,[],余杭区,[],19157788786,B0J3ZUVDU9,仓前街道EFC欧美广场欧洲中心T9(万豪酒店对面),[],浙江省,diner,杭州市,202,"幻师脆脆金沙翅,桃气椰子水,安格斯牛腹肉心,红咖喱大虾意面,桃柚元气水,安格斯能量泡菜碗,牛肉芦笋配黑松露炒饭,幻师和牛汉堡,初恋,金枕榴莲披萨,黑松露风干火腿披萨,青提白柚,抹茶巧克力慕斯,意面,披萨,汉堡,炸鸡,双人餐,蘑菇,下午茶,泡菜",COMMUNE幻师(EFC欧美广场店),"120.000185,30.282250",[],[],[],,,TRUE,TRUE,FALSE,FALSE,餐饮服务;餐饮相关场所;餐饮相关,餐饮服务,餐饮相关场所,"['幻师脆脆金沙翅', '桃气椰子水', '安格斯牛腹肉心', '红咖喱大虾意面', '桃柚元气水', '安格斯能量泡菜碗', '牛肉芦笋配黑松露炒饭', '幻师和牛汉堡', '初恋', '金枕榴莲披萨', '黑松露风干火腿披萨', '青提白柚', '抹茶巧克力慕斯', '意面', '披萨', '汉堡', '炸鸡', '双人餐', '蘑菇', '下午茶', '泡菜']"
B023B1BD44,[],西餐,[],[],餐饮服务;外国餐厅;西餐厅(综合风味)|餐饮服务;外国餐厅;牛扒店(扒房),[],[],050201|050211,0,[],西湖区,[],0571-86046960,B023B0BEZX,文三路345号(文三路地铁站A口步行240米),[],浙江省,diner,杭州市,202,"原味经典牛排,菲力牛排,黑椒传奇牛排,法式红酒牛排,丁骨牛排,苹果木烟熏牛排,玉米汤,沙朗牛排,唐人街川味牛排,佛罗伦萨7味双拼牛排,薯条,T骨牛排,果木烟熏牛排,奶油蘑菇汤,带骨纽约客,牛肉,牛排,双人餐",豪客来牛排(杭州文三颐高数码城餐厅),"120.132864,30.276770",[],[],[],,,TRUE,TRUE,FALSE,FALSE,餐饮服务;外国餐厅;西餐厅(综合风味),餐饮服务,外国餐厅,"['原味经典牛排', '菲力牛排', '黑椒传奇牛排', '法式红酒牛排', '丁骨牛排', '苹果木烟熏牛排', '玉米汤', '沙朗牛排', '唐人街川味牛排', '佛罗伦萨7味双拼牛排', '薯条', 'T骨牛排', '果木烟熏牛排', '奶油蘑菇汤', '带骨纽约客', '牛肉', '牛排', '双人餐']"
B023B09JJH,[],意大利菜,[],[],餐饮服务;中餐厅;中餐厅,[],[],050100,0,[],拱墅区,[],17357105601,B0JBT95CUN,中山北路279号,[],浙江省,diner,杭州市,320,"牛排,牛肉,蘑菇,黄油,汉堡,鸡翅,意面",LuLuoBo绿萝卜(中山北路店),"120.168777,30.263831",[],[],[],,,TRUE,TRUE,FALSE,FALSE,餐饮服务;中餐厅;中餐厅,餐饮服务,中餐厅,"['牛排', '牛肉', '蘑菇', '黄油', '汉堡', '鸡翅', '意面']"
B0LU2PR1J6,[],小吃快餐,[],[],餐饮服务;快餐厅;快餐厅,[],[],050300,0,[],余杭区,[],4001597597,B0IDCN4CFG,仓前街道时代未来之城4幢102-113室1F-009室,[],浙江省,diner,杭州市,202,"经典意式肉酱比萨,金枪鱼海鲜荟萃比萨,黑松露风味菌菇鸡肉比萨,苏丹王榴莲多多给荔比萨,嫩滋肋眼牛排,芝士焗烤嫩汁三文鱼,香甜双虾菠萝比萨,英式惠灵顿菲力牛排比萨,可可熔岩芝士流心卷边,经典大阪烧风味海陆比萨,西西里风情尊牛多多笋鲜比萨,可可火山饼底,苏丹王榴莲红毛丹比萨,美式豪情牛肉培根菠萝比萨,马德里风情牛腩大虾比萨,托斯卡纳风情芝浓三文鱼比萨,冬日暖饮,火山饼底,金尊猫山王榴莲多多比萨,照烧风味牛肉土豆比萨,意大利雪球芝士多肉多芝比萨,新加坡砂煲风味腊肠鸡肉比萨,呼伦贝尔羔羊排,双人餐",达美乐比萨(仓前万达广场店),"119.997766,30.281166",[],[],[],,,TRUE,TRUE,FALSE,FALSE,餐饮服务;快餐厅;快餐厅,餐饮服务,快餐厅,"['经典意式肉酱比萨', '金枪鱼海鲜荟萃比萨', '黑松露风味菌菇鸡肉比萨', '苏丹王榴莲多多给荔比萨', '嫩滋肋眼牛排', '芝士焗烤嫩汁三文鱼', '香甜双虾菠萝比萨', '英式惠灵顿菲力牛排比萨', '可可熔岩芝士流心卷边', '经典大阪烧风味海陆比萨', '西西里风情尊牛多多笋鲜比萨', '可可火山饼底', '苏丹王榴莲红毛丹比萨', '美式豪情牛肉培根菠萝比萨', '马德里风情牛腩大虾比萨', '托斯卡纳风情芝浓三文鱼比萨', '冬日暖饮', '火山饼底', '金尊猫山王榴莲多多比萨', '照烧风味牛肉土豆比萨', '意大利雪球芝士多肉多芝比萨', '新加坡砂煲风味腊肠鸡肉比萨', '呼伦贝尔羔羊排', '双人餐']"
B0FFF3Z0H7,[],意大利菜,[],[],餐饮服务;外国餐厅;意式菜品餐厅,[],[],050205,0,[],钱塘区,[],0571-85127168,B0I29CGW7Z,金沙大道560号龙湖杭州金沙天街L3层,[],浙江省,diner,杭州市,202,"土豆泥,奶油,披萨,意面,烤肉,下午茶,提拉米苏,牛肉,芝士,鸡翅",萨莉亚意式餐厅(龙湖杭州金沙天街店),"120.326680,30.310396",[],[],[],,,TRUE,TRUE,FALSE,FALSE,餐饮服务;外国餐厅;意式菜品餐厅,餐饮服务,外国餐厅,"['土豆泥', '奶油', '披萨', '意面', '烤肉', '下午茶', '提拉米苏', '牛肉', '芝士', '鸡翅']"
B0G1G1PS4M,[],西餐,[],[],餐饮服务;外国餐厅;西餐厅(综合风味),[],[],050201,0,[],上城区,[],19106528891,B0L1GUBLK1,工联CC6楼3-4号电梯直达(龙翔桥站D口),[],浙江省,diner,杭州市,202,双人餐,Le Nid Etoilé 楽·法餐,"120.164475,30.254225",[],[],[],,,TRUE,TRUE,FALSE,FALSE,餐饮服务;外国餐厅;西餐厅(综合风味),餐饮服务,外国餐厅,['双人餐']
B0GRK54YP4,[],西餐,[],[],餐饮服务;餐饮相关场所;餐饮相关,[],[],050000,1,[],上城区,[],19550254877,B0KA2LINH0,平海路124号湖滨88商场4楼西西梨Brunch&Lounge,[],浙江省,diner,杭州市,202,"牛排,双人餐",西西梨Brunch&Lounge(杭州湖滨88店),"120.162456,30.254685",[],[],[],,,TRUE,TRUE,FALSE,FALSE,餐饮服务;餐饮相关场所;餐饮相关,餐饮服务,餐饮相关场所,"['牛排', '双人餐']"
B0G39SMMZZ,[],西餐,[],[],餐饮服务;餐饮相关场所;餐饮相关,[],[],050000,0,[],拱墅区,[],[],B0LDR5FFSB,经纬国际创意园9H104,[],浙江省,diner,杭州市,202,料理,Popot噗噗饮食店·康普茶·家庭料理,"120.188888,30.325293",[],[],[],,,TRUE,TRUE,FALSE,FALSE,餐饮服务;餐饮相关场所;餐饮相关,餐饮服务,餐饮相关场所,['料理']
B0FFIMEKW0,[],西餐,[],[],餐饮服务;外国餐厅;西餐厅(综合风味),[],[],050201,0,[],上城区,[],13806528985,B0G1SRC9DM,延安路239号杭州湖滨银泰in77D区F3,[],浙江省,diner,杭州市,202,"单人餐,牛排,双人餐,牛肉",缦云里花园餐厅(杭州湖滨in77D区店),"120.163793,30.253583",[],[],[],,,TRUE,TRUE,FALSE,FALSE,餐饮服务;外国餐厅;西餐厅(综合风味),餐饮服务,外国餐厅,"['单人餐', '牛排', '双人餐', '牛肉']"
B0FFI0VFCR,[],西式快餐,[],[],餐饮服务;快餐厅;快餐厅,[],[],050300,0,[],滨江区,[],4001597597,B0GUC45DN2,滨盛路3867号宝龙广场1区3号楼一层3幢1-007室,[],浙江省,diner,杭州市,202,"金尊猫山王榴莲多多比萨,照烧风味牛肉土豆比萨,意大利雪球芝士多肉多芝比萨,新加坡砂煲风味腊肠鸡肉比萨,呼伦贝尔羔羊排,南美肋眼牛排比萨,经典大阪烧风味海陆比萨,西西里风情尊牛多多笋鲜比萨,可可火山饼底,苏丹王榴莲红毛丹比萨,美式豪情牛肉培根菠萝比萨,香甜双虾菠萝比萨,英式惠灵顿菲力牛排比萨,可可熔岩芝士流心卷边,美国风情土豆培根比萨,果肉榴莲比萨,经典意式肉酱比萨,金枪鱼海鲜荟萃比萨,黑松露风味菌菇鸡肉比萨,苏丹王榴莲多多给荔比萨,嫩滋肋眼牛排,芝士焗烤嫩汁三文鱼,金尊鲍鱼扇贝比萨,马德里风情牛腩大虾比萨,托斯卡纳风情芝浓三文鱼比萨,冬日暖饮,火山饼底,双人餐",达美乐比萨(滨盛路店),"120.167088,30.188569",[],[],[],,,TRUE,TRUE,FALSE,FALSE,餐饮服务;快餐厅;快餐厅,餐饮服务,快餐厅,"['金尊猫山王榴莲多多比萨', '照烧风味牛肉土豆比萨', '意大利雪球芝士多肉多芝比萨', '新加坡砂煲风味腊肠鸡肉比萨', '呼伦贝尔羔羊排', '南美肋眼牛排比萨', '经典大阪烧风味海陆比萨', '西西里风情尊牛多多笋鲜比萨', '可可火山饼底', '苏丹王榴莲红毛丹比萨', '美式豪情牛肉培根菠萝比萨', '香甜双虾菠萝比萨', '英式惠灵顿菲力牛排比萨', '可可熔岩芝士流心卷边', '美国风情土豆培根比萨', '果肉榴莲比萨', '经典意式肉酱比萨', '金枪鱼海鲜荟萃比萨', '黑松露风味菌菇鸡肉比萨', '苏丹王榴莲多多给荔比萨', '嫩滋肋眼牛排', '芝士焗烤嫩汁三文鱼', '金尊鲍鱼扇贝比萨', '马德里风情牛腩大虾比萨', '托斯卡纳风情芝浓三文鱼比萨', '冬日暖饮', '火山饼底', '双人餐']"
B0FFI31CNG,[],意大利菜,[],[],餐饮服务;外国餐厅;意式菜品餐厅,[],[],050205,0,[],滨江区,[],0571-87851390,B0G3GLUG73,江汉路1515号江南天街商业中心1幢6楼49室,[],浙江省,diner,杭州市,201,"土豆泥,意面,披萨,芝士,鸡肉",萨莉亚意式餐厅(滨江天街店),"120.204773,30.200726",[],[],[],,,TRUE,TRUE,FALSE,FALSE,餐饮服务;外国餐厅;意式菜品餐厅,餐饮服务,外国餐厅,"['土豆泥', '意面', '披萨', '芝士', '鸡肉']"
[],[],西餐,[],[],餐饮服务;餐饮相关场所;餐饮相关,[],[],050000,0,[],拱墅区,[],0571-86062979,B0K3T1RZC0,城西银泰城4楼,[],浙江省,diner,杭州市,[],"俄式拌香鸡,沙土雷克烤鸡腿肉,煎莫斯科盘肠,俄式传统肉饼,大咧巴,黑椒朗姆厚牛排,罐牛,松子奶香蘑菇汤,莫斯科红菜汤,俄罗斯焖罐饭,奶油,蘑菇",俄士厨房(杭州城西银泰城店),"120.107650,30.299501",[],[],[],,,TRUE,TRUE,FALSE,FALSE,餐饮服务;餐饮相关场所;餐饮相关,餐饮服务,餐饮相关场所,"['俄式拌香鸡', '沙土雷克烤鸡腿肉', '煎莫斯科盘肠', '俄式传统肉饼', '大咧巴', '黑椒朗姆厚牛排', '罐牛', '松子奶香蘑菇汤', '莫斯科红菜汤', '俄罗斯焖罐饭', '奶油', '蘑菇']"
[],[],茶点,[],[],餐饮服务;中餐厅;中餐厅,[],[],050100,0,[],西湖区,[],18069752628,B0KKPA4SIJ,杭州西湖风景名胜区-老龙井西南侧190米,[],浙江省,diner,杭州市,[],下午茶,龙井茂居·西餐厅·下午茶,"120.100475,30.218025",[],[],[],,,TRUE,TRUE,FALSE,FALSE,餐饮服务;中餐厅;中餐厅,餐饮服务,中餐厅,['下午茶']
B0FFGXZWHO,[],西餐,[],[],餐饮服务;外国餐厅;牛扒店(扒房),[],[],050211,0,[],上城区,[],0571-82751337,B0FFLIRTD5,彭埠街道鸿泰路133号天空之翼2幢928室,[],浙江省,diner,杭州市,202,"红胡椒劲骨牛排,沁爽山楂气泡饮,炙烤战斧牛排,黑胡椒传奇牛排,双人餐,牛排,鸡肉,牛肉",豪客来牛排(杭州天空之翼餐厅),"120.222315,30.294113",[],[],[],,,TRUE,TRUE,FALSE,FALSE,餐饮服务;外国餐厅;牛扒店(扒房),餐饮服务,外国餐厅,"['红胡椒劲骨牛排', '沁爽山楂气泡饮', '炙烤战斧牛排', '黑胡椒传奇牛排', '双人餐', '牛排', '鸡肉', '牛肉']"
B0G0PKA6GG,[],西餐,[],[],餐饮服务;外国餐厅;法式菜品餐厅,[],[],050204,0,[],上城区,[],19357630086,B0H0R7CZFB,严家路336号119室(新塘地铁站B口步行160米),[],浙江省,diner,杭州市,302,"滇味藤椒鸡枞菌鸡肉宽面,惠灵顿牛排,萨尔拉培根松露管面,蒜香橄榄油大虾配有机蘑菇,意式火腿比萨,滇味藤椒鸡纵菌鸡肉意面,樟树港辣椒香菜酱迷你鱿鱼,番茄诺马大虾意面,法式热带双果饮,烤脆皮春鸡,法式青苹沁爽,炸辣味脆皮牛舌臭豆腐,法式xo酱文蛤,法国进口黑钻生蚝,提拉米苏,咸柠七,金桔黑松露布拉塔,法式油封鸭腿配松露土豆泥,脆皮松针烤鸡,招牌法式猪肉冻“杀猪菜”,经典手撕猪肉班尼迪克蛋,招牌鹅肝和牛炒饭,安格斯菲力牛排,双人餐,烤鸡,鱿鱼,藤椒鸡,鸡肉,下午茶,生蚝",bistroduvin·法社,"120.206640,30.274090",[],[],[],,,TRUE,TRUE,FALSE,FALSE,餐饮服务;外国餐厅;法式菜品餐厅,餐饮服务,外国餐厅,"['滇味藤椒鸡枞菌鸡肉宽面', '惠灵顿牛排', '萨尔拉培根松露管面', '蒜香橄榄油大虾配有机蘑菇', '意式火腿比萨', '滇味藤椒鸡纵菌鸡肉意面', '樟树港辣椒香菜酱迷你鱿鱼', '番茄诺马大虾意面', '法式热带双果饮', '烤脆皮春鸡', '法式青苹沁爽', '炸辣味脆皮牛舌臭豆腐', '法式xo酱文蛤', '法国进口黑钻生蚝', '提拉米苏', '咸柠七', '金桔黑松露布拉塔', '法式油封鸭腿配松露土豆泥', '脆皮松针烤鸡', '招牌法式猪肉冻“杀猪菜”', '经典手撕猪肉班尼迪克蛋', '招牌鹅肝和牛炒饭', '安格斯菲力牛排', '双人餐', '烤鸡', '鱿鱼', '藤椒鸡', '鸡肉', '下午茶', '生蚝']"
B0FFL7AHHL,[],西式快餐,[],[],餐饮服务;快餐厅;快餐厅,[],[],050300,0,[],滨江区,[],0571-86075832,B0HDMKTT31,浦沿街道滨文路585-1号一层585-1号139室150室151室,[],浙江省,diner,杭州市,202,"金尊猫山王榴莲多多比萨,照烧风味牛肉土豆比萨,意大利雪球芝士多肉多芝比萨,新加坡砂煲风味腊肠鸡肉比萨,呼伦贝尔羔羊排,美国风情土豆培根比萨,果肉榴莲比萨,经典意式肉酱比萨,金枪鱼海鲜荟萃比萨,黑松露风味菌菇鸡肉比萨,苏丹王榴莲多多给荔比萨,嫩滋肋眼牛排,芝士焗烤嫩汁三文鱼,香甜双虾菠萝比萨,英式惠灵顿菲力牛排比萨,可可熔岩芝士流心卷边,金尊鲍鱼扇贝比萨,马德里风情牛腩大虾比萨,托斯卡纳风情芝浓三文鱼比萨,冬日暖饮,火山饼底,南美肋眼牛排比萨,经典大阪烧风味海陆比萨,西西里风情尊牛多多笋鲜比萨,可可火山饼底,苏丹王榴莲红毛丹比萨,美式豪情牛肉培根菠萝比萨,双人餐",达美乐比萨(滨文路店),"120.146206,30.171153",[],[],[],,,TRUE,TRUE,FALSE,FALSE,餐饮服务;快餐厅;快餐厅,餐饮服务,快餐厅,"['金尊猫山王榴莲多多比萨', '照烧风味牛肉土豆比萨', '意大利雪球芝士多肉多芝比萨', '新加坡砂煲风味腊肠鸡肉比萨', '呼伦贝尔羔羊排', '美国风情土豆培根比萨', '果肉榴莲比萨', '经典意式肉酱比萨', '金枪鱼海鲜荟萃比萨', '黑松露风味菌菇鸡肉比萨', '苏丹王榴莲多多给荔比萨', '嫩滋肋眼牛排', '芝士焗烤嫩汁三文鱼', '香甜双虾菠萝比萨', '英式惠灵顿菲力牛排比萨', '可可熔岩芝士流心卷边', '金尊鲍鱼扇贝比萨', '马德里风情牛腩大虾比萨', '托斯卡纳风情芝浓三文鱼比萨', '冬日暖饮', '火山饼底', '南美肋眼牛排比萨', '经典大阪烧风味海陆比萨', '西西里风情尊牛多多笋鲜比萨', '可可火山饼底', '苏丹王榴莲红毛丹比萨', '美式豪情牛肉培根菠萝比萨', '双人餐']"
[],[],西餐,[],[],餐饮服务;餐饮相关场所;餐饮相关,[],[],050000,0,[],萧山区,[],19538493063,B0K3263R2C,闻堰老街16号楼,[],浙江省,diner,杭州市,[],[],八壶西餐·CLUB,"120.170452,30.125269",[],[],[],,,TRUE,TRUE,FALSE,FALSE,餐饮服务;餐饮相关场所;餐饮相关,餐饮服务,餐饮相关场所,[]
B0G2M10PQD,[],意大利菜,[],[],餐饮服务;外国餐厅;意式菜品餐厅,[],[],050205,0,[],拱墅区,[],0571-87819767,B0G0L9KLKC,大关路58号乐堤港A区L4层,[],浙江省,diner,杭州市,201,"意面,牛排,鸡翅,披萨,土豆泥,沙拉",萨莉亚意式餐厅(远洋乐堤港A区店),"120.142857,30.305393",[],[],[],,,TRUE,TRUE,FALSE,FALSE,餐饮服务;外国餐厅;意式菜品餐厅,餐饮服务,外国餐厅,"['意面', '牛排', '鸡翅', '披萨', '土豆泥', '沙拉']"
B023B16JF1,[],咖啡,[],[],餐饮服务;餐饮相关场所;餐饮相关,[],[],050000,0,[],富阳区,[],18657569163,B0LG6Y8GPY,美和院天创园2-1,[],浙江省,diner,杭州市,320,"双人餐,单人餐",111white三白咖啡·西餐(银湖美和院店),"120.000800,30.145597",[],[],[],,,TRUE,TRUE,FALSE,FALSE,餐饮服务;餐饮相关场所;餐饮相关,餐饮服务,餐饮相关场所,"['双人餐', '单人餐']"
B0FFGZFVP8,[],西餐,[],[],餐饮服务;外国餐厅;牛扒店(扒房),[],[],050211,0,[],拱墅区,[],0571-82565897,B0FFL3K2PJ,"宾购商业中心2、3、4幢4101室,4102室",[],浙江省,diner,杭州市,202,"红胡椒劲骨牛排,黑胡椒传奇牛排,双人餐,杨枝甘露,牛排,牛肉,薯条",豪客来牛排(杭州天阳D32餐厅),"120.137545,30.314744",[],[],[],,,TRUE,TRUE,FALSE,FALSE,餐饮服务;外国餐厅;牛扒店(扒房),餐饮服务,外国餐厅,"['红胡椒劲骨牛排', '黑胡椒传奇牛排', '双人餐', '杨枝甘露', '牛排', '牛肉', '薯条']"
[],[],西餐,[],[],餐饮服务;中餐厅;中餐厅,[],[],050100,0,[],拱墅区,[],13812604151,B0J14RZ9RC,小河路488号30幢102-1,[],浙江省,diner,杭州市,[],"牛油果大虾沙拉,墨西哥牛肉酱脆饼,Fun,d招牌披萨,川香慢煎牛舌,德式风味香肠三拼,雪花牛肉炒饭,意式风味海鲜锅,迷迭香烤鸡,白葡萄酒烩翡翠贻贝,芒果芭乐沙沙鹅肝,伊比利亚火腿蜜瓜拼盘,香煎培根口蘑,帕尔马火腿沙拉,下午茶,双人餐",Fun.d方地餐厅,"120.137949,30.324873",[],[],[],,,TRUE,TRUE,FALSE,FALSE,餐饮服务;中餐厅;中餐厅,餐饮服务,中餐厅,"['牛油果大虾沙拉', '墨西哥牛肉酱脆饼', 'Fun', 'd招牌披萨', '川香慢煎牛舌', '德式风味香肠三拼', '雪花牛肉炒饭', '意式风味海鲜锅', '迷迭香烤鸡', '白葡萄酒烩翡翠贻贝', '芒果芭乐沙沙鹅肝', '伊比利亚火腿蜜瓜拼盘', '香煎培根口蘑', '帕尔马火腿沙拉', '下午茶', '双人餐']"
B0FFFAMY3E,[],西餐,[],[],餐饮服务;中餐厅;中餐厅,[],[],050100,0,[],临平区,[],4001597597,B0H0SH20EX,临平街道振兴西路124-50124-51124-52号壹层,[],浙江省,diner,杭州市,202,"经典意式肉酱比萨,金枪鱼海鲜荟萃比萨,经典大阪烧风味海陆比萨,双人餐",达美乐比萨(振兴西路店),"120.284170,30.432367",[],[],[],,,TRUE,TRUE,FALSE,FALSE,餐饮服务;中餐厅;中餐厅,餐饮服务,中餐厅,"['经典意式肉酱比萨', '金枪鱼海鲜荟萃比萨', '经典大阪烧风味海陆比萨', '双人餐']"
B0FFHGM6RY,[],西餐,[],[],餐饮服务;外国餐厅;外国餐厅,[],[],050200,0,[],拱墅区,[],0571-87702608,B0J19ZXH2E,长浜路718号东方茂商业中心101室-38,[],浙江省,diner,杭州市,202,"小酥肉,披萨,牛排,芝士",菲滋意式餐厅(拱墅新天地店),"120.179905,30.321732",[],[],[],,,TRUE,TRUE,FALSE,FALSE,餐饮服务;外国餐厅;外国餐厅,餐饮服务,外国餐厅,"['小酥肉', '披萨', '牛排', '芝士']"
B0GD7A9AIE,[],意大利菜,[],[],餐饮服务;外国餐厅;意式菜品餐厅,[],[],050205,0,[],西湖区,[],0571-28116125,B0HBKURV8Z,余杭塘路1001号龙湖杭州西溪天街5楼,[],浙江省,diner,杭州市,202,"土豆泥,芝士,意面,披萨,鸡肉",萨莉亚意式餐厅(龙湖杭州西溪天街店),"120.069192,30.293037",[],[],[],,,TRUE,TRUE,FALSE,FALSE,餐饮服务;外国餐厅;意式菜品餐厅,餐饮服务,外国餐厅,"['土豆泥', '芝士', '意面', '披萨', '鸡肉']"
[],[],西餐,[],[],餐饮服务;餐饮相关场所;餐饮相关,[],[],050000,0,[],拱墅区,[],19106822387,B0K22M81F4,丰潭路380号城西银泰一楼1号门旁地铁5号线萍水街c口左转600米,[],浙江省,diner,杭州市,[],"芝士,薯条,蘑菇,奶油,意面,炸鸡,披萨,沙拉,牛排,鸡翅",Grande A’moo(城西银泰百货店),"120.106427,30.299819",[],[],[],,,TRUE,TRUE,FALSE,FALSE,餐饮服务;餐饮相关场所;餐饮相关,餐饮服务,餐饮相关场所,"['芝士', '薯条', '蘑菇', '奶油', '意面', '炸鸡', '披萨', '沙拉', '牛排', '鸡翅']"
B0I0HRRTKG,[],西餐,[],[],餐饮服务;外国餐厅;西餐厅(综合风味),[],[],050201,0,[],余杭区,[],19011279907;19012890025,B0K69HLQKJ,良渚文化村良渚街道玉鸟街与荀甫路交叉口向西300米BIRLAND玉鸟集F1层,[],浙江省,diner,杭州市,201,"火腿,提拉米苏",SOLAR索拉餐厅(BIRLAND玉鸟集店),"120.029253,30.365012",[],[],[],,,TRUE,TRUE,FALSE,FALSE,餐饮服务;外国餐厅;西餐厅(综合风味),餐饮服务,外国餐厅,"['火腿', '提拉米苏']"
B0LR1ARIXG,[],西餐,[],[],餐饮服务;外国餐厅;外国餐厅,[],[],050200,0,[],西湖区,[],18758008657,B0L29CQXOG,曙光路122号浙江世界贸易中心杭大路主入口旁,[],浙江省,diner,杭州市,202,"墨西哥风味红烩肉丸,炸猪皮和脆香五花肉,慢炖牛肋条,墨西哥腌辣椒酿肉,辣肉酱芝士薯条,香烤鸡腿肉塔可,蜂蜜芥末蔬菜色拉,香煎鸡腿肉能量碗,烧椒牛肋条塔可,慢炖猪肉塔可,香煎鸡腿肉卷,海陆双拼,烤牛菲力什锦串,街头玉米,玉米,下午茶,双人餐",casa小屋墨西哥餐厅,"120.141165,30.267523",[],[],[],,,TRUE,TRUE,FALSE,FALSE,餐饮服务;外国餐厅;外国餐厅,餐饮服务,外国餐厅,"['墨西哥风味红烩肉丸', '炸猪皮和脆香五花肉', '慢炖牛肋条', '墨西哥腌辣椒酿肉', '辣肉酱芝士薯条', '香烤鸡腿肉塔可', '蜂蜜芥末蔬菜色拉', '香煎鸡腿肉能量碗', '烧椒牛肋条塔可', '慢炖猪肉塔可', '香煎鸡腿肉卷', '海陆双拼', '烤牛菲力什锦串', '街头玉米', '玉米', '下午茶', '双人餐']"
[],[],西餐,[],[],餐饮服务;外国餐厅;西餐厅(综合风味),[],[],050201,0,[],上城区,[],19157716258,B0J21ZINOB,中山中路258号(定安路地铁站A口步行350米),[],浙江省,diner,杭州市,[],"下午茶,烤肉,牛肉,鸡肉,双人餐",喀摩尔土耳其餐厅,"120.170652,30.247915",[],[],[],,,TRUE,TRUE,FALSE,FALSE,餐饮服务;外国餐厅;西餐厅(综合风味),餐饮服务,外国餐厅,"['下午茶', '烤肉', '牛肉', '鸡肉', '双人餐']"
B0FFJ3D3ZV,[],西餐,[],[],餐饮服务;外国餐厅;外国餐厅,[],[],050200,0,[],钱塘区,[],19012896991,B0H04K3DPM,金沙大道900号和达湖畔中心1层C座沿湖底商,[],浙江省,diner,杭州市,320,"沙拉,牛排,薯条,辣子鸡",Modern·湖畔餐厅(和达湖畔中心店),"120.316333,30.308837",[],[],[],,,TRUE,TRUE,FALSE,FALSE,餐饮服务;外国餐厅;外国餐厅,餐饮服务,外国餐厅,"['沙拉', '牛排', '薯条', '辣子鸡']"
B023B173VP,[],意大利菜,[],[],餐饮服务;外国餐厅;日本料理,[],[],050202,0,[],拱墅区,[],0571-81998085,B0I64S0ZVN,"丰潭路380号杭州城西银泰城F3层(2号门进入直行50m,扶梯上到F3可见)",[],浙江省,diner,杭州市,202,"土豆泥,沙拉,芝士,鸡翅,意面,披萨,烤肠,牛排,玉米,蘑菇,鸡米花,提拉米苏",萨莉亚意式餐厅(城西银泰城店),"120.107074,30.299211",[],[],[],,,TRUE,TRUE,FALSE,FALSE,餐饮服务;外国餐厅;日本料理,餐饮服务,外国餐厅,"['土豆泥', '沙拉', '芝士', '鸡翅', '意面', '披萨', '烤肠', '牛排', '玉米', '蘑菇', '鸡米花', '提拉米苏']"
[],[],西餐,[],[],餐饮服务;外国餐厅;意式菜品餐厅,[],[],050205,0,[],萧山区,[],0571-88015207,B0JK7UOIW5,建设四路与光华路交叉口西南角七彩小镇,[],浙江省,diner,杭州市,[],"披萨,意面,柠檬茶",菲滋意式餐厅(萧山瓜沥七彩小镇店),"120.455615,30.188553",[],[],[],,,TRUE,TRUE,FALSE,FALSE,餐饮服务;外国餐厅;意式菜品餐厅,餐饮服务,外国餐厅,"['披萨', '意面', '柠檬茶']"
[],[],西餐,[],[],餐饮服务;外国餐厅;西餐厅(综合风味),[],[],050201,0,[],上城区,[],13958196696;15303631363,B0FFLMZL7V,杨柳郡二期商户20幢(七堡地铁站A口步行350米),[],浙江省,diner,杭州市,[],"奶油蘑菇意面,葱香橄榄油南美对虾,黑松露温泉蛋薄饼,澳洲谷饲肉M3牛排,凯撒沙拉,南瓜汤,双人餐,牛排,单人餐",翠熙餐厅,"120.242538,30.302226",[],[],[],,,TRUE,TRUE,FALSE,FALSE,餐饮服务;外国餐厅;西餐厅(综合风味),餐饮服务,外国餐厅,"['奶油蘑菇意面', '葱香橄榄油南美对虾', '黑松露温泉蛋薄饼', '澳洲谷饲肉M3牛排', '凯撒沙拉', '南瓜汤', '双人餐', '牛排', '单人餐']"
[],[],法国菜,[],[],餐饮服务;中餐厅;中餐厅,[],[],050100,1,[],上城区,[],17788596568,B0K2NPLUQW,苕帚湾1号,[],浙江省,diner,杭州市,[],慕斯蛋糕,谧径莫奈花园餐厅,"120.168952,30.216393",[],[],[],,,TRUE,TRUE,FALSE,FALSE,餐饮服务;中餐厅;中餐厅,餐饮服务,中餐厅,['慕斯蛋糕']
B023B14VVX,[],西餐,[],[],餐饮服务;外国餐厅;意式菜品餐厅,[],[],050205,0,[],萧山区,[],0571-83588727,B0FFG84HZ8,金城路333号加州阳光1F-19,[],浙江省,diner,杭州市,202,"芝士条,菲滋特色牛排,小吃拼盘,水果披萨,乐活蜜桃柚,冰爽柠檬红茶,凯撒田园沙拉,双莓优格,咖喱牛肉焗饭,大虾菠萝焗饭,大虾香草面,大虾鲜茄芝心比萨,意大利肉酱面,意式田园沙拉,摩卡,牛排,鸡翅,炒饭,牛肉,芝士,鸡肉,薯条",菲滋意式餐厅(萧山加州阳光二店),"120.251829,30.182848",[],[],[],,,TRUE,TRUE,FALSE,FALSE,餐饮服务;外国餐厅;意式菜品餐厅,餐饮服务,外国餐厅,"['芝士条', '菲滋特色牛排', '小吃拼盘', '水果披萨', '乐活蜜桃柚', '冰爽柠檬红茶', '凯撒田园沙拉', '双莓优格', '咖喱牛肉焗饭', '大虾菠萝焗饭', '大虾香草面', '大虾鲜茄芝心比萨', '意大利肉酱面', '意式田园沙拉', '摩卡', '牛排', '鸡翅', '炒饭', '牛肉', '芝士', '鸡肉', '薯条']"
B0FFKGB43V,[],西餐,[],[],餐饮服务;外国餐厅;法式菜品餐厅,[],[],050204,0,[],西湖区,[],19357558063,B0H2V5V8VI,西溪路588号珀莱雅大厦一层中央广场,[],浙江省,diner,杭州市,202,"牛排,特色菜,黄油",AmbréCiel珀·餐厅,"120.103064,30.263021",[],[],[],,,TRUE,TRUE,FALSE,FALSE,餐饮服务;外国餐厅;法式菜品餐厅,餐饮服务,外国餐厅,"['牛排', '特色菜', '黄油']"
[],[],法国菜,[],[],餐饮服务;外国餐厅;西餐厅(综合风味),[],[],050201,0,[],拱墅区,[],19357260817,B0MB26025Q,武林路与教场路交叉口西南60米,[],浙江省,diner,杭州市,[],[],MONET莫奈·法餐厅(武林路店),"120.160206,30.259670",[],[],[],,,TRUE,TRUE,FALSE,FALSE,餐饮服务;外国餐厅;西餐厅(综合风味),餐饮服务,外国餐厅,[]
[],[],西餐,[],[],餐饮服务;外国餐厅;牛扒店(扒房),[],[],050211,0,[],拱墅区,[],0571-87083487,B0FFHNT758,凤起路539号二楼(十四中对面),[],浙江省,diner,杭州市,[],"港式奶茶,美味小吃拼盘,经典黑椒牛柳面,柳橙汁,黑胡椒牛排,澳洲和牛一品,杨枝甘露,网红火焰牛排,千岛黄金虾,澳洲和牛一品牛排,澳洲和牛芯玉牛排,豪尚豪一品牛排,芝芝芒芒,黑胡椒西冷牛排,牛排,薯条,双人餐,单人餐",豪尚豪牛排馆(凤起店),"120.159506,30.263073",[],[],[],,,TRUE,TRUE,FALSE,FALSE,餐饮服务;外国餐厅;牛扒店(扒房),餐饮服务,外国餐厅,"['港式奶茶', '美味小吃拼盘', '经典黑椒牛柳面', '柳橙汁', '黑胡椒牛排', '澳洲和牛一品', '杨枝甘露', '网红火焰牛排', '千岛黄金虾', '澳洲和牛一品牛排', '澳洲和牛芯玉牛排', '豪尚豪一品牛排', '芝芝芒芒', '黑胡椒西冷牛排', '牛排', '薯条', '双人餐', '单人餐']"
B0FFFHBWRD,[],西餐,[],[],餐饮服务;外国餐厅;西餐厅(综合风味),[],[],050201,0,[],临平区,[],17300913306,B0FFK92QD2,南苑街103号麦道大厦F1层,[],浙江省,diner,杭州市,202,"汉堡,牛肉,牛排",露天西餐厅(麦道大厦店),"120.310830,30.403114",[],[],[],,,TRUE,TRUE,FALSE,FALSE,餐饮服务;外国餐厅;西餐厅(综合风味),餐饮服务,外国餐厅,"['汉堡', '牛肉', '牛排']"
B0FFLDI3CU,[],西餐,[],[],餐饮服务;外国餐厅;意式菜品餐厅,[],[],050205,0,[],余杭区,[],0571-88737907,B0FFGBDDOS,五常大道1号西溪印象城3楼(洪园地铁站B口步行50米),[],浙江省,diner,杭州市,202,"芝士条,如意香烤鸡翅,经典薄底披萨,菲滋特色牛排,肉酱意面,意面,沙朗牛排,大虾菠萝焗饭,牛排特菲力牛排,水果沙拉,菠萝焗饭,玉米浓汤,披萨双拼,t骨牛排,香辣茄汁培根意面,披萨,牛排,下午茶",菲滋意式餐厅(西溪印象城店),"120.049377,30.247608",[],[],[],,,TRUE,TRUE,FALSE,FALSE,餐饮服务;外国餐厅;意式菜品餐厅,餐饮服务,外国餐厅,"['芝士条', '如意香烤鸡翅', '经典薄底披萨', '菲滋特色牛排', '肉酱意面', '意面', '沙朗牛排', '大虾菠萝焗饭', '牛排特菲力牛排', '水果沙拉', '菠萝焗饭', '玉米浓汤', '披萨双拼', 't骨牛排', '香辣茄汁培根意面', '披萨', '牛排', '下午茶']"
[],[],西餐,[],[],餐饮服务;外国餐厅;西餐厅(综合风味),[],[],050201,0,[],西湖区,[],0571-88995577;13336099795,B0HDZDZKMT,北山街道曙光路白沙泉36-37号楼,[],浙江省,diner,杭州市,[],双人餐,Lapedrera巴特洛·西班牙餐厅(白沙泉店),"120.135058,30.262071",[],[],[],,,TRUE,TRUE,FALSE,FALSE,餐饮服务;外国餐厅;西餐厅(综合风味),餐饮服务,外国餐厅,['双人餐']
[],[],西餐,[],[],餐饮服务;快餐厅;快餐厅,[],[],050300,1,[],滨江区,[],0571-86979000,B0FFHYH53W,长河街道滨盛路2778号一层,[],浙江省,diner,杭州市,[],"黑虎虾配牛油果,鹅肝黑松露烩饭,新西兰烤羊排,美式咖啡,羊肉,蘑菇,鸡翅,鹅肝",青蜂西餐厅(江滨一号店),"120.183719,30.197871",[],[],[],,,TRUE,TRUE,FALSE,FALSE,餐饮服务;快餐厅;快餐厅,餐饮服务,快餐厅,"['黑虎虾配牛油果', '鹅肝黑松露烩饭', '新西兰烤羊排', '美式咖啡', '羊肉', '蘑菇', '鸡翅', '鹅肝']"
B0FFIELKD9,[],西餐,[],[],餐饮服务;外国餐厅;西餐厅(综合风味),[],[],050201,0,[],临平区,[],0571-86227662,B0FFKTBW8G,南苑街道世纪大西1号(临平银泰城)地上三层号,[],浙江省,diner,杭州市,202,"沁爽山楂气泡饮,炙烤战斧牛排,黑胡椒传奇牛排,红胡椒劲骨牛排,牛肉,牛排,双人餐",豪客来牛排(杭州临平银泰城餐厅),"120.303289,30.404980",[],[],[],,,TRUE,TRUE,FALSE,FALSE,餐饮服务;外国餐厅;西餐厅(综合风味),餐饮服务,外国餐厅,"['沁爽山楂气泡饮', '炙烤战斧牛排', '黑胡椒传奇牛排', '红胡椒劲骨牛排', '牛肉', '牛排', '双人餐']"
B0FFH5QJDY,[],西餐,[],[],餐饮服务;外国餐厅;外国餐厅,[],[],050200,0,[],西湖区,[],17205813607,B0G3LHGAB1,崇义路郡原公元里7幢1层102室,[],浙江省,diner,杭州市,202,"双人餐,牛肉",JUAN卷石西餐?和牛牛排,"120.060353,30.287597",[],[],[],,,TRUE,TRUE,FALSE,FALSE,餐饮服务;外国餐厅;外国餐厅,餐饮服务,外国餐厅,"['双人餐', '牛肉']"
B0FFF33VJE,[],小吃快餐,[],[],餐饮服务;快餐厅;必胜客,[],[],050303,0,[],西湖区,[],021-59097777,B023B1H639,杭富路以西、美院南路以南华润万家R1-02、R2-02号商铺,[],浙江省,diner,杭州市,202,"金枕榴莲多多比萨,黄金六两松板肉比萨,海鲜至尊比萨,必胜硬核肉多多比萨,法式红酒厚切慢煮牛肋排,炙烤西冷牛排能量碗,下午茶,披萨,牛排,汉堡",必胜客(杭州转塘华润店),"120.079934,30.150655",[],[],[],,,TRUE,TRUE,FALSE,FALSE,餐饮服务;快餐厅;必胜客,餐饮服务,快餐厅,"['金枕榴莲多多比萨', '黄金六两松板肉比萨', '海鲜至尊比萨', '必胜硬核肉多多比萨', '法式红酒厚切慢煮牛肋排', '炙烤西冷牛排能量碗', '下午茶', '披萨', '牛排', '汉堡']"
B0FFJRBZLB,[],西餐,[],[],餐饮服务;外国餐厅;意式菜品餐厅,[],[],050205,0,[],滨江区,[],0571-86691577,B0FFHESHPV,长河街道滨盛路1766号4楼,[],浙江省,diner,杭州市,202,"芝士条加芝士,超级豪华披萨,辣汁牛肉意大利面,菠萝大虾焗饭,鸡茸蘑菇汤,风情烤翅,牛排特菲力牛排,双莓优格,吋海鲜缤纷比萨,吋灯影牛肉比萨,咖喱牛肉焗饭,咖喱牛肉饭,咖喱鸡排焗饭,奶酪披萨,小吃拼盘,炒饭,芝士,大虾,意面,披萨,牛排,鸡米花",菲滋意式餐厅(星光大道店),"120.206613,30.211106",[],[],[],,,TRUE,TRUE,FALSE,FALSE,餐饮服务;外国餐厅;意式菜品餐厅,餐饮服务,外国餐厅,"['芝士条加芝士', '超级豪华披萨', '辣汁牛肉意大利面', '菠萝大虾焗饭', '鸡茸蘑菇汤', '风情烤翅', '牛排特菲力牛排', '双莓优格', '吋海鲜缤纷比萨', '吋灯影牛肉比萨', '咖喱牛肉焗饭', '咖喱牛肉饭', '咖喱鸡排焗饭', '奶酪披萨', '小吃拼盘', '炒饭', '芝士', '大虾', '意面', '披萨', '牛排', '鸡米花']"
B0L0SGINS7,[],西餐,[],[],餐饮服务;外国餐厅;西餐厅(综合风味),[],[],050201,0,[],西湖区,[],0571-89775399,B0LGSC8UCD,古墩路808号(新时代家居广场A座3楼)天虹街和交叉口,[],浙江省,diner,杭州市,202,下午茶,蓝晓馆 · 融合餐厅,"120.095450,30.314827",[],[],[],,,TRUE,TRUE,FALSE,FALSE,餐饮服务;外国餐厅;西餐厅(综合风味),餐饮服务,外国餐厅,['下午茶']
B0FFI31CNG,[],西餐,[],[],餐饮服务;外国餐厅;西餐厅(综合风味),[],[],050201,0,[],滨江区,[],15157126257,B0FFL2MXL8,江南天街商业中心2幢(铂金岛)2楼218号,[],浙江省,diner,杭州市,202,"汉堡,沙拉,牛排,牛肉",slim's steak house斯利姆牛排餐廳,"120.203551,30.200338",[],[],[],,,TRUE,TRUE,FALSE,FALSE,餐饮服务;外国餐厅;西餐厅(综合风味),餐饮服务,外国餐厅,"['汉堡', '沙拉', '牛排', '牛肉']"
[],[],西餐,[],[],餐饮服务;餐饮相关场所;餐饮相关,[],[],050000,0,[],余杭区,[],18626867687,B0K65C9MF8,中泰街道中桥村凤中线白羊岭1-3号,[],浙江省,diner,杭州市,[],"鲜虾罗勒青酱意面,西班牙海鲜饭,凤梨多肉披萨,黑松露蘑菇香肠披萨,金枕榴莲披萨,牛肉芝士卷饼,蜜瓜火腿,伊比利亚黑猪肋排,和牛肉串（2串）,西班牙橄榄油鲜虾,惠灵顿牛排,芒果百香果奶冻,冷切肉拼盘,培根蘑菇奶油蛋黄面,安格斯西冷牛排,肉酱千层面,安格斯肉眼牛排,鲜虾,下午茶",Nodus诺德斯西餐厅(江南慢村店),"119.907359,30.239228",[],[],[],,,TRUE,TRUE,FALSE,FALSE,餐饮服务;餐饮相关场所;餐饮相关,餐饮服务,餐饮相关场所,"['鲜虾罗勒青酱意面', '西班牙海鲜饭', '凤梨多肉披萨', '黑松露蘑菇香肠披萨', '金枕榴莲披萨', '牛肉芝士卷饼', '蜜瓜火腿', '伊比利亚黑猪肋排', '和牛肉串（2串）', '西班牙橄榄油鲜虾', '惠灵顿牛排', '芒果百香果奶冻', '冷切肉拼盘', '培根蘑菇奶油蛋黄面', '安格斯西冷牛排', '肉酱千层面', '安格斯肉眼牛排', '鲜虾', '下午茶']"
[],[],蛋糕店,[],[],餐饮服务;外国餐厅;外国餐厅,[],[],050200,0,[],上城区,[],18966155290,B0J07CG9XU,学士路48号-3(龙翔桥地铁站B出口旁),[],浙江省,diner,杭州市,[],"奶油,单人餐,双人餐",海丰西餐社,"120.163334,30.255725",[],[],[],,,TRUE,TRUE,FALSE,FALSE,餐饮服务;外国餐厅;外国餐厅,餐饮服务,外国餐厅,"['奶油', '单人餐', '双人餐']"
B0FFG4FNXR,[],西餐,[],[],餐饮服务;外国餐厅;西餐厅(综合风味)|餐饮服务;外国餐厅;意式菜品餐厅,[],[],050201|050205,0,[],萧山区,[],0571-82193309,B0HALU6NEH,金城路927号杭州萧山万象汇B1层,[],浙江省,diner,杭州市,201,"魔力黑椒牛排,芝士条,双虾菠萝比萨,披萨,牛肉,鸡肉,意面,炒饭,牛排,薯条",菲滋意式餐厅(萧山万象汇店),"120.269350,30.181674",[],[],[],,,TRUE,TRUE,FALSE,FALSE,餐饮服务;外国餐厅;西餐厅(综合风味),餐饮服务,外国餐厅,"['魔力黑椒牛排', '芝士条', '双虾菠萝比萨', '披萨', '牛肉', '鸡肉', '意面', '炒饭', '牛排', '薯条']"
[],[],西餐,[],[],餐饮服务;外国餐厅;意式菜品餐厅,[],[],050205,0,[],西湖区,[],0571-88369623,B0J3R9T3V9,转塘街道创意路208号久耀商业中心1号楼一层1-117/1-130号,[],浙江省,diner,杭州市,[],"意面,番茄酱,鸡块,小酥肉,炒饭",菲滋意式餐厅(杭州转塘奥莱金街店),"120.070020,30.145221",[],[],[],,,TRUE,TRUE,FALSE,FALSE,餐饮服务;外国餐厅;意式菜品餐厅,餐饮服务,外国餐厅,"['意面', '番茄酱', '鸡块', '小酥肉', '炒饭']"
[],[],西餐,[],[],餐饮服务;外国餐厅;西餐厅(综合风味),[],[],050201,0,[],上城区,[],13588117663,B0L6BGW628,严家路338号112-1号(近新塘地铁站B口),[],浙江省,diner,杭州市,[],"牛排,双人餐",LAURA BERGAMO罗拉意大利餐厅,"120.204220,30.273930",[],[],[],,,TRUE,TRUE,FALSE,FALSE,餐饮服务;外国餐厅;西餐厅(综合风味),餐饮服务,外国餐厅,"['牛排', '双人餐']"
[],[],西餐,[],[],餐饮服务;外国餐厅;西餐厅(综合风味),[],[],050201,0,[],西湖区,[],18966499397,B0M6PRN9JJ,转塘街道润丰园区3幢1楼,[],浙江省,diner,杭州市,[],"澳洲谷饲M3战斧牛排,战斧牛排",火柚星球·农场餐厅,"120.082525,30.128625",[],[],[],,,TRUE,TRUE,FALSE,FALSE,餐饮服务;外国餐厅;西餐厅(综合风味),餐饮服务,外国餐厅,"['澳洲谷饲M3战斧牛排', '战斧牛排']"
B0K6FSJR65,[],西餐,[],[],餐饮服务;餐饮相关场所;餐饮相关,[],[],050000,0,[],临平区,[],13396548845,B0LAOKI7WF,汀兰街229号1幢D区2层L2021室,[],浙江省,diner,杭州市,320,下午茶,晓叁月·生日下午茶约会·西餐融合菜,"120.295693,30.392450",[],[],[],,,TRUE,TRUE,FALSE,FALSE,餐饮服务;餐饮相关场所;餐饮相关,餐饮服务,餐饮相关场所,['下午茶']
[],[],西餐,[],[],餐饮服务;外国餐厅;外国餐厅,[],[],050200,0,[],萧山区,[],18158118481,B0JAOSWNTD,北干街道五七公社6栋101室,[],浙江省,diner,杭州市,[],"单人餐,双人餐",NDORA恩哚啦西餐厅,"120.251853,30.172999",[],[],[],,,TRUE,TRUE,FALSE,FALSE,餐饮服务;外国餐厅;外国餐厅,餐饮服务,外国餐厅,"['单人餐', '双人餐']"
[],[],江浙菜,[],[],餐饮服务;中餐厅;浙江菜,[],[],050106,0,[],西湖区,[],15289875763,B0KD9S0O22,转塘街道枫华西路9号西投银泰城L4001/L4002,[],浙江省,diner,杭州市,[],"红糖馒头,豆腐,糖醋里脊,酸菜鱼",绿茶餐厅(西投银泰城店),"120.102806,30.147103",[],[],[],,,TRUE,TRUE,FALSE,FALSE,餐饮服务;中餐厅;浙江菜,餐饮服务,中餐厅,"['红糖馒头', '豆腐', '糖醋里脊', '酸菜鱼']"
B023B14NK3,[],西餐,[],[],餐饮服务;外国餐厅;意式菜品餐厅,[],[],050205,0,[],上城区,[],0571-87002054,B0KD0GWE1A,延安路98号西湖银泰负一楼102室,[],浙江省,diner,杭州市,201,"猪排,奶酪,牛排,大虾,榴莲披萨",菲滋意式餐厅(西湖银泰店),"120.166092,30.243770",[],[],[],,,TRUE,TRUE,FALSE,FALSE,餐饮服务;外国餐厅;意式菜品餐厅,餐饮服务,外国餐厅,"['猪排', '奶酪', '牛排', '大虾', '榴莲披萨']"
B0FFGHAYVE,[],自助餐,[],[],餐饮服务;餐饮相关场所;餐饮相关,[],[],050000,0,[],滨江区,[],0571-56662888,B0MGL5NB3N,江南大道558号杭州明豪voco酒店,[],浙江省,diner,杭州市,312,"小龙虾自助餐（6种口味）,大厨热炒,精品小龙虾789,大厨甜品自助,精品水果自助,精品生蚝,自助餐",杭州明豪voco酒店·日月西餐厅·自助餐,"120.203059,30.202718",[],[],[],,,TRUE,TRUE,FALSE,FALSE,餐饮服务;餐饮相关场所;餐饮相关,餐饮服务,餐饮相关场所,"['小龙虾自助餐（6种口味）', '大厨热炒', '精品小龙虾789', '大厨甜品自助', '精品水果自助', '精品生蚝', '自助餐']"
B0FFF3Z0H7,[],西餐,[],[],餐饮服务;外国餐厅;意式菜品餐厅,[],[],050205,0,[],钱塘区,[],0571-85730892,B0K26GXG72,金沙大道560号金沙天街4F-38A-38B铺位,[],浙江省,diner,杭州市,201,"芝士,鸡肉,披萨,薯条",菲滋意式餐厅(杭州龙湖金沙天街店),"120.327910,30.309830",[],[],[],,,TRUE,TRUE,FALSE,FALSE,餐饮服务;外国餐厅;意式菜品餐厅,餐饮服务,外国餐厅,"['芝士', '鸡肉', '披萨', '薯条']"
B0I1X6E4LN,[],西餐,[],[],餐饮服务;外国餐厅;意式菜品餐厅|餐饮服务;外国餐厅;西餐厅(综合风味),[],[],050205|050201,0,[],萧山区,[],0571-83588077,B0FFG2OK6J,市心中路268号汇德隆银隆B座B410-B412号,[],浙江省,diner,杭州市,202,"意大利肉酱面,芝士条,菲滋特色牛排,玉米浓汤,小吃拼盘,风情烤翅,金枕榴莲披萨,海皇星星薯,新意时蔬沙拉,咖喱牛肉焗饭,鸡米花,香橙优格,西班牙海鲜炒饭,大虾鲜茄芝心比萨,香烧鸡排意大利煎饭,下午茶,披萨,小酥肉,牛肉,鸡翅,意面,牛排,薯条",菲滋意式餐厅(萧山银隆店),"120.268183,30.170680",[],[],[],,,TRUE,TRUE,FALSE,FALSE,餐饮服务;外国餐厅;意式菜品餐厅,餐饮服务,外国餐厅,"['意大利肉酱面', '芝士条', '菲滋特色牛排', '玉米浓汤', '小吃拼盘', '风情烤翅', '金枕榴莲披萨', '海皇星星薯', '新意时蔬沙拉', '咖喱牛肉焗饭', '鸡米花', '香橙优格', '西班牙海鲜炒饭', '大虾鲜茄芝心比萨', '香烧鸡排意大利煎饭', '下午茶', '披萨', '小酥肉', '牛肉', '鸡翅', '意面', '牛排', '薯条']"
B023B09XDX,[],西餐,[],[],餐饮服务;外国餐厅;意式菜品餐厅,[],[],050205,0,[],西湖区,[],0571-87389737,B0HGD65JVG,古墩路588号印象城1F,[],浙江省,diner,杭州市,202,"魔力黑椒牛排,双虾菠萝比萨,芝士条,芝士,鸡肉,意面,披萨",菲滋意式餐厅(杭州古墩路印象城店),"120.099119,30.294057",[],[],[],,,TRUE,TRUE,FALSE,FALSE,餐饮服务;外国餐厅;意式菜品餐厅,餐饮服务,外国餐厅,"['魔力黑椒牛排', '双虾菠萝比萨', '芝士条', '芝士', '鸡肉', '意面', '披萨']"
[],[],西餐,[],[],餐饮服务;外国餐厅;意式菜品餐厅,[],[],050205,0,[],富阳区,[],0571-63131577,B023B0BJXE,富春街道龙浦街196号一层,[],浙江省,diner,杭州市,[],"如意香烤鸡翅,芝士条,超级豪华披萨,玫瑰奶茶,小吃拼盘,金枕榴莲披萨,咖喱牛肉焗饭,渔夫至宝比萨,酥炸鱿鱼须,芝心披萨,特选菲力牛排,香蜜恋人比萨,罗勒香肠烩饭,粒粒香鸡块,火腿香肠谷物炒饭,意面,炸鸡,芝士,披萨,鸡肉",菲滋意式餐厅(富阳物美店),"119.959368,30.051856",[],[],[],,,TRUE,TRUE,FALSE,FALSE,餐饮服务;外国餐厅;意式菜品餐厅,餐饮服务,外国餐厅,"['如意香烤鸡翅', '芝士条', '超级豪华披萨', '玫瑰奶茶', '小吃拼盘', '金枕榴莲披萨', '咖喱牛肉焗饭', '渔夫至宝比萨', '酥炸鱿鱼须', '芝心披萨', '特选菲力牛排', '香蜜恋人比萨', '罗勒香肠烩饭', '粒粒香鸡块', '火腿香肠谷物炒饭', '意面', '炸鸡', '芝士', '披萨', '鸡肉']"
B0FFKYYB4N,[],西餐,[],[],餐饮服务;外国餐厅;外国餐厅,[],[],050200,0,[],余杭区,[],13335159515,B0J24SN9RZ,10幢101,[],浙江省,diner,杭州市,202,招牌帕尔马火腿芝麻菜披萨,Reallee意大利餐厅,"120.020042,30.275124",[],[],[],,,TRUE,TRUE,FALSE,FALSE,餐饮服务;外国餐厅;外国餐厅,餐饮服务,外国餐厅,['招牌帕尔马火腿芝麻菜披萨']
B0GRK54YP4,[],西餐,[],[],餐饮服务;外国餐厅;西餐厅(综合风味),[],[],050201,0,[],上城区,[],[],B0HGBMQFZ5,平海路124号杭州湖滨88 F3层,[],浙江省,diner,杭州市,202,[],第101座花园餐厅(杭州湖滨88店),"120.162473,30.254945",[],[],[],,,TRUE,TRUE,FALSE,FALSE,餐饮服务;外国餐厅;西餐厅(综合风味),餐饮服务,外国餐厅,[]
B023B173VP,[],西餐,[],[],餐饮服务;外国餐厅;西餐厅(综合风味),[],[],050201,0,[],拱墅区,[],19602172548,B0L3HH7H2K,祥符街道丰潭路380号城西银泰一楼,[],浙江省,diner,杭州市,202,"单人餐,双人餐",Wagas沃歌斯(杭州城西银泰WA店),"120.106531,30.299866",[],[],[],,,TRUE,TRUE,FALSE,FALSE,餐饮服务;外国餐厅;西餐厅(综合风味),餐饮服务,外国餐厅,"['单人餐', '双人餐']"
[],[],西餐,[],[],餐饮服务;外国餐厅;西餐厅(综合风味),[],[],050201,0,[],富阳区,[],15558178681,B0L23H55A8,秦望水街S3-L1002商铺,[],浙江省,diner,杭州市,[],牛排,缦云里花园餐厅(秦望水街店),"119.941194,30.039508",[],[],[],,,TRUE,TRUE,FALSE,FALSE,餐饮服务;外国餐厅;西餐厅(综合风味),餐饮服务,外国餐厅,['牛排']
B023B1DJLX,[],西餐,[],[],餐饮服务;外国餐厅;意式菜品餐厅|餐饮服务;外国餐厅;西餐厅(综合风味),[],[],050205|050201,0,[],上城区,[],0571-86016610,B0K6PRXPD0,新塘路108号杭州天虹购物中心商场L1B层B号117号铺,[],浙江省,diner,杭州市,201,"小酥肉,鸡肉,牛肉,玉米",菲滋意式餐厅(杭州五福天虹店),"120.210415,30.264984",[],[],[],,,TRUE,TRUE,FALSE,FALSE,餐饮服务;外国餐厅;意式菜品餐厅,餐饮服务,外国餐厅,"['小酥肉', '鸡肉', '牛肉', '玉米']"
B023B14BX4,[],西餐,[],[],餐饮服务;外国餐厅;意式菜品餐厅,[],[],050205,0,[],拱墅区,[],0571-87166625,B0FFGIEFDX,中山北路西湖文化广场18号银泰百货5层,[],浙江省,diner,杭州市,202,"披萨,芝士,面皮",菲滋意式餐厅(西湖文化广场店),"120.163326,30.277919",[],[],[],,,TRUE,TRUE,FALSE,FALSE,餐饮服务;外国餐厅;意式菜品餐厅,餐饮服务,外国餐厅,"['披萨', '芝士', '面皮']"
B0G3ZZQ79O,[],西餐,[],[],餐饮服务;外国餐厅;西餐厅(综合风味),[],[],050201,0,[],富阳区,[],0571-63125305,B0FFL0ZGCG,富春街道金城路18弄30号东方茂D座1楼,[],浙江省,diner,杭州市,201,"双虾菠萝比萨,冰橘爱玉,BBQ如意鸡翅,鲜柠檬红茶,魔力黑椒牛排,芝士条,菲滋特色牛排,精选小吃三拼,经典意式肉酱面,意面,芝士,牛排",菲滋意式餐厅(富阳东方茂店),"119.932247,30.048849",[],[],[],,,TRUE,TRUE,FALSE,FALSE,餐饮服务;外国餐厅;西餐厅(综合风味),餐饮服务,外国餐厅,"['双虾菠萝比萨', '冰橘爱玉', 'BBQ如意鸡翅', '鲜柠檬红茶', '魔力黑椒牛排', '芝士条', '菲滋特色牛排', '精选小吃三拼', '经典意式肉酱面', '意面', '芝士', '牛排']"
B0L02ANM9X,[],西餐,[],[],餐饮服务;外国餐厅;意式菜品餐厅,[],[],050205,0,[],拱墅区,[],0571-88172699,B0FFH0AG33,"杭行路666号万达广场(杭州拱墅店)4F层(3号门进入直行30m,扶梯上到4F可见)",[],浙江省,diner,杭州市,202,"芝士条,西班牙海鲜炒饭,特选菲力牛排,薄底土豆培根披萨,百香柠檬果茶,芝心超级豪华披萨,如意香烤鸡翅,青柠莫吉托,星星炸鸡披萨,bbq如意鸡翅,咖喱牛肉焗饭,夏威夷风情比萨,拿铁咖啡,沙朗牛排,海鲜缤纷比萨,双人餐,小酥肉,薯条,鸡肉,披萨,牛肉,意面,牛排",菲滋意式餐厅(拱墅万达店),"120.119679,30.330213",[],[],[],,,TRUE,TRUE,FALSE,FALSE,餐饮服务;外国餐厅;意式菜品餐厅,餐饮服务,外国餐厅,"['芝士条', '西班牙海鲜炒饭', '特选菲力牛排', '薄底土豆培根披萨', '百香柠檬果茶', '芝心超级豪华披萨', '如意香烤鸡翅', '青柠莫吉托', '星星炸鸡披萨', 'bbq如意鸡翅', '咖喱牛肉焗饭', '夏威夷风情比萨', '拿铁咖啡', '沙朗牛排', '海鲜缤纷比萨', '双人餐', '小酥肉', '薯条', '鸡肉', '披萨', '牛肉', '意面', '牛排']"
B0LRJCHVNB,[],西餐,[],[],餐饮服务;外国餐厅;西餐厅(综合风味),[],[],050201,0,[],临平区,[],19357332755,B0KAOCZEWG,汀兰街233号临平银泰inPARKL1层CL1016,[],浙江省,diner,杭州市,202,"薯条,双人餐",Patechin·窑炉披萨·西餐(杭州临平inPARK店),"120.295059,30.390310",[],[],[],,,TRUE,TRUE,FALSE,FALSE,餐饮服务;外国餐厅;西餐厅(综合风味),餐饮服务,外国餐厅,"['薯条', '双人餐']"
B0LDJHXOLT,[],牛排,[],[],餐饮服务;外国餐厅;西餐厅(综合风味),[],[],050201,0,[],萧山区,[],0571-85360229,B0L2MLYOZF,盈丰街道亚奥城西区亚奥万象天地商场1幢3层,[],浙江省,diner,杭州市,201,[],狂野牛牛·岩烤牛排西餐厅(亚奥万象天地店),"120.248086,30.256000",[],[],[],,,TRUE,TRUE,FALSE,FALSE,餐饮服务;外国餐厅;西餐厅(综合风味),餐饮服务,外国餐厅,[]
[],[],西餐,[],[],餐饮服务;中餐厅;中餐厅,[],[],050100,0,[],富阳区,[],17758006422,B0LRV7KMM6,江滨西大道88-30号106店铺,[],浙江省,diner,杭州市,[],料理,Moss苔藓·创意融合料理,"119.944845,30.035198",[],[],[],,,TRUE,TRUE,FALSE,FALSE,餐饮服务;中餐厅;中餐厅,餐饮服务,中餐厅,['料理']
B0HRVL1H8U,[],西餐,[],[],餐饮服务;外国餐厅;意式菜品餐厅,[],[],050205,0,[],西湖区,[],0571-85366651,B0KU37F244,转塘街道枫桦西路9号西投银泰城地下1层B1012,[],浙江省,diner,杭州市,320,[],菲滋意式餐厅(杭州西投银泰店),"120.103554,30.147114",[],[],[],,,TRUE,TRUE,FALSE,FALSE,餐饮服务;外国餐厅;意式菜品餐厅,餐饮服务,外国餐厅,[]
[],[],西餐,[],[],餐饮服务;外国餐厅;西餐厅(综合风味),[],[],050201,0,[],拱墅区,[],19957892048,B0LU964MIZ,丰潭路与兰花街交叉口东220米,[],浙江省,diner,杭州市,[],单人餐,Muen慕恩艺术.生日.聚会餐厅,"120.103625,30.313375",[],[],[],,,TRUE,TRUE,FALSE,FALSE,餐饮服务;外国餐厅;西餐厅(综合风味),餐饮服务,外国餐厅,['单人餐']
B0JBTU36FL,[],牛排自助,[],[],餐饮服务;外国餐厅;外国餐厅,[],[],050200,0,[],萧山区,[],15381031509,B0L6GSFNNA,蜀山街道市心南路1216号4楼,[],浙江省,diner,杭州市,201,单人餐,豪过瘾牛排自助餐厅(萧山开元广场店),"120.266851,30.135420",[],[],[],,,TRUE,TRUE,FALSE,FALSE,餐饮服务;外国餐厅;外国餐厅,餐饮服务,外国餐厅,['单人餐']
B0G23RCFID,[],西餐,[],[],餐饮服务;外国餐厅;意式菜品餐厅,[],[],050205,0,[],滨江区,[],0571-87736715,B0K6S56ORG,浦沿街道滨文路和西浦路交叉口的开元广场L1层115、116室,[],浙江省,diner,杭州市,202,[],菲滋意式餐厅(杭州滨江开元广场店),"120.135730,30.168735",[],[],[],,,TRUE,TRUE,FALSE,FALSE,餐饮服务;外国餐厅;意式菜品餐厅,餐饮服务,外国餐厅,[]
B0FFF3Z0H7,[],西餐,[],[],餐饮服务;外国餐厅;西餐厅(综合风味),[],[],050201,0,[],钱塘区,[],19357390231,B0LB1R45CS,金沙大道560号龙湖金沙天街01-1F-59,[],浙江省,diner,杭州市,201,[],gege blue青田西餐大师(龙湖杭州金沙天街店),"120.327431,30.309828",[],[],[],,,TRUE,TRUE,FALSE,FALSE,餐饮服务;外国餐厅;西餐厅(综合风味),餐饮服务,外国餐厅,[]
B0FFH352AP,[],西餐,[],[],餐饮服务;外国餐厅;意式菜品餐厅,[],[],050205,0,[],余杭区,[],0571-88777576,B0FFL681D1,城东路与文一西路东北交叉口4F,[],浙江省,diner,杭州市,202,"BBQ如意鸡翅,鲜柠檬红茶,魔力黑椒牛排,芝士条,冰橘爱玉,经典意式肉酱面,精选小吃三拼,菲滋特色牛排,双虾菠萝比萨,芝士,意面,牛排,牛肉,薯条,鸡肉",菲滋意式餐厅(余杭万达店),"119.955115,30.269620",[],[],[],,,TRUE,TRUE,FALSE,FALSE,餐饮服务;外国餐厅;意式菜品餐厅,餐饮服务,外国餐厅,"['BBQ如意鸡翅', '鲜柠檬红茶', '魔力黑椒牛排', '芝士条', '冰橘爱玉', '经典意式肉酱面', '精选小吃三拼', '菲滋特色牛排', '双虾菠萝比萨', '芝士', '意面', '牛排', '牛肉', '薯条', '鸡肉']"
B0FFFELQLA,[],西餐,[],[],餐饮服务;外国餐厅;西餐厅(综合风味),[],[],050201,0,[],上城区,[],[],B0K117EQC8,延安路258号杭州湖滨银泰in77C区C2区B1层,[],浙江省,diner,杭州市,202,"黑胡椒牛肉意大利面,泡菜肥牛汤锅配米饭,番茄肉酱香草鸡扒意大利面,黑胡椒牛排菌菇炒饭,葱烧肥牛饭",PENNERIA畔尼西餐(杭州湖滨in77C2区店),"120.164725,30.252375",[],[],[],,,TRUE,TRUE,FALSE,FALSE,餐饮服务;外国餐厅;西餐厅(综合风味),餐饮服务,外国餐厅,"['黑胡椒牛肉意大利面', '泡菜肥牛汤锅配米饭', '番茄肉酱香草鸡扒意大利面', '黑胡椒牛排菌菇炒饭', '葱烧肥牛饭']"
[],[],西餐,[],[],餐饮服务;餐饮相关场所;餐饮相关,[],[],050000,0,[],临平区,[],18106569638,B0K2SC6YIL,临平银泰inPARKD区L2层DL2202室,[],浙江省,diner,杭州市,[],双人餐,叁念SANNIAN西餐厅(杭州临平inPARK店),"120.295413,30.391291",[],[],[],,,TRUE,TRUE,FALSE,FALSE,餐饮服务;餐饮相关场所;餐饮相关,餐饮服务,餐饮相关场所,['双人餐']
B0HRVL1H8U,[],烤肉,[],[],餐饮服务;中餐厅;中餐厅,[],[],050100,0,[],西湖区,[],19700723307,B0L6AL0D6L,转塘街道枫桦西路9号杭州西投银泰城F4层,[],浙江省,diner,杭州市,320,五花肉,古鲁特烤肉自助餐厅(西投银泰城店),"120.103954,30.147525",[],[],[],,,TRUE,TRUE,FALSE,FALSE,餐饮服务;中餐厅;中餐厅,餐饮服务,中餐厅,['五花肉']
B0G10CG0G6,[],西餐,[],[],餐饮服务;外国餐厅;意式菜品餐厅,[],[],050205,0,[],滨江区,[],18268055006,B0FFFAKA93,东信大道与六和路交叉口(君景庭小区)7号楼一楼430-5、6号商铺,[],浙江省,diner,杭州市,202,"蒜香意面,奶油布丁,生牛肉片,玛格丽特披萨,意面,披萨,提拉米苏,沙拉",Angelo's意大利西餐厅(滨江店),"120.141588,30.175185",[],[],[],,,TRUE,TRUE,FALSE,FALSE,餐饮服务;外国餐厅;意式菜品餐厅,餐饮服务,外国餐厅,"['蒜香意面', '奶油布丁', '生牛肉片', '玛格丽特披萨', '意面', '披萨', '提拉米苏', '沙拉']"
B0LRJCHVNB,[],西餐,[],[],餐饮服务;外国餐厅;外国餐厅,[],[],050200,0,[],临平区,[],15906623096,B0L0HBP42L,南苑街道汀兰街233号1幢C区L2层L2018室,[],浙江省,diner,杭州市,202,[],喜佑西餐厅(杭州临平inPARK店),"120.295347,30.390482",[],[],[],,,TRUE,TRUE,FALSE,FALSE,餐饮服务;外国餐厅;外国餐厅,餐饮服务,外国餐厅,[]
[],[],西餐,[],[],餐饮服务;外国餐厅;西餐厅(综合风味),[],[],050201,0,[],萧山区,[],0571-82710053,B0L3MULNRI,临浦镇峙山北路113-115号(肯德基隔壁),[],浙江省,diner,杭州市,[],[],菲滋意式餐厅(萧山临浦店),"120.247516,30.040233",[],[],[],,,TRUE,TRUE,FALSE,FALSE,餐饮服务;外国餐厅;西餐厅(综合风味),餐饮服务,外国餐厅,[]
[],[],西餐自助,[],[],餐饮服务;中餐厅;中餐厅,[],[],050100,0,[],淳安县,[],0571-56026666,B0I1LLNND7,千岛湖镇梦姑路8号,[],浙江省,diner,杭州市,[],[],千岛湖明豪国际度假酒店·日月西餐厅,"119.028975,29.600875",[],[],[],,,TRUE,TRUE,FALSE,FALSE,餐饮服务;中餐厅;中餐厅,餐饮服务,中餐厅,[]
[],[],中餐,[],[],餐饮服务;中餐厅;海鲜酒楼,[],[],050119,0,[],西湖区,[],0571-88850007;18957157501,B023B1DRG3,玉古路178号(黄龙体育中心西门),[],浙江省,diner,杭州市,[],"蛏子,辣炒花蛤,椒盐虾菇,干炒粉丝,生蚝,倒笃蒸膏蟹,葱姜炒蛏子,香辣小龙虾,扎啤,香螺,梭子蟹,鲍鱼,扎虾,葱姜花蛤,墨鱼蛋蒸蛋,海鲜大排档,大排档,年糕",黄龙海鲜大排档(杭州总店),"120.131407,30.269103",[],[],[],,,TRUE,TRUE,FALSE,FALSE,餐饮服务;中餐厅;海鲜酒楼,餐饮服务,中餐厅,"['蛏子', '辣炒花蛤', '椒盐虾菇', '干炒粉丝', '生蚝', '倒笃蒸膏蟹', '葱姜炒蛏子', '香辣小龙虾', '扎啤', '香螺', '梭子蟹', '鲍鱼', '扎虾', '葱姜花蛤', '墨鱼蛋蒸蛋', '海鲜大排档', '大排档', '年糕']"
B0FFJ62XXT,[],自助餐,[],[],餐饮服务;中餐厅;中餐厅,[],[],050100,0,[],萧山区,[],0571-85080333,B0KDDOCXJP,飞虹路1408号印力汇德隆杭州奥体印象城4F层,[],浙江省,diner,杭州市,202,"烤肉,牛肉,自助餐,羊肉",東盛炭烤自助料理(奥体印象城店),"120.251925,30.223695",[],[],[],,,TRUE,TRUE,FALSE,FALSE,餐饮服务;中餐厅;中餐厅,餐饮服务,中餐厅,"['烤肉', '牛肉', '自助餐', '羊肉']"
B023B09LKR,[],江浙菜,[],[],餐饮服务;中餐厅;海鲜酒楼,[],[],050119,0,[],西湖区,[],19012738697,B0M605MJ38,"西湖街道南山路15号(湖景餐厅,距西湖10米,雷峰塔10米)",[],浙江省,diner,杭州市,302,双人餐,李百蟹·园林湖景蟹黄面(雷峰塔店),"120.147785,30.230231",[],[],[],,,TRUE,TRUE,FALSE,FALSE,餐饮服务;中餐厅;海鲜酒楼,餐饮服务,中餐厅,['双人餐']
B0K62A5UAJ,[],自助餐,[],[],餐饮服务;中餐厅;中餐厅,[],[],050100,0,[],临平区,[],13357180991,B0L0ZAEMWA,崇贤街道崇杭街777号杭州城北花园城L5023商铺,[],浙江省,diner,杭州市,202,"Q弹黑虎虾,干式熟成梅花肉,安格斯上脑,三文鱼,干式熟成鸭胸肉,鲜切牛肉,干式熟成五花肉,干式熟成鸡腿肉,烤鳗鱼,北京烤鸭,自助餐",東盛炭烤自助料理(临平招商花园城店),"120.159578,30.381591",[],[],[],,,TRUE,TRUE,FALSE,FALSE,餐饮服务;中餐厅;中餐厅,餐饮服务,中餐厅,"['Q弹黑虎虾', '干式熟成梅花肉', '安格斯上脑', '三文鱼', '干式熟成鸭胸肉', '鲜切牛肉', '干式熟成五花肉', '干式熟成鸡腿肉', '烤鳗鱼', '北京烤鸭', '自助餐']"
B0FFIPHA2B,[],小龙虾,[],[],餐饮服务;中餐厅;海鲜酒楼,[],[],050119,0,[],拱墅区,[],17328873378;17585250676,B0HAR712G8,武林广场11号B1层B152、B153、B154号,[],浙江省,diner,杭州市,202,"龙虾,双人餐,小龙虾",靓靓蒸虾·鲜鱼杂王·鲜货烧烤(武林广场店),"120.163704,30.271142",[],[],[],,,TRUE,TRUE,FALSE,FALSE,餐饮服务;中餐厅;海鲜酒楼,餐饮服务,中餐厅,"['龙虾', '双人餐', '小龙虾']"
B0FFFH9IRJ,[],面馆,[],[],餐饮服务;中餐厅;海鲜酒楼,[],[],050119,0,[],西湖区,[],19032580121,B0MA3UZO2S,北山街2号、3号,[],浙江省,diner,杭州市,302,双人餐,李百蟹·湖景蟹黄面·望湖楼(西湖断桥店),"120.153665,30.259978",[],[],[],,,TRUE,TRUE,FALSE,FALSE,餐饮服务;中餐厅;海鲜酒楼,餐饮服务,中餐厅,['双人餐']
B0FFF33YP1,[],海鲜,[],[],餐饮服务;中餐厅;中餐厅,[],[],050100,0,[],萧山区,[],13107744464,B0J0KDYM3P,富业巷21号,[],浙江省,diner,杭州市,202,"鸦片鱼头,天宝超大哒罗氏虾,特色烤羊排,特色烤全羊,化州牛杂,招牌鱼羊鲜炖羊肉炉,烧鹅,虎皮凤爪,烤乳猪,生焗六月黄螃蟹,缸子羊肉,鸡肉,双人餐,小龙虾,宵夜",三两好友深夜食堂钱江世纪城店(焗海鲜·烤乳猪·罗氏虾),"120.256295,30.231497",[],[],[],,,TRUE,TRUE,FALSE,FALSE,餐饮服务;中餐厅;中餐厅,餐饮服务,中餐厅,"['鸦片鱼头', '天宝超大哒罗氏虾', '特色烤羊排', '特色烤全羊', '化州牛杂', '招牌鱼羊鲜炖羊肉炉', '烧鹅', '虎皮凤爪', '烤乳猪', '生焗六月黄螃蟹', '缸子羊肉', '鸡肉', '双人餐', '小龙虾', '宵夜']"
B0J26CWIYW,[],中餐,[],[],餐饮服务;中餐厅;海鲜酒楼,[],[],050119,0,[],余杭区,[],0571-85123168;18968098960,B0LRZS28QV,五常街道五常街道联创街794号未来星宸1幢(永福地铁D口),[],浙江省,diner,杭州市,202,海鲜大排档,黄龙海鲜大排档(未科店),"120.029773,30.290547",[],[],[],,,TRUE,TRUE,FALSE,FALSE,餐饮服务;中餐厅;海鲜酒楼,餐饮服务,中餐厅,['海鲜大排档']
B0FFF3BY80,[],海鲜,[],[],餐饮服务;中餐厅;海鲜酒楼,[],[],050119,0,[],拱墅区,[],0571-85166352,B023B09SQZ,中山北路百井坊巷43号,[],浙江省,diner,杭州市,320,"美味倒立蟹,海瓜子,红烧豆腐鱼,包菜粉丝,扇贝,香螺,海鲜炒粉干,米鱼头豆腐汤,萝卜丝炖虾,红烧鲳鱼,膏蟹,豆腐鱼滚豆腐,椒盐濑尿虾,海鲜炒粉丝,红烧杂鱼,蟹黄,豆腐,小炒黄牛肉,年糕,拌饭,海鲜盛宴,素菜,螃蟹,工作餐,海肠捞饭",小厨师(百井坊店),"120.167083,30.266688",[],[],[],,,TRUE,TRUE,FALSE,FALSE,餐饮服务;中餐厅;海鲜酒楼,餐饮服务,中餐厅,"['美味倒立蟹', '海瓜子', '红烧豆腐鱼', '包菜粉丝', '扇贝', '香螺', '海鲜炒粉干', '米鱼头豆腐汤', '萝卜丝炖虾', '红烧鲳鱼', '膏蟹', '豆腐鱼滚豆腐', '椒盐濑尿虾', '海鲜炒粉丝', '红烧杂鱼', '蟹黄', '豆腐', '小炒黄牛肉', '年糕', '拌饭', '海鲜盛宴', '素菜', '螃蟹', '工作餐', '海肠捞饭']"
B0FFMFDAWR,[],烤肉,[],[],餐饮服务;中餐厅;中餐厅,[],[],050100,0,[],西湖区,[],15088700797,B0JUBCEDKY,紫金生活广场院内4幢一楼,[],浙江省,diner,杭州市,202,"干煸小龙虾（杭州首创）,超级毛血旺烤鱼,馆长脆皮烤鸡,铁板甜辣鸭头,花生毛豆,十三香小龙虾,碳烤大肉鸡爪,蒜拍黄瓜,特色大油边,招牌手工羊肉串,花雕冰镇精品两虾,清蒸精品大虾,清蒸精品两虾,麻辣羊蝎子锅,温州腊鸭肠,蒜香小龙虾,香辣小龙虾,花雕冰镇精品大虾,双人餐,龙虾,炒螺蛳,干煸六月黄大闸蟹,酱爆螺蛳,烤鱼,宵夜,小龙虾",李馆长深夜食堂(西湖店),"120.071002,30.340420",[],[],[],,,TRUE,TRUE,FALSE,FALSE,餐饮服务;中餐厅;中餐厅,餐饮服务,中餐厅,"['干煸小龙虾（杭州首创）', '超级毛血旺烤鱼', '馆长脆皮烤鸡', '铁板甜辣鸭头', '花生毛豆', '十三香小龙虾', '碳烤大肉鸡爪', '蒜拍黄瓜', '特色大油边', '招牌手工羊肉串', '花雕冰镇精品两虾', '清蒸精品大虾', '清蒸精品两虾', '麻辣羊蝎子锅', '温州腊鸭肠', '蒜香小龙虾', '香辣小龙虾', '花雕冰镇精品大虾', '双人餐', '龙虾', '炒螺蛳', '干煸六月黄大闸蟹', '酱爆螺蛳', '烤鱼', '宵夜', '小龙虾']"
B0IRD5O3VS,[],中餐,[],[],餐饮服务;中餐厅;中餐厅,[],[],050100,0,[],滨江区,[],0571-88057168;18968098879,B0J1B5R0EY,浙商发展大厦A座1-2楼(长河地铁站G口),[],浙江省,diner,杭州市,202,"大排档,宵夜,年糕,海鲜大排档,素菜,鱿鱼,牛肉,生蚝,皮皮虾",黄龙海鲜大排档(滨江店),"120.195724,30.196900",[],[],[],,,TRUE,TRUE,FALSE,FALSE,餐饮服务;中餐厅;中餐厅,餐饮服务,中餐厅,"['大排档', '宵夜', '年糕', '海鲜大排档', '素菜', '鱿鱼', '牛肉', '生蚝', '皮皮虾']"
B023B08WT0,[],海鲜,[],[],餐饮服务;中餐厅;海鲜酒楼,[],[],050119,0,[],上城区,[],0571-85379177;13355781099;13600670609,B0J17NCRR3,凤起东路358号顺福路和交叉口B座裙楼一层107二层2-42-5,[],浙江省,diner,杭州市,202,"海螺,三品组合,豆腐鱼,八爪鱼,蚝仔烙,双层肥牛,膏鱿,三文鱼刺身,天鹅蛋,目鱼仔,腊味煲仔饭,六头鲍,牛上脑,澳带,海鲜馄饨,三文鱼,双人餐",德悦悦品海鲜姿造(凤起东路店),"120.208436,30.263315",[],[],[],,,TRUE,TRUE,FALSE,FALSE,餐饮服务;中餐厅;海鲜酒楼,餐饮服务,中餐厅,"['海螺', '三品组合', '豆腐鱼', '八爪鱼', '蚝仔烙', '双层肥牛', '膏鱿', '三文鱼刺身', '天鹅蛋', '目鱼仔', '腊味煲仔饭', '六头鲍', '牛上脑', '澳带', '海鲜馄饨', '三文鱼', '双人餐']"
[],[],海鲜,[],[],餐饮服务;中餐厅;海鲜酒楼,[],[],050119,0,[],萧山区,[],0571-86758083;18267181410,B0JUFHGOQ2,盈丰街道鸿宁路2297号山水时代大厦裙楼3楼,[],浙江省,diner,杭州市,[],"青雪菜海花绿豆面,目鱼东坡肉,鲍汁香米扣鲍鱼,避风塘大虾菇,倒立蟹,黑松露三丝象拔蚌,黄椒酱蒸带鱼,龙胆佛跳墙,深海大黄鱼打边炉,辣味活皮虾,盐煨山沟土鸡煲,单人餐,大排档,海肠捞饭,牛肉",東小鲜.舟山小海鲜(钱江世纪城店),"120.248242,30.240553",[],[],[],,,TRUE,TRUE,FALSE,FALSE,餐饮服务;中餐厅;海鲜酒楼,餐饮服务,中餐厅,"['青雪菜海花绿豆面', '目鱼东坡肉', '鲍汁香米扣鲍鱼', '避风塘大虾菇', '倒立蟹', '黑松露三丝象拔蚌', '黄椒酱蒸带鱼', '龙胆佛跳墙', '深海大黄鱼打边炉', '辣味活皮虾', '盐煨山沟土鸡煲', '单人餐', '大排档', '海肠捞饭', '牛肉']"
B023B072AG,[],海鲜,[],[],餐饮服务;中餐厅;海鲜酒楼,[],[],050119,0,[],西湖区,[],0571-64215668;0571-85263377,B0J2ZUBF2Q,玉古路173号(近农业银行),[],浙江省,diner,杭州市,202,"深水虾,老虎斑,牛气冲天,长脚蟹,极品雪花肥牛,象拔蚌,六头鲍,东星斑,帝王蟹,活海参,杨枝甘露,炒饭,牛肉,生蚝",东海渔宫·海鲜姿造(杭州首店),"120.129486,30.268989",[],[],[],,,TRUE,TRUE,FALSE,FALSE,餐饮服务;中餐厅;海鲜酒楼,餐饮服务,中餐厅,"['深水虾', '老虎斑', '牛气冲天', '长脚蟹', '极品雪花肥牛', '象拔蚌', '六头鲍', '东星斑', '帝王蟹', '活海参', '杨枝甘露', '炒饭', '牛肉', '生蚝']"
B023B14QHX,[],海鲜餐厅,[],[],餐饮服务;中餐厅;海鲜酒楼,[],[],050119,0,[],西湖区,[],0571-86521777;0571-86580777,B023B17023,莲花街333号世纪联华4楼(古墩路口),[],浙江省,diner,杭州市,202,"奶油帝王蟹,大蛏子,香螺,小米糕,小青龙,膏蟹,美味带鱼,姜葱梭子蟹,鲥鱼,龙游发糕,时蔬色拉,赤贝,蒜香排骨,龙虾,榴莲酥,双人餐",藏鲜工坊(莲花店),"120.099492,30.270019",[],[],[],,,TRUE,TRUE,FALSE,FALSE,餐饮服务;中餐厅;海鲜酒楼,餐饮服务,中餐厅,"['奶油帝王蟹', '大蛏子', '香螺', '小米糕', '小青龙', '膏蟹', '美味带鱼', '姜葱梭子蟹', '鲥鱼', '龙游发糕', '时蔬色拉', '赤贝', '蒜香排骨', '龙虾', '榴莲酥', '双人餐']"
B023B14FX7,[],中餐,[],[],餐饮服务;中餐厅;海鲜酒楼,[],[],050119,0,[],西湖区,[],0571-87567168;13346199929,B0IRPD40HV,三墩镇新天地商业中心1214幢一层,[],浙江省,diner,杭州市,202,"广式老虎斑,海鲜毛血旺,盐水黄香螺,三鲜煲,一品绝味黄鱼,黑胶铁板牛仔骨,小管烧年糕,蒜蓉粉丝蒸波龙,倒立梭子蟹,高压锅生蚝,苔菜米馒头,东海一锅鲜,鲳鱼烧年糕,油淋脆海鲜,焦香蚕豆煲,椒盐皮皮虾,海鲜炒粉干,东海三鲜,生蚝,螃蟹,大排档,年糕,海鲜大排档,皮皮虾",黄龙海鲜大排档(三墩店),"120.079540,30.332645",[],[],[],,,TRUE,TRUE,FALSE,FALSE,餐饮服务;中餐厅;海鲜酒楼,餐饮服务,中餐厅,"['广式老虎斑', '海鲜毛血旺', '盐水黄香螺', '三鲜煲', '一品绝味黄鱼', '黑胶铁板牛仔骨', '小管烧年糕', '蒜蓉粉丝蒸波龙', '倒立梭子蟹', '高压锅生蚝', '苔菜米馒头', '东海一锅鲜', '鲳鱼烧年糕', '油淋脆海鲜', '焦香蚕豆煲', '椒盐皮皮虾', '海鲜炒粉干', '东海三鲜', '生蚝', '螃蟹', '大排档', '年糕', '海鲜大排档', '皮皮虾']"
B023B0AC2Y,[],海鲜,[],[],餐饮服务;中餐厅;海鲜酒楼,[],[],050119,0,[],萧山区,[],0571-82789177;13336079077;18857229088,B0IUSA7EW4,金城路418号(金鸡路地铁站D口步行210米),[],浙江省,diner,杭州市,320,"天鹅蛋,目鱼仔,腊味煲仔饭,六头鲍,牛上脑,澳带,海鲜馄饨,深水虾,十头鲍,澳洲生蚝,膏鱿,海螺,三品组合,豆腐鱼,八爪鱼,蚝仔烙,双层肥牛,三文鱼刺身,三文鱼,小火锅,牛肉,生蚝,双人餐",德悦东海怡品海鲜姿造(萧山金城路店),"120.256306,30.180960",[],[],[],,,TRUE,TRUE,FALSE,FALSE,餐饮服务;中餐厅;海鲜酒楼,餐饮服务,中餐厅,"['天鹅蛋', '目鱼仔', '腊味煲仔饭', '六头鲍', '牛上脑', '澳带', '海鲜馄饨', '深水虾', '十头鲍', '澳洲生蚝', '膏鱿', '海螺', '三品组合', '豆腐鱼', '八爪鱼', '蚝仔烙', '双层肥牛', '三文鱼刺身', '三文鱼', '小火锅', '牛肉', '生蚝', '双人餐']"
B023B18CQ4,[],海鲜餐厅,[],[],餐饮服务;中餐厅;海鲜酒楼,[],[],050119,0,[],滨江区,[],18072858989,B0J11C35A9,长河街道江南大道1038号·免费停车·沿街店铺·生猛海鲜·现捞活杀·独立包厢·宴请首选,[],浙江省,diner,杭州市,202,双人餐,德悦悦品海鲜姿造·海鲜和牛火锅·商务宴·家宴(滨江长河店),"120.194521,30.198417",[],[],[],,,TRUE,TRUE,FALSE,FALSE,餐饮服务;中餐厅;海鲜酒楼,餐饮服务,中餐厅,['双人餐']
B0FFK5QWQS,[],海鲜,[],[],餐饮服务;中餐厅;中餐厅,[],[],050100,0,[],余杭区,[],0571-89306688;0571-89308168,B0HASC6MX5,创景路奥克斯中心3F(创景路地铁站A2口步行260米),[],浙江省,diner,杭州市,202,"排骨,杨枝甘露,点心,牛排,牛肉",锦西湖·未来科技城店,"119.997926,30.280443",[],[],[],,,TRUE,TRUE,FALSE,FALSE,餐饮服务;中餐厅;中餐厅,餐饮服务,中餐厅,"['排骨', '杨枝甘露', '点心', '牛排', '牛肉']"
B0GRLCN0VA,[],江浙菜,[],[],餐饮服务;中餐厅;中餐厅,[],[],050100,0,[],西湖区,[],18157169898,B0JK5H3UJF,紫宣路18号君亭酒店4楼,[],浙江省,diner,杭州市,202,"果木烤鸭,松叶蟹,金华两头乌红烧肉,油条虾仁,黄贡椒蒸白条,十五年陈皮烧甲鱼,鳝丝,双人餐,烤鸭,点心,牛肉,东坡肉配酒酿馒头",東喜記·名厨浙宴(西湖店),"120.076370,30.311801",[],[],[],,,TRUE,TRUE,FALSE,FALSE,餐饮服务;中餐厅;中餐厅,餐饮服务,中餐厅,"['果木烤鸭', '松叶蟹', '金华两头乌红烧肉', '油条虾仁', '黄贡椒蒸白条', '十五年陈皮烧甲鱼', '鳝丝', '双人餐', '烤鸭', '点心', '牛肉', '东坡肉配酒酿馒头']"
B0HURP3GOZ,[],海鲜,[],[],餐饮服务;中餐厅;海鲜酒楼,[],[],050119,0,[],拱墅区,[],0571-88033153,B023B1EQ6W,上塘街道霞湾巷228号(香积寺地铁站D口步行490米),[],浙江省,diner,杭州市,324,"椒盐虾菇,小厨师东坡鸡,白灼小螺,蒜蓉粉丝蒸扇贝,美味倒立蟹,家养黄鱼烧年糕,海鲜炒粉干,葱油花蛤,扇贝,潮州卤汁煎豆腐,烤虾,大对虾,砂锅水冬荠菜,卤鸡爪,腐皮青菜,北京烤鸭,宵夜,小炒黄牛肉,湘味炒牛肉,小炒黄牛肉,酸辣粉",小厨师沈家门海鲜(胜利河店),"120.152854,30.296873",[],[],[],,,TRUE,TRUE,FALSE,FALSE,餐饮服务;中餐厅;海鲜酒楼,餐饮服务,中餐厅,"['椒盐虾菇', '小厨师东坡鸡', '白灼小螺', '蒜蓉粉丝蒸扇贝', '美味倒立蟹', '家养黄鱼烧年糕', '海鲜炒粉干', '葱油花蛤', '扇贝', '潮州卤汁煎豆腐', '烤虾', '大对虾', '砂锅水冬荠菜', '卤鸡爪', '腐皮青菜', '北京烤鸭', '宵夜', '小炒黄牛肉', '湘味炒牛肉', '小炒黄牛肉', '酸辣粉']"
B0FFF01W00,[],中餐,[],[],餐饮服务;中餐厅;海鲜酒楼,[],[],050119,0,[],萧山区,[],0571-85033168;18958065220,B0L3JHE24R,盈丰街道平澜路277号浙江商会大厦,[],浙江省,diner,杭州市,202,海鲜大排档,黄龙海鲜大排档(钱江世纪城店),"120.240706,30.238396",[],[],[],,,TRUE,TRUE,FALSE,FALSE,餐饮服务;中餐厅;海鲜酒楼,餐饮服务,中餐厅,['海鲜大排档']
B0FFG7OAGY,[],海鲜,[],[],餐饮服务;中餐厅;中餐厅,[],[],050100,0,[],余杭区,[],13777375213;18357159920,B0J2TL0CKN,西溪八方城10幢125号,[],浙江省,diner,杭州市,320,"秘制猪蹄凤爪,网红烤乳猪,羊肉串,田鸡鸭舌焗焗煲,无花果七层塔鸡煲,小龙虾,生焗六月黄螃蟹,脆皮烤鸡,新品【美蛙鱼片锅,网红火焰海螺,养生无花果鸡煲,虎皮凤爪,砂锅焗牙鸟片鱼头,花雕酒熟醉龙虾,砂锅焗皮皮虾,螃蟹,双人餐,鸡肉",三两好友深夜食堂·焗海鲜·烤乳猪·脆皮烤鸡(西溪八方城店),"120.044630,30.290674",[],[],[],,,TRUE,TRUE,FALSE,FALSE,餐饮服务;中餐厅;中餐厅,餐饮服务,中餐厅,"['秘制猪蹄凤爪', '网红烤乳猪', '羊肉串', '田鸡鸭舌焗焗煲', '无花果七层塔鸡煲', '小龙虾', '生焗六月黄螃蟹', '脆皮烤鸡', '新品【美蛙鱼片锅', '网红火焰海螺', '养生无花果鸡煲', '虎皮凤爪', '砂锅焗牙鸟片鱼头', '花雕酒熟醉龙虾', '砂锅焗皮皮虾', '螃蟹', '双人餐', '鸡肉']"
B0FFGY069T,[],海鲜,[],[],餐饮服务;中餐厅;海鲜酒楼,[],[],050119,0,[],上城区,[],18072729889,B0IUJ7KNDN,杭州大厦501城市广场西子国际A座3-4层,[],浙江省,diner,杭州市,202,"金牌凤爪,佛跳墙,帝王蟹三部曲,锦绣刺身拼,咖喱焗波士顿龙虾,五谷鲍汁关东辽参,牛肉,杨枝甘露",德悦海鲜(杭州大厦501广场店),"120.203763,30.258220",[],[],[],,,TRUE,TRUE,FALSE,FALSE,餐饮服务;中餐厅;海鲜酒楼,餐饮服务,中餐厅,"['金牌凤爪', '佛跳墙', '帝王蟹三部曲', '锦绣刺身拼', '咖喱焗波士顿龙虾', '五谷鲍汁关东辽参', '牛肉', '杨枝甘露']"
[],[],江浙菜,[],[],餐饮服务;中餐厅;中餐厅,[],[],050100,0,[],上城区,[],15158008902,B0GKJ6V278,严家路运河映巷影视文化街区336号,[],浙江省,diner,杭州市,[],"滋补羊排汤（好羊）,麻辣小龙虾,黄金汤圆,熟醉沼虾,黑蒜糖醋里脊,醉蟹,面拖小黄鱼,招牌豉油虾,泡椒牛蛙,响油鳝丝,乾炸寧波湯圓,红烧杂鱼,椒麻鸡,黄豆煮猪尾,鲍鱼生炒仔鸡,梭子蟹年糕,卤大肠,酸菜鱼,脆皮大肠,红烧肉,波士顿龙虾麻婆豆腐,黃魚年糕,宋嫂鱼羹,长街蛏子,一大份千层肚,黄鱼年糕,家常菜,牛肉,脆皮大肠,年糕,点心,私房菜,鲍鱼,鸡肉,小龙虾,特色菜",寻味江南(运河映巷街区店),"120.205778,30.274033",[],[],[],,,TRUE,TRUE,FALSE,FALSE,餐饮服务;中餐厅;中餐厅,餐饮服务,中餐厅,"['滋补羊排汤（好羊）', '麻辣小龙虾', '黄金汤圆', '熟醉沼虾', '黑蒜糖醋里脊', '醉蟹', '面拖小黄鱼', '招牌豉油虾', '泡椒牛蛙', '响油鳝丝', '乾炸寧波湯圓', '红烧杂鱼', '椒麻鸡', '黄豆煮猪尾', '鲍鱼生炒仔鸡', '梭子蟹年糕', '卤大肠', '酸菜鱼', '脆皮大肠', '红烧肉', '波士顿龙虾麻婆豆腐', '黃魚年糕', '宋嫂鱼羹', '长街蛏子', '一大份千层肚', '黄鱼年糕', '家常菜', '牛肉', '脆皮大肠', '年糕', '点心', '私房菜', '鲍鱼', '鸡肉', '小龙虾', '特色菜']"
B0FFI0VFCR,[],小龙虾,[],[],餐饮服务;中餐厅;中餐厅,[],[],050100,0,[],滨江区,[],18968068563,B0LR11UWQT,滨盛路3867号宝龙城(诚业路地铁站C口步行470米),[],浙江省,diner,杭州市,202,"小龙虾,大闸蟹,梭子蟹,海鲜大排档",赵姑娘海鲜大排档·梭子蟹·烧烤(杭州总店),"120.167352,30.189493",[],[],[],,,TRUE,TRUE,FALSE,FALSE,餐饮服务;中餐厅;中餐厅,餐饮服务,中餐厅,"['小龙虾', '大闸蟹', '梭子蟹', '海鲜大排档']"
[],[],中餐,[],[],餐饮服务;中餐厅;中餐厅,[],[],050100,0,[],拱墅区,[],0571-88399333;15715759779,B0L057TS2T,上塘街道隽逸久运金座1号楼2F-3F,[],浙江省,diner,杭州市,[],双人餐,环海渔宴·江浙菜·海鲜(沈半路店),"120.167075,30.325725",[],[],[],,,TRUE,TRUE,FALSE,FALSE,餐饮服务;中餐厅;中餐厅,餐饮服务,中餐厅,['双人餐']
B023B072DS,[],海鲜,[],[],餐饮服务;中餐厅;中餐厅,[],[],050100,0,[],滨江区,[],0571-85196063,B0FFIJ2WGZ,滨盛路1863号1层,[],浙江省,diner,杭州市,320,"招牌胡椒猪肚鸡,清凉桃胶,乔村臭豆腐,酸菜龙利鱼,招牌沃豆腐,牛肉炒饭,葱油花蛤,酱爆螺蛳,十三香龙虾,手撕羊排,海鲜面,鱼头豆腐煲,酱爆茄子,酸汤肥牛,凉拌木耳,小龙虾,鸡肉,羊肉,生蚝,桂花糕,桂花米糕",乔街深夜食堂(杭州总店),"120.203281,30.206993",[],[],[],,,TRUE,TRUE,FALSE,FALSE,餐饮服务;中餐厅;中餐厅,餐饮服务,中餐厅,"['招牌胡椒猪肚鸡', '清凉桃胶', '乔村臭豆腐', '酸菜龙利鱼', '招牌沃豆腐', '牛肉炒饭', '葱油花蛤', '酱爆螺蛳', '十三香龙虾', '手撕羊排', '海鲜面', '鱼头豆腐煲', '酱爆茄子', '酸汤肥牛', '凉拌木耳', '小龙虾', '鸡肉', '羊肉', '生蚝', '桂花糕', '桂花米糕']"
[],[],海鲜,[],[],餐饮服务;中餐厅;海鲜酒楼,[],[],050119,0,[],临平区,[],0571-89285777;15605712097,B0FFJKBZ0Z,南苑街道人民大道393号1幢101,[],浙江省,diner,杭州市,[],"双层肥牛,相间肥牛,石斑鱼,麻婆豆腐波斯龙,六头鲍,沸腾老虎斑,山笋火腿老鸭煲,堂涮雪花牛肉,远年花雕蒸长脚蟹,深水虾,老虎斑,红毛蟹,石斛海底椰炖唐排,家常菜,麻婆豆腐",德悦家宴(临平店),"120.299373,30.409682",[],[],[],,,TRUE,TRUE,FALSE,FALSE,餐饮服务;中餐厅;海鲜酒楼,餐饮服务,中餐厅,"['双层肥牛', '相间肥牛', '石斑鱼', '麻婆豆腐波斯龙', '六头鲍', '沸腾老虎斑', '山笋火腿老鸭煲', '堂涮雪花牛肉', '远年花雕蒸长脚蟹', '深水虾', '老虎斑', '红毛蟹', '石斛海底椰炖唐排', '家常菜', '麻婆豆腐']"
[],[],面馆,[],[],餐饮服务;餐饮相关场所;餐饮相关,[],[],050000,0,[],上城区,[],13758256601,B0K3NUQ5HW,如家精选酒店东门旁(龙翔桥地铁站C口步行200米),[],浙江省,diner,杭州市,[],"单人餐,双人餐",蟹满皇·蟹黄面(西湖湖滨店),"120.163988,30.252453",[],[],[],,,TRUE,TRUE,FALSE,FALSE,餐饮服务;餐饮相关场所;餐饮相关,餐饮服务,餐饮相关场所,"['单人餐', '双人餐']"
B0FFLBY62U,[],江浙菜,[],[],餐饮服务;中餐厅;中餐厅,[],[],050100,0,[],西湖区,[],0571-86793777;0571-87777878;13958138989,B0FFLCKNQI,三墩镇厚仁路158号厚韵大厦3-4层,[],浙江省,diner,杭州市,202,"刺身,帝王蟹,汤面,烤乳鸽,蟹肉,麻婆豆腐,烤鸡,红烧肉,螃蟹,鲍鱼",名人名家·浙菜(三墩店),"120.081353,30.326930",[],[],[],,,TRUE,TRUE,FALSE,FALSE,餐饮服务;中餐厅;中餐厅,餐饮服务,中餐厅,"['刺身', '帝王蟹', '汤面', '烤乳鸽', '蟹肉', '麻婆豆腐', '烤鸡', '红烧肉', '螃蟹', '鲍鱼']"
B0GUCH4OZ9,[],海鲜,[],[],餐饮服务;餐饮相关场所;餐饮相关,[],[],050000,0,[],滨江区,[],0571-88793736,B0H2PHOIMG,阡陌路341-343号星耀中心3幢1层(滨江银泰D座对面),[],浙江省,diner,杭州市,202,"纯正宁夏盐池滩羊系列,砂锅清炖羊汤,小炒黄牛肉,生蚝,小龙虾,鸡肉",乔街深夜食堂(滨江银泰店),"120.223075,30.201137",[],[],[],,,TRUE,TRUE,FALSE,FALSE,餐饮服务;餐饮相关场所;餐饮相关,餐饮服务,餐饮相关场所,"['纯正宁夏盐池滩羊系列', '砂锅清炖羊汤', '小炒黄牛肉', '生蚝', '小龙虾', '鸡肉']"
[],[],江浙菜,[],[],餐饮服务;中餐厅;中餐厅,[],[],050100,0,[],余杭区,[],0571-88079977,B0JBBR3GZ3,闲林中路291号16幢,[],浙江省,diner,杭州市,[],"双人餐,豆腐",唐院宋潮·江鲜宴,"119.988300,30.225699",[],[],[],,,TRUE,TRUE,FALSE,FALSE,餐饮服务;中餐厅;中餐厅,餐饮服务,中餐厅,"['双人餐', '豆腐']"
B0FFHSMO63,[],海鲜,[],[],餐饮服务;中餐厅;海鲜酒楼,[],[],050119,0,[],上城区,[],18069815410,B0HG291XJP,高德置地广场四层402商铺(市民中心地铁站出入口旁),[],浙江省,diner,杭州市,202,"帝王蟹三部曲,锦绣刺身拼,咖喱焗波士顿龙虾,葱烧海参,白切湛江鸡,五谷鲍汁关东辽参,养生菌皇功夫汤,金牌凤爪,明炉雪花牛肉,肉饼蒸青膏蟹,德悦生煎包,五谷金汤鲜茄烩大连鲍,明炉堂涮阿拉斯加帝王蟹,老北京酥肉,龙虾汤泡饭,沙蒜绿豆面,佛跳墙,风范汁焗小青龙,砂锅焗南瓜,啫啫蚝仔烙,小炒黄牛肉,帝王蟹,点心,生煎包,生蚝,肠粉,虾仁,三文鱼,大虾,杨枝甘露,蛋挞,螃蟹,蟹肉,鲍鱼,鸡爪",德悦海鲜(钱江新城店),"120.208646,30.243565",[],[],[],,,TRUE,TRUE,FALSE,FALSE,餐饮服务;中餐厅;海鲜酒楼,餐饮服务,中餐厅,"['帝王蟹三部曲', '锦绣刺身拼', '咖喱焗波士顿龙虾', '葱烧海参', '白切湛江鸡', '五谷鲍汁关东辽参', '养生菌皇功夫汤', '金牌凤爪', '明炉雪花牛肉', '肉饼蒸青膏蟹', '德悦生煎包', '五谷金汤鲜茄烩大连鲍', '明炉堂涮阿拉斯加帝王蟹', '老北京酥肉', '龙虾汤泡饭', '沙蒜绿豆面', '佛跳墙', '风范汁焗小青龙', '砂锅焗南瓜', '啫啫蚝仔烙', '小炒黄牛肉', '帝王蟹', '点心', '生煎包', '生蚝', '肠粉', '虾仁', '三文鱼', '大虾', '杨枝甘露', '蛋挞', '螃蟹', '蟹肉', '鲍鱼', '鸡爪']"
[],[],江浙菜,[],[],餐饮服务;中餐厅;中餐厅,[],[],050100,0,[],临平区,[],15868819981,B0HGGSW0TK,星桥街道天都大道67-13号,[],浙江省,diner,杭州市,[],"小酥肉,水煮肉片,烤鸭,筒骨老鸭煲,东坡肉,北京烤鸭,红烧肉,酸菜鱼,杭三鲜",江南宴宴会中心,"120.257474,30.387252",[],[],[],,,TRUE,TRUE,FALSE,FALSE,餐饮服务;中餐厅;中餐厅,餐饮服务,中餐厅,"['小酥肉', '水煮肉片', '烤鸭', '筒骨老鸭煲', '东坡肉', '北京烤鸭', '红烧肉', '酸菜鱼', '杭三鲜']"
B0FFHOW1D2,[],海鲜,[],[],餐饮服务;中餐厅;海鲜酒楼,[],[],050119,0,[],余杭区,[],0571-86687117,B0IGOUIQGS,五常大道联胜路6号天虹购物中心杭州西溪店1F门入口(肯德基旁),[],浙江省,diner,杭州市,201,"大黄鱼烧豆面,红米鲜虾脆皮肠粉,熟醉沼虾,至尊青龙汇,挪威三文鱼,特级红膏呛蟹,黑松露瑶柱QQ饭,生涮雪花牛肉,鲍鱼海肠捞饭,高压锅生蚝,海肠捞饭,螃蟹,生蚝,蟹肉,鲍鱼,龙虾",环球渔市,"120.029774,30.244326",[],[],[],,,TRUE,TRUE,FALSE,FALSE,餐饮服务;中餐厅;海鲜酒楼,餐饮服务,中餐厅,"['大黄鱼烧豆面', '红米鲜虾脆皮肠粉', '熟醉沼虾', '至尊青龙汇', '挪威三文鱼', '特级红膏呛蟹', '黑松露瑶柱QQ饭', '生涮雪花牛肉', '鲍鱼海肠捞饭', '高压锅生蚝', '海肠捞饭', '螃蟹', '生蚝', '蟹肉', '鲍鱼', '龙虾']"
B0FFMEKR2Y,[],自助餐,[],[],餐饮服务;中餐厅;海鲜酒楼,[],[],050119,0,[],萧山区,[],0571-82753939,B0H391UB1R,新塘街道通惠南路667号5层517M-518M号,[],浙江省,diner,杭州市,202,"欢迎新老顾客进店体验,小龙虾,烤肉,牛肉,生蚝,自助餐,螃蟹",山海盟海鲜烤肉自助餐厅(萧山银泰店),"120.285953,30.143766",[],[],[],,,TRUE,TRUE,FALSE,FALSE,餐饮服务;中餐厅;海鲜酒楼,餐饮服务,中餐厅,"['欢迎新老顾客进店体验', '小龙虾', '烤肉', '牛肉', '生蚝', '自助餐', '螃蟹']"
[],[],海鲜,[],[],餐饮服务;餐饮相关场所;餐饮相关,[],[],050000,0,[],拱墅区,[],0571-86806337,B0I1UC06J3,凤起路539-3号(凤起路地铁站E口步行310米),[],浙江省,diner,杭州市,[],"生蚝,羊肉,鸡肉,宵夜,牛肉,小龙虾,桂花糕,桂花米糕",乔街深夜食堂(凤起路店),"120.159470,30.263088",[],[],[],,,TRUE,TRUE,FALSE,FALSE,餐饮服务;餐饮相关场所;餐饮相关,餐饮服务,餐饮相关场所,"['生蚝', '羊肉', '鸡肉', '宵夜', '牛肉', '小龙虾', '桂花糕', '桂花米糕']"
B0FFKGB43V,[],水产海鲜,[],[],餐饮服务;中餐厅;海鲜酒楼,[],[],050119,0,[],西湖区,[],0571-88189279,B0H6YZ9BG3,西溪路588号美帆广场2层,[],浙江省,diner,杭州市,202,"豆豉辣炒梭子蟹年糕,深海有机大黄鱼,石斛小炒肉,鲍鱼红烧肉,红烧红虾,古法鲜桂花黄鱼汤,啫啫荔浦香芋煲,蝤蠓,低温煮美国牛肋骨,沙蒜豆面,家烧三鲜,满鲜鸡汁大黄鱼,家常菜,特色菜,生蚝,小海鲜,小炒肉,油条,牛肉,特色小吃,蟹肉,蟹黄,大闸蟹,年糕,豆腐,面食",铁定鲜乐清湾小海鲜,"120.103088,30.262607",[],[],[],,,TRUE,TRUE,FALSE,FALSE,餐饮服务;中餐厅;海鲜酒楼,餐饮服务,中餐厅,"['豆豉辣炒梭子蟹年糕', '深海有机大黄鱼', '石斛小炒肉', '鲍鱼红烧肉', '红烧红虾', '古法鲜桂花黄鱼汤', '啫啫荔浦香芋煲', '蝤蠓', '低温煮美国牛肋骨', '沙蒜豆面', '家烧三鲜', '满鲜鸡汁大黄鱼', '家常菜', '特色菜', '生蚝', '小海鲜', '小炒肉', '油条', '牛肉', '特色小吃', '蟹肉', '蟹黄', '大闸蟹', '年糕', '豆腐', '面食']"
B0FFJOKZ7N,[],海鲜,[],[],餐饮服务;中餐厅;海鲜酒楼,[],[],050119,0,[],西湖区,[],0571-85269177;18768226604,B0JDTZW4KA,文一西路益展商务大厦2楼208室,[],浙江省,diner,杭州市,202,"十头鲍,膏鱿,海螺,三品组合,豆腐鱼,八爪鱼,蚝仔烙,双层肥牛,三文鱼刺身,天鹅蛋,目鱼仔,腊味煲仔饭,六头鲍,牛上脑,澳带,海鲜馄饨,深水虾,刺身,煎包,鲍鱼,三文鱼,帝王蟹,料理,海鲜市场,肥牛,小火锅,小酥肉,特色菜,现捞",德悦悦品海鲜姿造(文一路),"120.117046,30.286779",[],[],[],,,TRUE,TRUE,FALSE,FALSE,餐饮服务;中餐厅;海鲜酒楼,餐饮服务,中餐厅,"['十头鲍', '膏鱿', '海螺', '三品组合', '豆腐鱼', '八爪鱼', '蚝仔烙', '双层肥牛', '三文鱼刺身', '天鹅蛋', '目鱼仔', '腊味煲仔饭', '六头鲍', '牛上脑', '澳带', '海鲜馄饨', '深水虾', '刺身', '煎包', '鲍鱼', '三文鱼', '帝王蟹', '料理', '海鲜市场', '肥牛', '小火锅', '小酥肉', '特色菜', '现捞']"
B0FFKB3OM8,[],海鲜,[],[],餐饮服务;中餐厅;海鲜酒楼,[],[],050119,1,[],余杭区,[],18968091720;19941475808,B0FFJCA27R,西溪堂2幢绿汀路21-14-15室,[],浙江省,diner,杭州市,202,"双人餐,小炒黄牛肉",渔歌和宴.原烹平价海鲜餐厅(西溪堂店),"119.991869,30.276781",[],[],[],,,TRUE,TRUE,FALSE,FALSE,餐饮服务;中餐厅;海鲜酒楼,餐饮服务,中餐厅,"['双人餐', '小炒黄牛肉']"
B0FFF0EW76,[],海鲜,[],[],餐饮服务;中餐厅;火锅店|餐饮服务;中餐厅;海鲜酒楼,[],[],050117|050119,0,[],萧山区,[],0571-83707788;0571-83707799,B0H39RV3R7,宁围街道明华国际中心,[],浙江省,diner,杭州市,202,"黄金雪蟹,葱油饼鹅肝,云南爆浆豆腐,五头鲍,糖醋松板肉,观炉大油条,澳龙,皇帝蟹,虾菇王,基围虾,帝王蟹姿造,菌菇,澳洲龙虾姿造,手切牛肉粒,鲜活黄金马粪海胆,红毛蟹姿造,帝王蟹,雪蟹,和牛煎包,南海东星斑,豪华刺身拼盘,炝拌大海螺,极品和牛,东星斑姿造,私房小鲍鱼,环球贝类拼盘,老虎斑姿造,观炉,云南菌菇拼盘,大蓝龙,东星斑,刺身,双人餐,牛肉",观炉·海鲜姿造·大事之选,"120.252689,30.230537",[],[],[],,,TRUE,TRUE,FALSE,FALSE,餐饮服务;中餐厅;火锅店,餐饮服务,中餐厅,"['黄金雪蟹', '葱油饼鹅肝', '云南爆浆豆腐', '五头鲍', '糖醋松板肉', '观炉大油条', '澳龙', '皇帝蟹', '虾菇王', '基围虾', '帝王蟹姿造', '菌菇', '澳洲龙虾姿造', '手切牛肉粒', '鲜活黄金马粪海胆', '红毛蟹姿造', '帝王蟹', '雪蟹', '和牛煎包', '南海东星斑', '豪华刺身拼盘', '炝拌大海螺', '极品和牛', '东星斑姿造', '私房小鲍鱼', '环球贝类拼盘', '老虎斑姿造', '观炉', '云南菌菇拼盘', '大蓝龙', '东星斑', '刺身', '双人餐', '牛肉']"
[],[],中餐,[],[],餐饮服务;中餐厅;中餐厅,[],[],050100,0,[],上城区,[],0571-85286767,B0L6XS0A4B,平海路27号-2(龙翔桥地铁站D口步行350米),[],浙江省,diner,杭州市,[],"椒盐水潺,台州香肠,温州鸭舌,酒香红烧肉,京葱烧章鱼,蒜蓉粉丝蒸生蚝(个),姜汁炖蛋,鲳鱼烧年糕,醉白虾,沙蒜豆面,口味螺丝,腌茭白,小海鲜,小炒黄牛肉",小家居·台州小馆(杭州首店),"120.168137,30.253975",[],[],[],,,TRUE,TRUE,FALSE,FALSE,餐饮服务;中餐厅;中餐厅,餐饮服务,中餐厅,"['椒盐水潺', '台州香肠', '温州鸭舌', '酒香红烧肉', '京葱烧章鱼', '蒜蓉粉丝蒸生蚝(个)', '姜汁炖蛋', '鲳鱼烧年糕', '醉白虾', '沙蒜豆面', '口味螺丝', '腌茭白', '小海鲜', '小炒黄牛肉']"
B0FFMALTSU,[],海鲜,[],[],餐饮服务;中餐厅;海鲜酒楼,[],[],050119,0,[],拱墅区,[],13738120402,B0H047A1AG,吉如路88号4号楼一楼98-2,[],浙江省,diner,杭州市,320,牛肉,上岸·鲜·辣炒小海鲜(LOFT49店),"120.128311,30.321331",[],[],[],,,TRUE,TRUE,FALSE,FALSE,餐饮服务;中餐厅;海鲜酒楼,餐饮服务,中餐厅,['牛肉']
B0FFG0ZWY3,[],海鲜,[],[],餐饮服务;中餐厅;海鲜酒楼,[],[],050119,0,[],余杭区,[],15988860056;19157675753,B0FFJOPOWX,爱橙街人才公寓南门2-1,[],浙江省,diner,杭州市,320,"生蚝,大排档,烤鸡,肥肠,鸡肉",老纪蚝宅(爱橙街店),"120.016769,30.274701",[],[],[],,,TRUE,TRUE,FALSE,FALSE,餐饮服务;中餐厅;海鲜酒楼,餐饮服务,中餐厅,"['生蚝', '大排档', '烤鸡', '肥肠', '鸡肉']"
[],[],海鲜,[],[],餐饮服务;中餐厅;海鲜酒楼|餐饮服务;中餐厅;综合酒楼,[],[],050119|050101,0,[],拱墅区,[],0571-85389177,B0FFF2T4DK,朝辉路108号,[],浙江省,diner,杭州市,[],"黄金炸带鱼（小份）,招牌江南红烧肉,蛏子烧豆面,豪华刺身拼盘,藏鲜中包,澳门脆皮乳鸽,沸腾东星斑,金牌海山骨,堂焗松叶蟹,三杯珍宝蟹,砂锅菜油焗南瓜,十八秒竹荪黄鱼羹,藏鲜舟山风带鱼,招牌江南红烧肉（小份）,藏鲜东坡鸡,咸香骨芥菜煲,藏鲜鱼头皇,糖醋排骨,蔬菜沙拉,拌饭,烤鸭,特色菜,砂锅菜,脆皮乳鸽,鸭肉,三道菜,蟹肉,豆面,藏鲜葱包烩",藏鲜工坊(朝晖店),"120.177092,30.279137",[],[],[],,,TRUE,TRUE,FALSE,FALSE,餐饮服务;中餐厅;海鲜酒楼,餐饮服务,中餐厅,"['黄金炸带鱼（小份）', '招牌江南红烧肉', '蛏子烧豆面', '豪华刺身拼盘', '藏鲜中包', '澳门脆皮乳鸽', '沸腾东星斑', '金牌海山骨', '堂焗松叶蟹', '三杯珍宝蟹', '砂锅菜油焗南瓜', '十八秒竹荪黄鱼羹', '藏鲜舟山风带鱼', '招牌江南红烧肉（小份）', '藏鲜东坡鸡', '咸香骨芥菜煲', '藏鲜鱼头皇', '糖醋排骨', '蔬菜沙拉', '拌饭', '烤鸭', '特色菜', '砂锅菜', '脆皮乳鸽', '鸭肉', '三道菜', '蟹肉', '豆面', '藏鲜葱包烩']"
B0IR6APMVW,[],江浙菜,[],[],餐饮服务;中餐厅;中餐厅,[],[],050100,0,[],西湖区,[],0571-86628227;18626870777,B0FFM67LRN,教工路36号欧美中心3号楼4层,[],浙江省,diner,杭州市,202,"年糕烧大黄鱼,可可大福,主厨油卤鲍鱼鸭,府跳墙,大闸蟹,青花椒蒸老虎班,黄椒酱蒸东星斑,闽东壹号大黄鱼,国宴菌皇汤,干炸东海大黄鱼,花雕酒蒸大闸蟹,万紫千红九肚鱼,虎跑泉水牛肉,浓汤过桥东星斑,特色蒸东星斑,鱼籽酱蜂窝玖肚鱼,千岛湖生态白条,葱烧第三代活海参,双人餐,点心,牛肉,招牌陈皮人参老鸭煲",龙井御庄·精致江南菜(黄龙店),"120.136825,30.274425",[],[],[],,,TRUE,TRUE,FALSE,FALSE,餐饮服务;中餐厅;中餐厅,餐饮服务,中餐厅,"['年糕烧大黄鱼', '可可大福', '主厨油卤鲍鱼鸭', '府跳墙', '大闸蟹', '青花椒蒸老虎班', '黄椒酱蒸东星斑', '闽东壹号大黄鱼', '国宴菌皇汤', '干炸东海大黄鱼', '花雕酒蒸大闸蟹', '万紫千红九肚鱼', '虎跑泉水牛肉', '浓汤过桥东星斑', '特色蒸东星斑', '鱼籽酱蜂窝玖肚鱼', '千岛湖生态白条', '葱烧第三代活海参', '双人餐', '点心', '牛肉', '招牌陈皮人参老鸭煲']"
[],[],鱼,[],[],餐饮服务;中餐厅;中餐厅,[],[],050100,0,[],淳安县,[],18868776600,B0KUL5FAX1,阳光路219-221号,[],浙江省,diner,杭州市,[],"单人餐,双人餐,鸿运招牌剁椒鱼头,十八秒小炒黄牛肉",锦遇·唐风宋韵灶台鱼里·正宗淳牌鱼,"119.038743,29.622320",[],[],[],,,TRUE,TRUE,FALSE,FALSE,餐饮服务;中餐厅;中餐厅,餐饮服务,中餐厅,"['单人餐', '双人餐', '鸿运招牌剁椒鱼头', '十八秒小炒黄牛肉']"
[],[],中餐,[],[],餐饮服务;中餐厅;海鲜酒楼,[],[],050119,0,[],拱墅区,[],19906797068,B0KRLD50L8,二圣庙前58号忠望公寓B座1层,[],浙江省,diner,杭州市,[],"廟街風沙雞,椒盐濑尿虾,招牌奶油虾,避风塘炒蟹,秘制脆肠,鸡蛋炒米粉,大排档,海鲜大排档,牛肉",今晚食乜餸海鲜大排档,"120.169914,30.262864",[],[],[],,,TRUE,TRUE,FALSE,FALSE,餐饮服务;中餐厅;海鲜酒楼,餐饮服务,中餐厅,"['廟街風沙雞', '椒盐濑尿虾', '招牌奶油虾', '避风塘炒蟹', '秘制脆肠', '鸡蛋炒米粉', '大排档', '海鲜大排档', '牛肉']"
B0L02ANM9X,[],小龙虾,[],[],餐饮服务;中餐厅;中餐厅,[],[],050100,0,[],拱墅区,[],18857585204;19106599768,B0I115BKP6,万达金街东区2幢123-125号,[],浙江省,diner,杭州市,202,"双人餐,大排档,烤肉,超级麻辣小龙虾,口味虾",王大力·活龙虾江湖菜大排档(夜宵·拱墅万达店),"120.121652,30.331428",[],[],[],,,TRUE,TRUE,FALSE,FALSE,餐饮服务;中餐厅;中餐厅,餐饮服务,中餐厅,"['双人餐', '大排档', '烤肉', '超级麻辣小龙虾', '口味虾']"
[],[],鱼,[],[],餐饮服务;中餐厅;中餐厅,[],[],050100,0,[],拱墅区,[],[],B023B06BXH,河东路98号(朝晖一区),[],浙江省,diner,杭州市,[],"小龙虾,酸菜鱼,十三香龙虾,锅贴,龙虾,牛排,蛋黄茶树菇,香干马兰头,极品龙虾,水煮肉片,精品十三香小龙虾,铁锅龙虾,上汤螺丝,水煮牛杂,盱眙小龙虾,精品龙虾,脆皮鲜奶,铁锅牛蛙,青椒土豆丝,白切羊肉,羊肉锅,极品小龙虾,泡菜,烩牛肉,猪小肠,毛血旺,梁大酸菜鱼",梁大妈妈菜·小龙虾·酸菜鱼(杭州总店),"120.164115,30.283034",[],[],[],,,TRUE,TRUE,FALSE,FALSE,餐饮服务;中餐厅;中餐厅,餐饮服务,中餐厅,"['小龙虾', '酸菜鱼', '十三香龙虾', '锅贴', '龙虾', '牛排', '蛋黄茶树菇', '香干马兰头', '极品龙虾', '水煮肉片', '精品十三香小龙虾', '铁锅龙虾', '上汤螺丝', '水煮牛杂', '盱眙小龙虾', '精品龙虾', '脆皮鲜奶', '铁锅牛蛙', '青椒土豆丝', '白切羊肉', '羊肉锅', '极品小龙虾', '泡菜', '烩牛肉', '猪小肠', '毛血旺', '梁大酸菜鱼']"
B0I3RMTVVW,[],海鲜,[],[],餐饮服务;中餐厅;海鲜酒楼,[],[],050119,0,[],余杭区,[],0571-85857177;18989885177,B0J3R90XSQ,余杭塘路2301号海智中心2号楼(良睦路地铁站D口步行430米),[],浙江省,diner,杭州市,202,牛肉,康乐渔港(杭州未来科技城店),"120.011589,30.286307",[],[],[],,,TRUE,TRUE,FALSE,FALSE,餐饮服务;中餐厅;海鲜酒楼,餐饮服务,中餐厅,['牛肉']
[],[],海鲜餐厅,[],[],餐饮服务;中餐厅;海鲜酒楼,[],[],050119,0,[],萧山区,[],0571-83530777,B0FFGDRV0X,萧山区经济技术开发区建设一路651号(恒皇棋牌1层),[],浙江省,diner,杭州市,[],"双人餐,家常菜",强子海鲜(建设一路店),"120.255534,30.194576",[],[],[],,,TRUE,TRUE,FALSE,FALSE,餐饮服务;中餐厅;海鲜酒楼,餐饮服务,中餐厅,"['双人餐', '家常菜']"
B023B17WP5,[],自助餐,[],[],餐饮服务;中餐厅;中餐厅,[],[],050100,0,[],拱墅区,[],0571-85175628,B0JBYBR8IT,石桥街道石祥路138号中大银泰城购物中心F2层L216L216b号,[],浙江省,diner,杭州市,201,",烤肉,牛肉,小龙虾,自助餐,烤串",山海盟海鲜烤肉自助餐厅(中大银泰店),"120.175367,30.327127",[],[],[],,,TRUE,TRUE,FALSE,FALSE,餐饮服务;中餐厅;中餐厅,餐饮服务,中餐厅,"['烤肉', '牛肉', '小龙虾', '自助餐', '烤串']"
B0HG0SX6BO,[],烧烤,[],[],餐饮服务;餐饮相关场所;餐饮相关,[],[],050000,0,[],拱墅区,[],0571-88032695,B0JRRZPOIX,祥符街道莫干山路813号大悦城G幢1层悦街3-125至129,[],浙江省,diner,杭州市,202,"双人餐,三鲜韭菜盒子",麻爪·大连特色海鲜烧烤(杭州大悦城店),"120.128568,30.300547",[],[],[],,,TRUE,TRUE,FALSE,FALSE,餐饮服务;餐饮相关场所;餐饮相关,餐饮服务,餐饮相关场所,"['双人餐', '三鲜韭菜盒子']"
[],[],烧烤,[],[],餐饮服务;中餐厅;中餐厅,[],[],050100,0,[],拱墅区,[],19106533368,B0L3TU7MDZ,武林街道长寿路2号交汇处,[],浙江省,diner,杭州市,[],双人餐,凹凹板正一把串·深夜食堂,"120.160761,30.259702",[],[],[],,,TRUE,TRUE,FALSE,FALSE,餐饮服务;中餐厅;中餐厅,餐饮服务,中餐厅,['双人餐']
B0FFG8VEA3,[],火锅,[],[],餐饮服务;中餐厅;中餐厅,[],[],050100,0,[],临平区,[],0571-83891279,B0LAKOLAXP,南大街361号,[],浙江省,diner,杭州市,320,大排档,宽马记大排档·热鲜牛肉海鲜火锅(临平店),"120.309627,30.400431",[],[],[],,,TRUE,TRUE,FALSE,FALSE,餐饮服务;中餐厅;中餐厅,餐饮服务,中餐厅,['大排档']
B0FFF5QCFK,[],江浙菜,[],[],餐饮服务;中餐厅;海鲜酒楼,[],[],050119,0,[],拱墅区,[],15372076086,B0L24HNZE8,中山北路8-3号,[],浙江省,diner,杭州市,202,小海鲜,友·小海鲜bistro,"120.169698,30.258792",[],[],[],,,TRUE,TRUE,FALSE,FALSE,餐饮服务;中餐厅;海鲜酒楼,餐饮服务,中餐厅,['小海鲜']
B0FFJZAME5,[],海鲜餐厅,[],[],餐饮服务;中餐厅;海鲜酒楼,[],[],050119,0,[],上城区,[],0571-87383320;18158533099,B0HDL6UM91,彭埠街道新塘路672号中豪五星国际广场2幢201室,[],浙江省,diner,杭州市,202,"葱油梭子蟹,带膏沼虾,皮皮虾,活章鱼,倒立红膏蟹,象山咸抢蟹,带膏皮皮虾,小龙虾,海鲜大排档,大排档,年糕",城东海鲜大排档(中豪五星国际店),"120.223238,30.290292",[],[],[],,,TRUE,TRUE,FALSE,FALSE,餐饮服务;中餐厅;海鲜酒楼,餐饮服务,中餐厅,"['葱油梭子蟹', '带膏沼虾', '皮皮虾', '活章鱼', '倒立红膏蟹', '象山咸抢蟹', '带膏皮皮虾', '小龙虾', '海鲜大排档', '大排档', '年糕']"
B023B0377Q,[],海鲜,[],[],餐饮服务;中餐厅;海鲜酒楼,[],[],050119,0,[],西湖区,[],0571-85125508;13958044715,B0FFJER143,杭大路1号黄龙世纪广场B座三楼,[],浙江省,diner,杭州市,202,"海鲜,海瓜子,红膏蟹,倒笃蟹,鱼豆腐,红烧鱼子,梭子蟹,红烧鲳鱼,龙虾,盐锔蛏子,野生大黄鱼,墨鱼蛋,蒜蓉对虾,红烧小黄鱼,跳跳鱼,双人餐",象山石浦海鲜城(杭大路店),"120.140396,30.267996",[],[],[],,,TRUE,TRUE,FALSE,FALSE,餐饮服务;中餐厅;海鲜酒楼,餐饮服务,中餐厅,"['海鲜', '海瓜子', '红膏蟹', '倒笃蟹', '鱼豆腐', '红烧鱼子', '梭子蟹', '红烧鲳鱼', '龙虾', '盐锔蛏子', '野生大黄鱼', '墨鱼蛋', '蒜蓉对虾', '红烧小黄鱼', '跳跳鱼', '双人餐']"
[],[],海鲜,[],[],餐饮服务;中餐厅;海鲜酒楼,[],[],050119,0,[],拱墅区,[],18989328293,B0J26COZ93,天水街道延安路468号1号楼2号门101-2,[],浙江省,diner,杭州市,[],双人餐,舟舢海鲜小馆·舟山小海鲜(西湖店),"120.164729,30.265147",[],[],[],,,TRUE,TRUE,FALSE,FALSE,餐饮服务;中餐厅;海鲜酒楼,餐饮服务,中餐厅,['双人餐']
B0GRK54YP4,[],烤鱼,[],[],餐饮服务;中餐厅;中餐厅,[],[],050100,0,[],上城区,[],0571-86078112,B0HRGK7Z0K,平海路124号杭州湖滨88B1层,[],浙江省,diner,杭州市,202,"烤鱼,薯条,芝士,鸭头,年糕",炉鱼(杭州湖滨88店),"120.162399,30.254184",[],[],[],,,TRUE,TRUE,FALSE,FALSE,餐饮服务;中餐厅;中餐厅,餐饮服务,中餐厅,"['烤鱼', '薯条', '芝士', '鸭头', '年糕']"
B0JKPST3RD,[],海鲜,[],[],餐饮服务;中餐厅;海鲜酒楼,[],[],050119,0,[],钱塘区,[],0571-87131626,B0KRZCDVNQ,下沙街道银沙路166号一层A106-A107,[],浙江省,diner,杭州市,202,"大排档,小炒黄牛肉,小海鲜,牛肉",英子小海鲜(下沙新视界未来中心店),"120.333383,30.299201",[],[],[],,,TRUE,TRUE,FALSE,FALSE,餐饮服务;中餐厅;海鲜酒楼,餐饮服务,中餐厅,"['大排档', '小炒黄牛肉', '小海鲜', '牛肉']"
B023B09OTE,[],海鲜,[],[],餐饮服务;中餐厅;中餐厅,[],[],050100,0,[],滨江区,[],0571-86026799,B0FFJ0DYN2,星光国际广场1幢一期三楼,[],浙江省,diner,杭州市,202,"深水虾,双层肥牛,帝王蟹,象拔蚌拼三文鱼,六头鲍,澳带,老虎斑,八爪鱼,长脚蟹姿造,澳龙姿造,活海参,牛肉,生蚝,农家小炒肉,螃蟹",德悦悦品海鲜姿造(星光店),"120.209219,30.207021",[],[],[],,,TRUE,TRUE,FALSE,FALSE,餐饮服务;中餐厅;中餐厅,餐饮服务,中餐厅,"['深水虾', '双层肥牛', '帝王蟹', '象拔蚌拼三文鱼', '六头鲍', '澳带', '老虎斑', '八爪鱼', '长脚蟹姿造', '澳龙姿造', '活海参', '牛肉', '生蚝', '农家小炒肉', '螃蟹']"
B0FFKX8Q5C,[],小龙虾,[],[],餐饮服务;中餐厅;中餐厅,[],[],050100,0,[],西湖区,[],0571-88020065,B0JAXC1MMQ,紫荆花北路188号4幢206室(肉本家烤肉楼上),[],浙江省,diner,杭州市,202,"宵夜,鸡肉,小龙虾,生蚝",乔街深夜食堂(紫金港店),"120.092613,30.307107",[],[],[],,,TRUE,TRUE,FALSE,FALSE,餐饮服务;中餐厅;中餐厅,餐饮服务,中餐厅,"['宵夜', '鸡肉', '小龙虾', '生蚝']"
[],[],海鲜,[],[],餐饮服务;中餐厅;中餐厅,[],[],050100,0,[],萧山区,[],18758121280,B0J2R5U835,博学路827号,[],浙江省,diner,杭州市,[],"双人餐,鸡肉",三两好友深夜食堂(萧山万象汇店),"120.268253,30.188462",[],[],[],,,TRUE,TRUE,FALSE,FALSE,餐饮服务;中餐厅;中餐厅,餐饮服务,中餐厅,"['双人餐', '鸡肉']"
[],[],海鲜餐厅,[],[],餐饮服务;中餐厅;海鲜酒楼,[],[],050119,0,[],拱墅区,[],15355458866,B0HKTZ4REF,拱苑路87-5号,[],浙江省,diner,杭州市,[],"荔梅南麂大黄鱼,平阳猪头片,温州海鲜炒粉干,椒盐皮皮虾,温州蟹生,木瓜蒸膏蟹,温州油炸,非遗九层糕,温州鱼丸汤,大排档,面面",浙C老邻舍海鲜餐厅(西城海错店),"120.112506,30.296449",[],[],[],,,TRUE,TRUE,FALSE,FALSE,餐饮服务;中餐厅;海鲜酒楼,餐饮服务,中餐厅,"['荔梅南麂大黄鱼', '平阳猪头片', '温州海鲜炒粉干', '椒盐皮皮虾', '温州蟹生', '木瓜蒸膏蟹', '温州油炸', '非遗九层糕', '温州鱼丸汤', '大排档', '面面']"
[],[],火锅,[],[],餐饮服务;中餐厅;火锅店,[],[],050117,0,[],西湖区,[],0571-81108177,B0G21S8BW0,满觉陇路1-1号C幢,[],浙江省,diner,杭州市,[],"牛肉,杨枝甘露,龙虾",玲姐·海鲜火锅(满觉陇店),"120.134807,30.216973",[],[],[],,,TRUE,TRUE,FALSE,FALSE,餐饮服务;中餐厅;火锅店,餐饮服务,中餐厅,"['牛肉', '杨枝甘露', '龙虾']"
B0I1TA4VT7,[],水产海鲜,[],[],餐饮服务;中餐厅;海鲜酒楼,[],[],050119,0,[],余杭区,[],0571-88637799;0571-88737799;18069807799,B0I2XSZPY9,余杭塘路2853号杭州科技城宝龙广场L1/L2层024/022号,[],浙江省,diner,杭州市,202,双人餐,德悦悦品海鲜姿造(未来科技城宝龙广场店),"119.988243,30.279506",[],[],[],,,TRUE,TRUE,FALSE,FALSE,餐饮服务;中餐厅;海鲜酒楼,餐饮服务,中餐厅,['双人餐']
B0FFJUO2VY,[],潮汕火锅,[],[],餐饮服务;中餐厅;火锅店,[],[],050117,0,[],西湖区,[],15381107101,B0K3USPM6X,金色西溪·B座(蒋村地铁站出入口步行490米),[],浙江省,diner,杭州市,202,"闽南芭乐茉莉柠檬茶,卤牛腩,牛肉",梅溪徐记鲜牛肉火锅·烧烤(西溪天街外街店),"120.068933,30.291619",[],[],[],,,TRUE,TRUE,FALSE,FALSE,餐饮服务;中餐厅;火锅店,餐饮服务,中餐厅,"['闽南芭乐茉莉柠檬茶', '卤牛腩', '牛肉']"
B0IU3NB23X,[],江浙菜,[],[],餐饮服务;中餐厅;中餐厅,[],[],050100,0,[],拱墅区,[],0571-87172983,B0JKKDC8F9,候圣街99号财智顺丰创新中心1幢2单元3F,[],浙江省,diner,杭州市,202,"万人迷波龙,果木烤和牛战斧,果木烤和牛雪花,雪菜烧东海鲳鱼,果木烤和牛T骨,蓝莓山药,风生水起,干煎鲳鱼,果木烤鸭,水晶牛肉粒,鲜莲火腿蒸竹林鸡,八鲜过海,家烧东海黄鱼配年糕,香芋冬瓜烧鳝鱼,小炒黄牛肉,豆腐,牛肉,羊肉,年糕,鲍鱼",乾珑汇小鲜(顺丰·创新中心店),"120.148473,30.344324",[],[],[],,,TRUE,TRUE,FALSE,FALSE,餐饮服务;中餐厅;中餐厅,餐饮服务,中餐厅,"['万人迷波龙', '果木烤和牛战斧', '果木烤和牛雪花', '雪菜烧东海鲳鱼', '果木烤和牛T骨', '蓝莓山药', '风生水起', '干煎鲳鱼', '果木烤鸭', '水晶牛肉粒', '鲜莲火腿蒸竹林鸡', '八鲜过海', '家烧东海黄鱼配年糕', '香芋冬瓜烧鳝鱼', '小炒黄牛肉', '豆腐', '牛肉', '羊肉', '年糕', '鲍鱼']"
B0FFF3Z0H7,[],自助餐,[],[],餐饮服务;餐饮相关场所;餐饮相关,[],[],050000,0,[],钱塘区,[],0571-86938285,B0K6BRJ30G,下沙街道金沙大道560号龙湖杭州金沙天街L3层,[],浙江省,diner,杭州市,201,"小龙虾,烤肉,牛肉,鸡肉",牛小新烧肉·和牛放题(龙湖杭州金沙天街店),"120.326218,30.310314",[],[],[],,,TRUE,TRUE,FALSE,FALSE,餐饮服务;餐饮相关场所;餐饮相关,餐饮服务,餐饮相关场所,"['小龙虾', '烤肉', '牛肉', '鸡肉']"
[],[],中餐,[],[],餐饮服务;中餐厅;潮州菜|餐饮服务;中餐厅;海鲜酒楼,[],[],050123|050119,0,[],萧山区,[],0571-82345676,B023B0BLQ2,永久路永久桥头(佳友记),[],浙江省,diner,杭州市,[],"酸菜鱼,鸡肉,点心,烧腊,砂锅粥",佳友记·潮汕海鲜砂锅粥,"120.272462,30.172654",[],[],[],,,TRUE,TRUE,FALSE,FALSE,餐饮服务;中餐厅;潮州菜,餐饮服务,中餐厅,"['酸菜鱼', '鸡肉', '点心', '烧腊', '砂锅粥']"
B0FFKXU30G,[],海鲜,[],[],餐饮服务;餐饮相关场所;餐饮相关,[],[],050000,1,[],萧山区,[],19157918677,B0HR7UPVFW,宁围街道市心北路2000号归谷大厦4F-01,[],浙江省,diner,杭州市,202,家常菜,强子海鲜(奥体店),"120.255831,30.236218",[],[],[],,,TRUE,TRUE,FALSE,FALSE,餐饮服务;餐饮相关场所;餐饮相关,餐饮服务,餐饮相关场所,['家常菜']
[],[],江浙菜,[],[],餐饮服务;餐饮相关场所;餐饮相关,[],[],050000,0,[],临平区,[],15868686668,B0LRULDD5G,南苑街道南大街267号1层,[],浙江省,diner,杭州市,[],"双人餐,单人餐",台舟半岛·台州菜·小海鲜(临平店),"120.309068,30.406605",[],[],[],,,TRUE,TRUE,FALSE,FALSE,餐饮服务;餐饮相关场所;餐饮相关,餐饮服务,餐饮相关场所,"['双人餐', '单人餐']"
[],[],烧烤,[],[],餐饮服务;中餐厅;中餐厅,[],[],050100,0,[],滨江区,[],13656647492,B0LDBAAAV9,江南大道3788号105室,[],浙江省,diner,杭州市,[],"碳烤蒜蓉肉末大茄子,花雕烟雨醉沼虾,招牌网红湫湫海鲜大咖,手工黄鱼响铃,秘制口水罗氏虾系列,江西黄豆焖鸡爪,醉香江南六月黄,炭火招牌牛蛙系列,炭火鲜鲜卤牛杂锅仔,秘制干煸小龙虾（麻辣鲜香）,重庆香辣迷踪蟹系列,弹掉牙粉耗子牛腩,衢州镇店鸭三宝,潜江酱爆小龙虾（历久留香）,糯糯紫苏鸡皮（三串）,蒜苗精品牛肋条（三串）,陈皮冰镇精品小龙虾,西北私房麻辣拌,麻婆豆腐烩猪脑砂锅,炭火朝天鲜羊蝎子锅仔,马勺沸腾虾滑,漫天雪花牛小筋,青椒虾滑（二串）,撸串,海鲜大咖,虾滑,海鲜烧烤,牛腩,罗氏虾,鸡皮,龙虾",签约·肆酒撸串·海鲜烧烤季·团建精酿酒馆(滨江店),"120.162751,30.184096",[],[],[],,,TRUE,TRUE,FALSE,FALSE,餐饮服务;中餐厅;中餐厅,餐饮服务,中餐厅,"['碳烤蒜蓉肉末大茄子', '花雕烟雨醉沼虾', '招牌网红湫湫海鲜大咖', '手工黄鱼响铃', '秘制口水罗氏虾系列', '江西黄豆焖鸡爪', '醉香江南六月黄', '炭火招牌牛蛙系列', '炭火鲜鲜卤牛杂锅仔', '秘制干煸小龙虾（麻辣鲜香）', '重庆香辣迷踪蟹系列', '弹掉牙粉耗子牛腩', '衢州镇店鸭三宝', '潜江酱爆小龙虾（历久留香）', '糯糯紫苏鸡皮（三串）', '蒜苗精品牛肋条（三串）', '陈皮冰镇精品小龙虾', '西北私房麻辣拌', '麻婆豆腐烩猪脑砂锅', '炭火朝天鲜羊蝎子锅仔', '马勺沸腾虾滑', '漫天雪花牛小筋', '青椒虾滑（二串）', '撸串', '海鲜大咖', '虾滑', '海鲜烧烤', '牛腩', '罗氏虾', '鸡皮', '龙虾']"
B023B06P06,[],主题餐厅,[],[],餐饮服务;中餐厅;中餐厅,[],[],050100,0,[],西湖区,[],0571-88360888,B0GR4AJ4MV,紫金港路21号西溪天堂(西南角),[],浙江省,diner,杭州市,302,"椒香鲜鲍,藏鲜中包,招牌江南红烧肉,澳门脆皮乳鸽,沸腾东星斑,金牌海山骨,招牌江南红烧肉（小份）,咸香骨芥菜煲,藏鲜鱼头皇,黄金炸带鱼（小份）,花胶鱼头皇,黄金带鱼,蛏子烧豆面,堂焗松叶蟹,意大利黑醋肉饼蒸三门青蟹,蒲瓜烧台州蛏子,麻酱牛舌,十八秒竹荪黄鱼羹,藏鲜舟山风带鱼,麻酱,小龙虾,豆腐,红烧肉,鱿鱼",藏鲜工坊·西悦餐厅(西溪店),"120.087535,30.265105",[],[],[],,,TRUE,TRUE,FALSE,FALSE,餐饮服务;中餐厅;中餐厅,餐饮服务,中餐厅,"['椒香鲜鲍', '藏鲜中包', '招牌江南红烧肉', '澳门脆皮乳鸽', '沸腾东星斑', '金牌海山骨', '招牌江南红烧肉（小份）', '咸香骨芥菜煲', '藏鲜鱼头皇', '黄金炸带鱼（小份）', '花胶鱼头皇', '黄金带鱼', '蛏子烧豆面', '堂焗松叶蟹', '意大利黑醋肉饼蒸三门青蟹', '蒲瓜烧台州蛏子', '麻酱牛舌', '十八秒竹荪黄鱼羹', '藏鲜舟山风带鱼', '麻酱', '小龙虾', '豆腐', '红烧肉', '鱿鱼']"
[],[],海鲜,[],[],餐饮服务;中餐厅;海鲜酒楼,[],[],050119,0,[],上城区,[],13566882888,B0KADZT02P,德胜东路3355号一楼,[],浙江省,diner,杭州市,[],"小海鲜,小炒黄牛肉,小炒肉,爆炒螺丝,炒螺蛳",台舟半岛·小海鲜餐厅·台州菜(九堡店),"120.276052,30.313798",[],[],[],,,TRUE,TRUE,FALSE,FALSE,餐饮服务;中餐厅;海鲜酒楼,餐饮服务,中餐厅,"['小海鲜', '小炒黄牛肉', '小炒肉', '爆炒螺丝', '炒螺蛳']"
B023B06P06,[],海鲜火锅,[],[],餐饮服务;中餐厅;火锅店|餐饮服务;茶艺馆;茶艺馆,[],[],050117|050600,0,[],西湖区,[],15336500777,B0FFFCOM75,文二西路西溪国家湿地公园慢生活街区C218号,[],浙江省,diner,杭州市,302,"下午茶,双人餐,杨枝甘露",西溪丽锅·牛肉海鲜火锅·新浙菜,"120.070032,30.274841",[],[],[],,,TRUE,TRUE,FALSE,FALSE,餐饮服务;中餐厅;火锅店,餐饮服务,中餐厅,"['下午茶', '双人餐', '杨枝甘露']"
B023B0BGD1,[],火锅,[],[],餐饮服务;中餐厅;火锅店,[],[],050117,0,[],上城区,[],0571-86526888,B0I3YSKH0F,市民街200号圣奥中央商务大厦3层,[],浙江省,diner,杭州市,202,"牛肉,鸡肉",鼎库港味海鲜火锅(圣奥中央商务大厦店),"120.206871,30.242463",[],[],[],,,TRUE,TRUE,FALSE,FALSE,餐饮服务;中餐厅;火锅店,餐饮服务,中餐厅,"['牛肉', '鸡肉']"
[],[],海鲜,[],[],餐饮服务;中餐厅;海鲜酒楼,[],[],050119,0,[],钱塘区,[],0571-87800777,B023B14P2V,钱塘区经济技术开发区6号大街467-3号,[],浙江省,diner,杭州市,[],"双人餐,臭豆腐,宋嫂鱼羹,上海熏鱼,绍兴臭豆腐",杭越海鲜·宁波味道(下沙店),"120.360270,30.299595",[],[],[],,,TRUE,TRUE,FALSE,FALSE,餐饮服务;中餐厅;海鲜酒楼,餐饮服务,中餐厅,"['双人餐', '臭豆腐', '宋嫂鱼羹', '上海熏鱼', '绍兴臭豆腐']"
[],[],江浙菜,[],[],餐饮服务;中餐厅;中餐厅,[],[],050100,0,[],余杭区,[],13484000720,B0I30RN9EB,仓前街道龙泉路2号崇安云谷三号楼,[],浙江省,diner,杭州市,[],"笋干菜烧河虾,大漠烤羊排,糖心蛋红烧肉,家烧千岛湖鱼头,鲍鱼焖猪脚,泉水土鸡汤,土猪肉蒸青蟹,小炒肉,特色小吃,酸汤肥牛,大闸蟹,素菜,螃蟹,三文鱼,农家菜,土猪肉",沈府家宴(未来科技城店),"119.988730,30.282669",[],[],[],,,TRUE,TRUE,FALSE,FALSE,餐饮服务;中餐厅;中餐厅,餐饮服务,中餐厅,"['笋干菜烧河虾', '大漠烤羊排', '糖心蛋红烧肉', '家烧千岛湖鱼头', '鲍鱼焖猪脚', '泉水土鸡汤', '土猪肉蒸青蟹', '小炒肉', '特色小吃', '酸汤肥牛', '大闸蟹', '素菜', '螃蟹', '三文鱼', '农家菜', '土猪肉']"
B023B1DICJ,[],牛肉火锅,[],[],餐饮服务;中餐厅;火锅店,[],[],050117,0,[],滨江区,[],0571-88817778,B0FFJ8J1JW,丹枫路676号香溢大厦4楼,[],浙江省,diner,杭州市,202,牛肉,德天肥牛海鲜火锅(滨江一店),"120.213994,30.212248",[],[],[],,,TRUE,TRUE,FALSE,FALSE,餐饮服务;中餐厅;火锅店,餐饮服务,中餐厅,['牛肉']
B0IBFAZGV6,[],海鲜,[],[],餐饮服务;中餐厅;浙江菜,[],[],050106,0,[],临平区,[],18958136670,B0K0HZLGS9,东湖街道杭辰星万里5幢202室,[],浙江省,diner,杭州市,320,"秘制豆腐,海鲜大咖,招牌土酱鱼头,椒麻牛蛙,泰式凤爪,螺丝椒排骨,临平老三鲜,湘味小野笋,牛腩牛筋,蛋黄南瓜,毛血旺,红烧牛肉面,螃蟹,鱼香肉丝,炒面,红烧肉,剁椒鱼头,东坡肉,糖醋排骨,茄子,鱼头",洪星渔庄·临平菜(星万里店),"120.221491,30.460089",[],[],[],,,TRUE,TRUE,FALSE,FALSE,餐饮服务;中餐厅;浙江菜,餐饮服务,中餐厅,"['秘制豆腐', '海鲜大咖', '招牌土酱鱼头', '椒麻牛蛙', '泰式凤爪', '螺丝椒排骨', '临平老三鲜', '湘味小野笋', '牛腩牛筋', '蛋黄南瓜', '毛血旺', '红烧牛肉面', '螃蟹', '鱼香肉丝', '炒面', '红烧肉', '剁椒鱼头', '东坡肉', '糖醋排骨', '茄子', '鱼头']"
B0G3HH5J06,[],水产海鲜,[],[],餐饮服务;中餐厅;中餐厅,[],[],050100,0,[],滨江区,[],19357188761,B0L35MDRWF,长河街道国慷路509号英冠滨悦城商场二楼,[],浙江省,diner,杭州市,202,"招牌海鸭汤,沙蒜豆面,海鸭蛋,蟹骨酱,油浸带鱼,红糖年糕,海肠捞饭,熏鱼三拼,大排档",佬太公海鲜·象山大排档(杭州首店),"120.172336,30.192728",[],[],[],,,TRUE,TRUE,FALSE,FALSE,餐饮服务;中餐厅;中餐厅,餐饮服务,中餐厅,"['招牌海鸭汤', '沙蒜豆面', '海鸭蛋', '蟹骨酱', '油浸带鱼', '红糖年糕', '海肠捞饭', '熏鱼三拼', '大排档']"
B0K17ATL6T,[],中餐,[],[],餐饮服务;餐饮相关场所;餐饮相关,[],[],050000,0,[],上城区,[],18857635763,B0K1CZL9AB,通盛路389号一楼10号,[],浙江省,diner,杭州市,320,家常菜,久米半岛(新台州菜),"120.275638,30.312092",[],[],[],,,TRUE,TRUE,FALSE,FALSE,餐饮服务;餐饮相关场所;餐饮相关,餐饮服务,餐饮相关场所,['家常菜']
B0FFHOJC1B,[],虾蟹火锅,[],[],餐饮服务;中餐厅;火锅店,[],[],050117,0,[],上城区,[],0571-56979997,B0K3JUCVPR,新风路619号汇和城3层F3-9室,[],浙江省,diner,杭州市,202,"大闸蟹,鲜切牛肉",瀛海牛·鲜切牛肉海鲜火锅,"120.204606,30.293935",[],[],[],,,TRUE,TRUE,FALSE,FALSE,餐饮服务;中餐厅;火锅店,餐饮服务,中餐厅,"['大闸蟹', '鲜切牛肉']"
[],[],海鲜火锅,[],[],餐饮服务;中餐厅;海鲜酒楼,[],[],050119,0,[],上城区,[],0571-88017707,B023B1DSC1,艮山西路286号-10,[],浙江省,diner,杭州市,[],"螃蟹,波格力蟹,泰国海鲜虾,七欣饼,手打鲜虾滑,蔬菜拼盘,豆制品组合,黑鱼片,蛋炒饭,营养拼盘,芋艿饼,金银小馒头,鸭血,土豆,火锅面,双人餐",七欣天(艮山西路店),"120.190111,30.276076",[],[],[],,,TRUE,TRUE,FALSE,FALSE,餐饮服务;中餐厅;海鲜酒楼,餐饮服务,中餐厅,"['螃蟹', '波格力蟹', '泰国海鲜虾', '七欣饼', '手打鲜虾滑', '蔬菜拼盘', '豆制品组合', '黑鱼片', '蛋炒饭', '营养拼盘', '芋艿饼', '金银小馒头', '鸭血', '土豆', '火锅面', '双人餐']"
[],[],海鲜,[],[],餐饮服务;中餐厅;海鲜酒楼,[],[],050119,0,[],拱墅区,[],18969926679,B0HAFCU7A9,延安路352号-1号,[],浙江省,diner,杭州市,[],"招牌熟醉沼虾,生腌去皮蒜香虾,泡椒酸菜牛腩打边炉,熟醉蟹,精品油闷小龙虾,熟醉鲍鱼,片儿川锅底,酱爆螺蛳,炒螺蛳,小龙虾,羊肉,鸡爪",武林虾客·小龙虾·江南生腌(凤起路店),"120.164113,30.260803",[],[],[],,,TRUE,TRUE,FALSE,FALSE,餐饮服务;中餐厅;海鲜酒楼,餐饮服务,中餐厅,"['招牌熟醉沼虾', '生腌去皮蒜香虾', '泡椒酸菜牛腩打边炉', '熟醉蟹', '精品油闷小龙虾', '熟醉鲍鱼', '片儿川锅底', '酱爆螺蛳', '炒螺蛳', '小龙虾', '羊肉', '鸡爪']"
B023B09OTE,[],海鲜,[],[],餐饮服务;中餐厅;海鲜酒楼,[],[],050119,0,[],滨江区,[],0571-87215167,B0LA1490E4,星光国际广场4幢4楼(好利来楼上),[],浙江省,diner,杭州市,202,"深水虾,象拔蚌,活海参,极品雪花肥牛,长脚蟹,六头鲍,老虎斑,牛气冲天,帝王蟹,东星斑,杨枝甘露",东海渔宫·海鲜姿造(滨江店),"120.208881,30.208794",[],[],[],,,TRUE,TRUE,FALSE,FALSE,餐饮服务;中餐厅;海鲜酒楼,餐饮服务,中餐厅,"['深水虾', '象拔蚌', '活海参', '极品雪花肥牛', '长脚蟹', '六头鲍', '老虎斑', '牛气冲天', '帝王蟹', '东星斑', '杨枝甘露']"
[],[],江浙菜,[],[],餐饮服务;中餐厅;中餐厅,[],[],050100,0,[],余杭区,[],17706537131,B0HUU7SR5M,海创科技中心3幢201、202室,[],浙江省,diner,杭州市,[],"单人餐,双人餐,料理,鸡肉,栗子烧鸡,板栗烧鸡",西茶?宋宴?精致江南料理,"119.996168,30.276072",[],[],[],,,TRUE,TRUE,FALSE,FALSE,餐饮服务;中餐厅;中餐厅,餐饮服务,中餐厅,"['单人餐', '双人餐', '料理', '鸡肉', '栗子烧鸡', '板栗烧鸡']"
B0J3R527X5,[],江浙菜,[],[],餐饮服务;中餐厅;海鲜酒楼,[],[],050119,0,[],余杭区,[],19357659986,B0L6D78UQ2,余杭塘路未来星辰6幢201麦当劳2楼,[],浙江省,diner,杭州市,202,"小青龙麻婆豆腐,黑松露山药,纸牌屋烤排骨,文火小牛肉,红膏蟹,熟醉沼虾,堂灼雪花牛肉,芥末虾球6只,焦糖布丁,海鲜毛血旺,泰式酸辣鱼肚羹,雪菜烧江白鲈,芥菜三鲜鱼饼煲,菌酱黄焖甲鱼,脆皮鸡,野米辽参,鳝丝豆面,豆面,鳝丝,烤排骨",三登客江鲜(永福店),"120.027986,30.291051",[],[],[],,,TRUE,TRUE,FALSE,FALSE,餐饮服务;中餐厅;海鲜酒楼,餐饮服务,中餐厅,"['小青龙麻婆豆腐', '黑松露山药', '纸牌屋烤排骨', '文火小牛肉', '红膏蟹', '熟醉沼虾', '堂灼雪花牛肉', '芥末虾球6只', '焦糖布丁', '海鲜毛血旺', '泰式酸辣鱼肚羹', '雪菜烧江白鲈', '芥菜三鲜鱼饼煲', '菌酱黄焖甲鱼', '脆皮鸡', '野米辽参', '鳝丝豆面', '豆面', '鳝丝', '烤排骨']"
B0H33O14D6,[],自助餐,[],[],餐饮服务;中餐厅;中餐厅,[],[],050100,0,[],临平区,[],15730313964,B0KKKRW6H6,南苑街道欢乐城西侧尚峰轩9幢3楼(南苑地铁A出口步行160米),[],浙江省,diner,杭州市,202,"自助餐,烤肉",永遇乐海鲜自助餐厅·火锅烤肉蒸锅,"120.303817,30.396318",[],[],[],,,TRUE,TRUE,FALSE,FALSE,餐饮服务;中餐厅;中餐厅,餐饮服务,中餐厅,"['自助餐', '烤肉']"
B0FFJ2ERKV,[],浙菜,[],[],餐饮服务;中餐厅;浙江菜|餐饮服务;中餐厅;海鲜酒楼,[],[],050106|050119,0,[],临平区,[],0571-88737273;19967438230,B0H0XU5MSC,华元欢乐城·揽悦轩东门旁(南苑地铁站B口步行210米),[],浙江省,diner,杭州市,202,"小炒黄牛肉,刺身,酸菜鱼,农家小炒肉",厨禾海鲜·精致浙菜(临平店),"120.299596,30.395403",[],[],[],,,TRUE,TRUE,FALSE,FALSE,餐饮服务;中餐厅;浙江菜,餐饮服务,中餐厅,"['小炒黄牛肉', '刺身', '酸菜鱼', '农家小炒肉']"
B023B18X8U,[],海鲜,[],[],餐饮服务;中餐厅;海鲜酒楼,[],[],050119,0,[],临平区,[],0571-86109188;18668469246,B0HARZ0ZE5,玩月街88号国贸中心F1层,[],浙江省,diner,杭州市,202,"小火锅,鲍鱼,三文鱼,煲仔饭,蛋炒饭,海鲜盛宴,牛羊肉",四海珍宝海鲜餐厅(国贸中心店),"120.310793,30.405972",[],[],[],,,TRUE,TRUE,FALSE,FALSE,餐饮服务;中餐厅;海鲜酒楼,餐饮服务,中餐厅,"['小火锅', '鲍鱼', '三文鱼', '煲仔饭', '蛋炒饭', '海鲜盛宴', '牛羊肉']"
[],[],江浙菜,[],[],餐饮服务;中餐厅;海鲜酒楼,[],[],050119,0,[],萧山区,[],0571-82308777,B0LAVM72QX,湘湖路1515号,[],浙江省,diner,杭州市,[],一品老鸭煲,钱江渔村·渔浦佳宴(湘湖店),"120.222025,30.132475",[],[],[],,,TRUE,TRUE,FALSE,FALSE,餐饮服务;中餐厅;海鲜酒楼,餐饮服务,中餐厅,['一品老鸭煲']
[],[],中餐,[],[],餐饮服务;餐饮相关场所;餐饮相关,[],[],050000,0,[],滨江区,[],[],B0K0L9WTNS,聚才路239号4号楼四楼,[],浙江省,diner,杭州市,[],双人餐,馨忆坊·江浙菜·品味江南鲜(滨江山泽里店),"120.197464,30.180556",[],[],[],,,TRUE,TRUE,FALSE,FALSE,餐饮服务;餐饮相关场所;餐饮相关,餐饮服务,餐饮相关场所,['双人餐']
[],[],中餐,[],[],餐饮服务;中餐厅;特色/地方风味餐厅,[],[],050118,0,[],拱墅区,[],13777521312,B0FFHVCR3O,信义坊105号,[],浙江省,diner,杭州市,[],"小龙虾,蒜香小龙虾,十三香小龙虾,麻辣小龙虾,龙虾,家常菜,堂食",光头龙虾烧烤(信义坊步行街店),"120.142913,30.293793",[],[],[],,,TRUE,TRUE,FALSE,FALSE,餐饮服务;中餐厅;特色/地方风味餐厅,餐饮服务,中餐厅,"['小龙虾', '蒜香小龙虾', '十三香小龙虾', '麻辣小龙虾', '龙虾', '家常菜', '堂食']"
B0FFIB567Z,[],小龙虾,[],[],餐饮服务;中餐厅;中餐厅,[],[],050100,0,[],萧山区,[],13968191899,B0FFKPWO52,宁围街道钱江电气大厦永辉路548号,[],浙江省,diner,杭州市,202,"小龙虾,椒麻肥肠牛蛙,十三香小龙虾,蛋黄龙虾,九宫格生腌熟醉,蒜蓉小龙虾,猪笼酒酿豆花,红膏酱青蟹,臭豆腐,花雕酒醉小龙虾,招牌秘制鸡,清蒸小龙虾,猪笼奶白酒,猪笼口味罗氏虾,招牌辣子鸡翅膀,魔鬼牛蛙,花雕熟醉湖蟹,花雕熟醉沼虾,大排档,手工臭豆腐,绍兴臭豆腐",猪笼城寨·鲜货烧烤龙虾·怀旧包厢·大排档(萧山店),"120.260163,30.230720",[],[],[],,,TRUE,TRUE,FALSE,FALSE,餐饮服务;中餐厅;中餐厅,餐饮服务,中餐厅,"['小龙虾', '椒麻肥肠牛蛙', '十三香小龙虾', '蛋黄龙虾', '九宫格生腌熟醉', '蒜蓉小龙虾', '猪笼酒酿豆花', '红膏酱青蟹', '臭豆腐', '花雕酒醉小龙虾', '招牌秘制鸡', '清蒸小龙虾', '猪笼奶白酒', '猪笼口味罗氏虾', '招牌辣子鸡翅膀', '魔鬼牛蛙', '花雕熟醉湖蟹', '花雕熟醉沼虾', '大排档', '手工臭豆腐', '绍兴臭豆腐']"
B0IDMCXR25,[],小龙虾,[],[],餐饮服务;中餐厅;中餐厅,[],[],050100,0,[],萧山区,[],0571-82379988,B0LAHUII0F,市心北路1567号融泰云臻大厦1楼地铁2号线飞虹路站C号出口,[],浙江省,diner,杭州市,320,小龙虾,红盔甲.小龙虾(杭州首店),"120.262529,30.230753",[],[],[],,,TRUE,TRUE,FALSE,FALSE,餐饮服务;中餐厅;中餐厅,餐饮服务,中餐厅,['小龙虾']
B0FFJH1GSN,[],小龙虾,[],[],餐饮服务;餐饮相关场所;餐饮相关,[],[],050000,0,[],滨江区,[],13296757590,B0HRV7WS0P,南环路4025号中太科技园1层(北门旁),[],浙江省,diner,杭州市,320,"小龙虾,大排档,生蚝",马大虾小龙虾·盆盆蟹·杭城地标十星大排档,"120.152412,30.178620",[],[],[],,,TRUE,TRUE,FALSE,FALSE,餐饮服务;餐饮相关场所;餐饮相关,餐饮服务,餐饮相关场所,"['小龙虾', '大排档', '生蚝']"
B0FFI31CNG,[],烧烤,[],[],餐饮服务;中餐厅;中餐厅,[],[],050100,0,[],滨江区,[],15268834222,B0FFKJ2ZJW,长河街道江汉路1515号江南天街商业中心2幢133室,[],浙江省,diner,杭州市,202,"小龙虾,烤肠,烤生蚝一个,秘制龙虾大份,烤扇贝一份,烤土豆片,烤掌中宝,望京小腰,大排档,烤鱼,双人餐",肥猫·小龙虾·鲜货烧烤·炒菜大排档(杭州滨江区),"120.203788,30.200254",[],[],[],,,TRUE,TRUE,FALSE,FALSE,餐饮服务;中餐厅;中餐厅,餐饮服务,中餐厅,"['小龙虾', '烤肠', '烤生蚝一个', '秘制龙虾大份', '烤扇贝一份', '烤土豆片', '烤掌中宝', '望京小腰', '大排档', '烤鱼', '双人餐']"
B023B1AEL0,[],烧烤,[],[],餐饮服务;中餐厅;海鲜酒楼,[],[],050119,0,[],滨江区,[],15868826105;15988174209,B0JAYUBO61,长河街道长河路475号S5幢一楼,[],浙江省,diner,杭州市,320,"小龙虾,现串现烤红柳羊肉串,望江门小龙虾(滨江店),招牌烤全羊,十三香小龙虾,十三香,烤全羊,手撕烤全羊,招牌羊肉串,现串现烤小黄鱼,羊肉串,龙虾,单人餐,大虾",望江门小龙虾·虾王大排挡(杭州总店),"120.195867,30.184291",[],[],[],,,TRUE,TRUE,FALSE,FALSE,餐饮服务;中餐厅;海鲜酒楼,餐饮服务,中餐厅,"['小龙虾', '现串现烤红柳羊肉串', '望江门小龙虾(滨江店)', '招牌烤全羊', '十三香小龙虾', '十三香', '烤全羊', '手撕烤全羊', '招牌羊肉串', '现串现烤小黄鱼', '羊肉串', '龙虾', '单人餐', '大虾']"
B0HR5AAJ55,[],小龙虾,[],[],餐饮服务;中餐厅;中餐厅,[],[],050100,0,[],钱塘区,[],15224086004;18698562511,B0HA6Z99MC,杭州经济技术开发区下沙街道四季广场5幢103,[],浙江省,diner,杭州市,202,"小龙虾,堂食",戒指龙虾.小龙虾.烧烤(下沙一店),"120.336335,30.320651",[],[],[],,,TRUE,TRUE,FALSE,FALSE,餐饮服务;中餐厅;中餐厅,餐饮服务,中餐厅,"['小龙虾', '堂食']"
B023B00569,[],烧烤,[],[],餐饮服务;餐饮相关场所;餐饮相关,[],[],050000,0,[],西湖区,[],0571-88017779;16657106000,B0JAALBCIH,翠园街道教工路1号34幢102室,[],浙江省,diner,杭州市,320,"小龙虾,蒜蓉烤茄子,烤脑花,现串羊肉串,经典十三香小龙虾,海鲜明虾粥,精品冰镇龙虾,小炒黄牛肉",烟火神炭·炭火砂锅·烧烤小海鲜大排档·小龙虾,"120.133965,30.272850",[],[],[],,,TRUE,TRUE,FALSE,FALSE,餐饮服务;餐饮相关场所;餐饮相关,餐饮服务,餐饮相关场所,"['小龙虾', '蒜蓉烤茄子', '烤脑花', '现串羊肉串', '经典十三香小龙虾', '海鲜明虾粥', '精品冰镇龙虾', '小炒黄牛肉']"
[],[],海鲜餐厅,[],[],餐饮服务;中餐厅;海鲜酒楼,[],[],050119,0,[],拱墅区,[],13018988987,B0JUXOOUF2,丰潭路430号丰元国际A座F3层,[],浙江省,diner,杭州市,[],"小龙虾,年糕烧鲳鱼,东海香煎带鱼,沙蒜豆面,高压锅生蚝,雪菜大黄鱼,野米炖辽参,面结浸茵菇,家烧大闸蟹,鳝爆田鸡,家烧大白鲳,葱烧海参,竹蛏蒜蓉蒸,生呛血蛤,泉水牛腱子,海鲜炒麻糍,葱烧鲫鱼,石榴水晶包,脆皮大肠,酸菜汪刺鱼,冰镇小龙虾,精品乳鹅,卤鹅,辣酒汁花螺,酒醉沼虾,跪炸小黄鱼",新珒记·台州海鲜·小龙虾夜宵,"120.106447,30.301146",[],[],[],,,TRUE,TRUE,FALSE,FALSE,餐饮服务;中餐厅;海鲜酒楼,餐饮服务,中餐厅,"['小龙虾', '年糕烧鲳鱼', '东海香煎带鱼', '沙蒜豆面', '高压锅生蚝', '雪菜大黄鱼', '野米炖辽参', '面结浸茵菇', '家烧大闸蟹', '鳝爆田鸡', '家烧大白鲳', '葱烧海参', '竹蛏蒜蓉蒸', '生呛血蛤', '泉水牛腱子', '海鲜炒麻糍', '葱烧鲫鱼', '石榴水晶包', '脆皮大肠', '酸菜汪刺鱼', '冰镇小龙虾', '精品乳鹅', '卤鹅', '辣酒汁花螺', '酒醉沼虾', '跪炸小黄鱼']"
B023B0912O,[],小龙虾,[],[],餐饮服务;中餐厅;海鲜酒楼,[],[],050119,1,[],拱墅区,[],15557118555,B0FFKAZUVG,武林路76号二楼(凤起路地铁站C4口步行310米),[],浙江省,diner,杭州市,202,"小龙虾,香辣小龙虾,十三香小龙虾,龙虾来啦～,蒜香小龙虾,冰镇小龙虾,龙虾,年糕",望江门小龙虾(西湖店),"120.160598,30.261085",[],[],[],,,TRUE,TRUE,FALSE,FALSE,餐饮服务;中餐厅;海鲜酒楼,餐饮服务,中餐厅,"['小龙虾', '香辣小龙虾', '十三香小龙虾', '龙虾来啦～', '蒜香小龙虾', '冰镇小龙虾', '龙虾', '年糕']"
B0FFG942YS,[],烧烤,[],[],餐饮服务;中餐厅;中餐厅,[],[],050100,0,[],滨江区,[],15957146528;17767110802,B0FFME8847,康康谷商业中心4幢112-113室,[],浙江省,diner,杭州市,320,"五花肉,小黄鱼,龙虾,牛肉串,羊肉串,香辣小龙虾,口味虾",小杨小黄鱼烧烤.龙虾(中赢康康谷店),"120.214446,30.195379",[],[],[],,,TRUE,TRUE,FALSE,FALSE,餐饮服务;中餐厅;中餐厅,餐饮服务,中餐厅,"['五花肉', '小黄鱼', '龙虾', '牛肉串', '羊肉串', '香辣小龙虾', '口味虾']"
B023B141OD,[],烧烤,[],[],餐饮服务;中餐厅;特色/地方风味餐厅,[],[],050118,0,[],临平区,[],13588702980,B0IUU1BUC4,南大街137号,[],浙江省,diner,杭州市,320,"小龙虾,招牌烤鱼,迷你掌中宝一把,碳烤羊肉串【烧烤,娃娃菜串【烧烤,迷你鸭肠一把,金针菇串【烧烤,年糕【烧烤,招牌红柳枝羊肉,双人餐,年糕,羊肉,辣炒螺丝,炒螺蛳,红柳烤肉",137烧烤龙虾烤鱼.新疆羊肉串(南大街店),"120.306919,30.411624",[],[],[],,,TRUE,TRUE,FALSE,FALSE,餐饮服务;中餐厅;特色/地方风味餐厅,餐饮服务,中餐厅,"['小龙虾', '招牌烤鱼', '迷你掌中宝一把', '碳烤羊肉串【烧烤', '娃娃菜串【烧烤', '迷你鸭肠一把', '金针菇串【烧烤', '年糕【烧烤', '招牌红柳枝羊肉', '双人餐', '年糕', '羊肉', '辣炒螺丝', '炒螺蛳', '红柳烤肉']"
[],[],烧烤,[],[],餐饮服务;中餐厅;中餐厅,[],[],050100,0,[],西湖区,[],19012805200,B0JUYMN13D,创意路奥莱金街4号楼霞鸣街238号,[],浙江省,diner,杭州市,[],"蒜香烤鱼,烤鱼,龙虾,牛肉",玖十八烤鱼酒馆·龙虾·烧烤(奥莱金街店),"120.070294,30.143798",[],[],[],,,TRUE,TRUE,FALSE,FALSE,餐饮服务;中餐厅;中餐厅,餐饮服务,中餐厅,"['蒜香烤鱼', '烤鱼', '龙虾', '牛肉']"
B0G1NO6KLZ,[],小龙虾,[],[],餐饮服务;餐饮相关场所;餐饮相关,[],[],050000,0,[],余杭区,[],13586458620,B0LGBZ0IPU,仓前街道银天金城7幢102,[],浙江省,diner,杭州市,202,"小龙虾,堂食,炒螺蛳,酱爆螺丝",戒指龙虾(余杭店),"120.015548,30.285319",[],[],[],,,TRUE,TRUE,FALSE,FALSE,餐饮服务;餐饮相关场所;餐饮相关,餐饮服务,餐饮相关场所,"['小龙虾', '堂食', '炒螺蛳', '酱爆螺丝']"
[],[],小龙虾,[],[],餐饮服务;中餐厅;中餐厅,[],[],050100,0,[],滨江区,[],19005812758,B0JDDUVWGP,闻涛路1852号,[],浙江省,diner,杭州市,[],"小龙虾,熟醉大闸蟹",红钳侠小龙虾·烧烤(闻涛路店),"120.198319,30.209436",[],[],[],,,TRUE,TRUE,FALSE,FALSE,餐饮服务;中餐厅;中餐厅,餐饮服务,中餐厅,"['小龙虾', '熟醉大闸蟹']"
[],[],中餐,[],[],餐饮服务;中餐厅;中餐厅,[],[],050100,0,[],西湖区,[],17300954563,B0LRV6JAU4,西溪街道文二路106-2号,[],浙江省,diner,杭州市,[],小龙虾,何府茶油现炒鸡小龙虾,"120.140637,30.283529",[],[],[],,,TRUE,TRUE,FALSE,FALSE,餐饮服务;中餐厅;中餐厅,餐饮服务,中餐厅,['小龙虾']
B0FFI8BCKA,[],小龙虾,[],[],餐饮服务;中餐厅;海鲜酒楼|餐饮服务;中餐厅;火锅店,[],[],050119|050117,0,[],拱墅区,[],18625253888,B0FFK0ZLYY,东新路966号,[],浙江省,diner,杭州市,202,"小龙虾,烤串,龙虾",拙大师·龙虾四季排档(杭州北景园店),"120.181063,30.337549",[],[],[],,,TRUE,TRUE,FALSE,FALSE,餐饮服务;中餐厅;海鲜酒楼,餐饮服务,中餐厅,"['小龙虾', '烤串', '龙虾']"
[],[],烧烤,[],[],餐饮服务;中餐厅;中餐厅,[],[],050100,0,[],上城区,[],15968873110;18757109143,B0LG97T0K7,将军路与吴山路交叉口西40米,[],浙江省,diner,杭州市,[],"小龙虾,秘制鲜辣小龙虾,烧烤,蒜蓉小龙虾,现杀烤鱼,夜市包子,蒜蓉粉丝烤生蚝,双人餐,口味虾,秘制鲜辣小龙虾",老城区烧烤小酒馆·小龙虾(西湖店),"120.164875,30.248675",[],[],[],,,TRUE,TRUE,FALSE,FALSE,餐饮服务;中餐厅;中餐厅,餐饮服务,中餐厅,"['小龙虾', '秘制鲜辣小龙虾', '烧烤', '蒜蓉小龙虾', '现杀烤鱼', '夜市包子', '蒜蓉粉丝烤生蚝', '双人餐', '口味虾', '秘制鲜辣小龙虾']"
B023B0BPJN,[],私房菜,[],[],餐饮服务;中餐厅;中餐厅,[],[],050100,0,[],拱墅区,[],0571-87171866;15356185686,B0FFHQX6YS,华中路225号泰地北上雅辰培训学校隔壁滋养老年医院步行540米,[],浙江省,diner,杭州市,320,"小龙虾,酸菜鱼,酸菜鱼",柴米夫妻老川菜·小龙虾(华中路店),"120.202261,30.343676",[],[],[],,,TRUE,TRUE,FALSE,FALSE,餐饮服务;中餐厅;中餐厅,餐饮服务,中餐厅,"['小龙虾', '酸菜鱼', '酸菜鱼']"
[],[],海鲜,[],[],餐饮服务;中餐厅;海鲜酒楼,[],[],050119,0,[],滨江区,[],0571-86080717;19011279150,B0JGM54BS7,滨康路保利时光里13栋1层1061铺,[],浙江省,diner,杭州市,[],"小龙虾,熟醉蟹,泡椒酸菜牛腩打边炉,熟醉鲍鱼,精品油闷小龙虾,片儿川锅底,生腌去皮蒜香虾,招牌熟醉沼虾",武林虾客·小龙虾·江南生腌(滨江店),"120.197057,30.182192",[],[],[],,,TRUE,TRUE,FALSE,FALSE,餐饮服务;中餐厅;海鲜酒楼,餐饮服务,中餐厅,"['小龙虾', '熟醉蟹', '泡椒酸菜牛腩打边炉', '熟醉鲍鱼', '精品油闷小龙虾', '片儿川锅底', '生腌去皮蒜香虾', '招牌熟醉沼虾']"
B0FFI2RGPA,[],小龙虾,[],[],餐饮服务;中餐厅;中餐厅,[],[],050100,0,[],上城区,[],13336196980,B0H3OA04GT,彭埠街道新塘路672号中豪五星国际,[],浙江省,diner,杭州市,202,"小龙虾,大排档,烤串,龙虾",东北主烤官·老七龙虾(中豪五星国际店),"120.223725,30.290590",[],[],[],,,TRUE,TRUE,FALSE,FALSE,餐饮服务;中餐厅;中餐厅,餐饮服务,中餐厅,"['小龙虾', '大排档', '烤串', '龙虾']"
B0G1PPJZVO,[],海鲜,[],[],餐饮服务;中餐厅;中餐厅,[],[],050100,0,[],西湖区,[],17718155133,B0LR11UI89,文二路332号(学院路地铁站E口步行420米),[],浙江省,diner,杭州市,202,龙虾烧烤,蚝当家·海鲜龙虾烧烤(文二路店),"120.125010,30.282795",[],[],[],,,TRUE,TRUE,FALSE,FALSE,餐饮服务;中餐厅;中餐厅,餐饮服务,中餐厅,['龙虾烧烤']
B0FFF753SF,[],小龙虾,[],[],餐饮服务;中餐厅;中餐厅,[],[],050100,0,[],上城区,[],13918198994;15057166521,B0JG3RWHN3,九堡街道格畈社区南苑1排23号101室,[],浙江省,diner,杭州市,320,"小龙虾,堂食",戒指龙虾·小龙虾·烧烤(九堡格畈店),"120.262784,30.323352",[],[],[],,,TRUE,TRUE,FALSE,FALSE,餐饮服务;中餐厅;中餐厅,餐饮服务,中餐厅,"['小龙虾', '堂食']"
B0FFFLMEQX,[],水产海鲜,[],[],餐饮服务;中餐厅;中餐厅,[],[],050100,0,[],滨江区,[],13515714798,B0FFI64M9W,海威钱塘之星B栋125号商铺,[],浙江省,diner,杭州市,202,"小龙虾,龙虾,双人餐",怪圣龙虾(滨江总店曾用名怪怪龙虾),"120.225530,30.215085",[],[],[],,,TRUE,TRUE,FALSE,FALSE,餐饮服务;中餐厅;中餐厅,餐饮服务,中餐厅,"['小龙虾', '龙虾', '双人餐']"
[],[],大排档,[],[],餐饮服务;餐饮相关场所;餐饮相关,[],[],050000,0,[],余杭区,[],18072816280,B0MGYA5SGZ,荆长路768号桔子酒店楼下,[],浙江省,diner,杭州市,[],大排档,马大虾小龙虾(余杭店)杭城十星级大排档,"120.040959,30.291866",[],[],[],,,TRUE,TRUE,FALSE,FALSE,餐饮服务;餐饮相关场所;餐饮相关,餐饮服务,餐饮相关场所,['大排档']
B0FFHP7BOJ,[],小龙虾,[],[],餐饮服务;中餐厅;海鲜酒楼,[],[],050119,0,[],拱墅区,[],13575701885,B0FFHDO8M5,萍水街85号(和睦地铁站D4口步行160米),[],浙江省,diner,杭州市,202,"小龙虾,扬州极品大龙虾,酱爆螺丝,扬州狮子头,扬州烧鹅,拍黄瓜,扬州小龙虾,金针肥牛,凤爪,盐水鹅,干菜玉米饼,花生,肥肠酸菜鱼,空心菜,干丝,松花蛋,龙虾,酱爆螺丝,炒螺蛳",一家人扬州龙虾(七乐汇生活广场店),"120.118941,30.307019",[],[],[],,,TRUE,TRUE,FALSE,FALSE,餐饮服务;中餐厅;海鲜酒楼,餐饮服务,中餐厅,"['小龙虾', '扬州极品大龙虾', '酱爆螺丝', '扬州狮子头', '扬州烧鹅', '拍黄瓜', '扬州小龙虾', '金针肥牛', '凤爪', '盐水鹅', '干菜玉米饼', '花生', '肥肠酸菜鱼', '空心菜', '干丝', '松花蛋', '龙虾', '酱爆螺丝', '炒螺蛳']"
B023B187L2,[],小龙虾,[],[],餐饮服务;餐饮相关场所;餐饮相关,[],[],050000,0,[],钱塘区,[],19157630627,B0FFKFCQ6N,天城东路230号(御隆汤水世界对面),[],浙江省,diner,杭州市,320,"小龙虾,堂食",戒指龙虾·小龙虾·烧烤(天城东路店),"120.330372,30.305443",[],[],[],,,TRUE,TRUE,FALSE,FALSE,餐饮服务;餐饮相关场所;餐饮相关,餐饮服务,餐饮相关场所,"['小龙虾', '堂食']"
B023B0930X,[],中餐,[],[],餐饮服务;中餐厅;中餐厅,[],[],050100,0,[],西湖区,[],0571-88862429;13738160208,B0H2UNPC2X,文新街道文一西路169号,[],浙江省,diner,杭州市,320,"小龙虾,羊棒子,一桶螺丝,烤羊排,一统螺市,酸菜鱼,发财鱼,一桶螺蛳,剿匪鸡,烤鱼,鸭头,羊筋骨,香辣小龙虾,玉米烙,一统螺丝,羊肉串,烤羊肉串,鲜来一桶,羊膀子,一桶鲜,螺丝,芋头,鲜一桶,土豆饼,火热心肠,臭鳜鱼,双人餐,徽州臭桂鱼,烤肉,龙虾,柠檬酸菜鱼",火龙堂·龙虾羊排烧烤精酿(文一路店),"120.104940,30.286552",[],[],[],,,TRUE,TRUE,FALSE,FALSE,餐饮服务;中餐厅;中餐厅,餐饮服务,中餐厅,"['小龙虾', '羊棒子', '一桶螺丝', '烤羊排', '一统螺市', '酸菜鱼', '发财鱼', '一桶螺蛳', '剿匪鸡', '烤鱼', '鸭头', '羊筋骨', '香辣小龙虾', '玉米烙', '一统螺丝', '羊肉串', '烤羊肉串', '鲜来一桶', '羊膀子', '一桶鲜', '螺丝', '芋头', '鲜一桶', '土豆饼', '火热心肠', '臭鳜鱼', '双人餐', '徽州臭桂鱼', '烤肉', '龙虾', '柠檬酸菜鱼']"
[],[],烧烤,[],[],餐饮服务;中餐厅;中餐厅,[],[],050100,0,[],拱墅区,[],18966484082,B0FFHZSZHX,沈塘桥路66号(沈塘桥地铁站A口步行90米),[],浙江省,diner,杭州市,[],"五花肉,大茄子,掌中宝,烤鱼,乳羊排,小黄鱼,生蚝,双人餐",拉哥烧烤龙虾馆(沈塘桥店),"120.151340,30.281419",[],[],[],,,TRUE,TRUE,FALSE,FALSE,餐饮服务;中餐厅;中餐厅,餐饮服务,中餐厅,"['五花肉', '大茄子', '掌中宝', '烤鱼', '乳羊排', '小黄鱼', '生蚝', '双人餐']"
B023B14EZ9,[],小龙虾,[],[],餐饮服务;餐饮相关场所;餐饮相关,[],[],050000,0,[],滨江区,[],18858260582,B0KG5N2YJ7,迎春东苑28号(滨和路地铁站D口步行450米),[],浙江省,diner,杭州市,320,"小龙虾,小酥肉,炒螺蛳,酱爆螺蛳",三虾客小龙虾临沂炒鸡(迎春东苑店),"120.221142,30.199387",[],[],[],,,TRUE,TRUE,FALSE,FALSE,餐饮服务;餐饮相关场所;餐饮相关,餐饮服务,餐饮相关场所,"['小龙虾', '小酥肉', '炒螺蛳', '酱爆螺蛳']"
[],[],江浙菜,[],[],餐饮服务;中餐厅;浙江菜|餐饮服务;中餐厅;海鲜酒楼,[],[],050106|050119,1,[],上城区,[],13757101550,B0FFI6VQAB,察院前巷8号,[],浙江省,diner,杭州市,[],"小龙虾,牛蛙,素菜,虾仁,牛肉,龙虾",龙虾小弟,"120.170223,30.233277",[],[],[],,,TRUE,TRUE,FALSE,FALSE,餐饮服务;中餐厅;浙江菜,餐饮服务,中餐厅,"['小龙虾', '牛蛙', '素菜', '虾仁', '牛肉', '龙虾']"
B0IB95BE7T,[],中餐,[],[],餐饮服务;中餐厅;中餐厅,[],[],050100,0,[],余杭区,[],15356683078,B0LRMSY7VJ,良渚街道金家渡路112号星运鲲鹏大厦一层,[],浙江省,diner,杭州市,202,"小龙虾,双人餐",瑔记·台州小馆·小龙虾(杭州首店),"120.094294,30.339974",[],[],[],,,TRUE,TRUE,FALSE,FALSE,餐饮服务;中餐厅;中餐厅,餐饮服务,中餐厅,"['小龙虾', '双人餐']"
B0FFG4GAOE,[],小龙虾,[],[],餐饮服务;中餐厅;特色/地方风味餐厅,[],[],050118,0,[],萧山区,[],13779871999;17767250914,B0I6B1QOWF,工人路与萧棉路交叉口(天润商业中心3-1号),[],浙江省,diner,杭州市,202,"小龙虾,大排档,堂食",戒指龙虾·小龙虾·烧烤(天润中心店),"120.263426,30.172314",[],[],[],,,TRUE,TRUE,FALSE,FALSE,餐饮服务;中餐厅;特色/地方风味餐厅,餐饮服务,中餐厅,"['小龙虾', '大排档', '堂食']"
B023B1AHL1,[],海鲜,[],[],餐饮服务;中餐厅;中餐厅,[],[],050100,0,[],西湖区,[],15058555081;18257849247,B0G1B67B98,申花路443号(虾龙圩地铁站D口步行490米),[],浙江省,diner,杭州市,202,"龙虾,堂食",可爸海鲜小龙虾大闸蟹(城西店No1),"120.099375,30.307144",[],[],[],,,TRUE,TRUE,FALSE,FALSE,餐饮服务;中餐厅;中餐厅,餐饮服务,中餐厅,"['龙虾', '堂食']"
[],[],小龙虾,[],[],餐饮服务;中餐厅;中餐厅,[],[],050100,0,[],桐庐县,[],[],B0ID6ZZ2RR,开元街317号,[],浙江省,diner,杭州市,[],"招牌香辣小龙虾,烤串,烤翅,口味虾",阿东烧烤小龙虾(桐庐店),"119.675939,29.802930",[],[],[],,,TRUE,TRUE,FALSE,FALSE,餐饮服务;中餐厅;中餐厅,餐饮服务,中餐厅,"['招牌香辣小龙虾', '烤串', '烤翅', '口味虾']"
[],[],小龙虾,[],[],餐饮服务;中餐厅;海鲜酒楼,[],[],050119,0,[],上城区,[],13805793705,B0FFFA822A,望江路201号(望江立交西侧),[],浙江省,diner,杭州市,[],"香辣小龙虾,十三香小龙虾,原味小龙虾,酸辣土豆丝,烤扇贝,酱爆螺丝,凉拌黄瓜,卤鸡爪,烤生蚝,盐水毛豆,椒盐小龙虾,爆炒螺丝,椒盐小土豆,香辣蟹,烤无骨鸡柳,羊肉串,龙虾",望江门阿根龙虾,"120.174261,30.237182",[],[],[],,,TRUE,TRUE,FALSE,FALSE,餐饮服务;中餐厅;海鲜酒楼,餐饮服务,中餐厅,"['香辣小龙虾', '十三香小龙虾', '原味小龙虾', '酸辣土豆丝', '烤扇贝', '酱爆螺丝', '凉拌黄瓜', '卤鸡爪', '烤生蚝', '盐水毛豆', '椒盐小龙虾', '爆炒螺丝', '椒盐小土豆', '香辣蟹', '烤无骨鸡柳', '羊肉串', '龙虾']"
B0FFHI6JZR,[],小龙虾,[],[],餐饮服务;中餐厅;海鲜酒楼|餐饮服务;中餐厅;特色/地方风味餐厅,[],[],050119|050118,1,[],拱墅区,[],18605885863,B0FFIPFLUI,杭行路555号华盛达阅城新座2幢下面,[],浙江省,diner,杭州市,320,"小龙虾,虾蟹,牛肉",虾蟹工坊龙虾馆(阅城新座店),"120.116616,30.332277",[],[],[],,,TRUE,TRUE,FALSE,FALSE,餐饮服务;中餐厅;海鲜酒楼,餐饮服务,中餐厅,"['小龙虾', '虾蟹', '牛肉']"
[],[],小龙虾,[],[],餐饮服务;中餐厅;特色/地方风味餐厅,[],[],050118,0,[],西湖区,[],13777849612,B0FFIXIKOF,文一西路426-428号,[],浙江省,diner,杭州市,[],"烤肉,素菜,五花肉,大排档,牛肉,鸡肉,龙虾",活虾堂龙虾(文一西路店),"120.092778,30.287068",[],[],[],,,TRUE,TRUE,FALSE,FALSE,餐饮服务;中餐厅;特色/地方风味餐厅,餐饮服务,中餐厅,"['烤肉', '素菜', '五花肉', '大排档', '牛肉', '鸡肉', '龙虾']"
B0L11XNM4K,[],大排档,[],[],餐饮服务;中餐厅;中餐厅,[],[],050100,0,[],余杭区,[],19011209090,B0L3VLILQE,仓前街道景兴科技大厦1幢110、111室,[],浙江省,diner,杭州市,202,"小龙虾,土菜",彭兜兜.地道湖南土菜.烧烤.小龙虾(仓南里MEET636店),"120.005419,30.272962",[],[],[],,,TRUE,TRUE,FALSE,FALSE,餐饮服务;中餐厅;中餐厅,餐饮服务,中餐厅,"['小龙虾', '土菜']"
B0FFFQYX7M,[],烧烤,[],[],餐饮服务;中餐厅;特色/地方风味餐厅,[],[],050118,0,[],余杭区,[],15858185289,B0FFKTBJ8B,缔逸城古墩路1719号(白洋地铁站C口步行380米),[],浙江省,diner,杭州市,320,"拌饭,烧烤烤鱼,羊肉串,炒螺蛳,撸串,龙虾烧烤,爆炒螺丝",李氏龙虾烧烤烤鱼(缔逸城商业街店),"120.071437,30.351989",[],[],[],,,TRUE,TRUE,FALSE,FALSE,餐饮服务;中餐厅;特色/地方风味餐厅,餐饮服务,中餐厅,"['拌饭', '烧烤烤鱼', '羊肉串', '炒螺蛳', '撸串', '龙虾烧烤', '爆炒螺丝']"
[],[],水产海鲜,[],[],餐饮服务;中餐厅;中餐厅,[],[],050100,0,[],富阳区,[],18258459060;19706839895,B0MDNCEK2Y,富春街道鹿山下19号,[],浙江省,diner,杭州市,[],小龙虾,三两好友深夜食堂富阳店·小龙虾·焗海鲜·烤乳猪,"119.939439,30.033007",[],[],[],,,TRUE,TRUE,FALSE,FALSE,餐饮服务;中餐厅;中餐厅,餐饮服务,中餐厅,['小龙虾']
[],[],烧烤,[],[],餐饮服务;中餐厅;中餐厅,[],[],050100,0,[],上城区,[],15355813567,B0FFJPRZZY,凤山路159号,[],浙江省,diner,杭州市,[],"小龙虾,羊排,生蚝,羊腿",永聚烤吧盱眙龙虾,"120.171575,30.224485",[],[],[],,,TRUE,TRUE,FALSE,FALSE,餐饮服务;中餐厅;中餐厅,餐饮服务,中餐厅,"['小龙虾', '羊排', '生蚝', '羊腿']"
B0I1LUMQQQ,[],小龙虾,[],[],餐饮服务;中餐厅;火锅店,[],[],050117,0,[],萧山区,[],15355465829,B0GDUU69S4,市心北路2024-5号(盈丰路地铁站D口步行340米),[],浙江省,diner,杭州市,202,"小龙虾,农家小炒肉,玉米,茄子,锅包肉,东北菜,羊肉串,龙虾烧烤,青椒",江南虾客·龙虾烧烤(钱江世纪城店),"120.255394,30.236486",[],[],[],,,TRUE,TRUE,FALSE,FALSE,餐饮服务;中餐厅;火锅店,餐饮服务,中餐厅,"['小龙虾', '农家小炒肉', '玉米', '茄子', '锅包肉', '东北菜', '羊肉串', '龙虾烧烤', '青椒']"
B0HGFG2RI3,[],小龙虾,[],[],餐饮服务;中餐厅;中餐厅,[],[],050100,0,[],西湖区,[],18252323888,B0FFIXE17Y,龙田街转塘象山国际广场4号楼1楼,[],浙江省,diner,杭州市,202,龙虾,盱眙·战友龙虾(转塘店),"120.079613,30.149670",[],[],[],,,TRUE,TRUE,FALSE,FALSE,餐饮服务;中餐厅;中餐厅,餐饮服务,中餐厅,['龙虾']
B023B09YC6,[],小龙虾,[],[],餐饮服务;中餐厅;中餐厅,[],[],050100,0,[],拱墅区,[],18106552778,B0FFKG67JX,沈家路66号,[],浙江省,diner,杭州市,320,小龙虾,虾锅·小龙虾·烧烤(沈家路店),"120.179545,30.315607",[],[],[],,,TRUE,TRUE,FALSE,FALSE,餐饮服务;中餐厅;中餐厅,餐饮服务,中餐厅,['小龙虾']
[],[],海鲜,[],[],餐饮服务;中餐厅;海鲜酒楼,[],[],050119,0,[],萧山区,[],13605709913,B0FFHUXZII,金莱街165号(育才北路地铁站C3口步行260米),[],浙江省,diner,杭州市,[],"小龙虾,牛蛙,酸菜鱼,炒螺蛳,酱爆螺蛳,龙虾,小炒黄牛肉,特色菜",朱小喜龙虾馆(金莱店),"120.271893,30.181455",[],[],[],,,TRUE,TRUE,FALSE,FALSE,餐饮服务;中餐厅;海鲜酒楼,餐饮服务,中餐厅,"['小龙虾', '牛蛙', '酸菜鱼', '炒螺蛳', '酱爆螺蛳', '龙虾', '小炒黄牛肉', '特色菜']"
[],[],小龙虾,[],[],餐饮服务;餐饮相关场所;餐饮相关,[],[],050000,0,[],富阳区,[],[],B0FFKEPAAE,富春街道后周路179号2楼,[],浙江省,diner,杭州市,[],龙虾,淮四龙虾,"119.939364,30.059067",[],[],[],,,TRUE,TRUE,FALSE,FALSE,餐饮服务;餐饮相关场所;餐饮相关,餐饮服务,餐饮相关场所,['龙虾']
B0FFHBT349,[],小龙虾,[],[],餐饮服务;餐饮相关场所;餐饮相关,[],[],050000,0,[],拱墅区,[],13221822778,B0H22YHS9D,中大银泰城6幢112室,[],浙江省,diner,杭州市,202,"小龙虾,龙虾,口味虾,爆款五星蒜蓉小龙虾",品蝦居小龙虾大闸蟹,"120.176997,30.327866",[],[],[],,,TRUE,TRUE,FALSE,FALSE,餐饮服务;餐饮相关场所;餐饮相关,餐饮服务,餐饮相关场所,"['小龙虾', '龙虾', '口味虾', '爆款五星蒜蓉小龙虾']"
B0FFM49KAH,[],火锅,[],[],餐饮服务;中餐厅;火锅店,[],[],050117,1,[],钱塘区,[],13757113720,B0FFH9PIND,杭州经济技术开发区学林街宝龙商业中心10幢101.102号,[],浙江省,diner,杭州市,202,"羊蝎子,火锅烧烤,羊肉",羊老三火锅烧烤龙虾馆(杭州下沙宝龙广场店),"120.386155,30.312132",[],[],[],,,TRUE,TRUE,FALSE,FALSE,餐饮服务;中餐厅;火锅店,餐饮服务,中餐厅,"['羊蝎子', '火锅烧烤', '羊肉']"
B0FFI2SUSM,[],小龙虾,[],[],餐饮服务;中餐厅;海鲜酒楼,[],[],050119,0,[],西湖区,[],15155017211,B0MG47XY1D,万塘路262号万塘汇大厦北楼F1层,[],浙江省,diner,杭州市,202,"烧烤大排档,龙虾",王市井龙虾·鲜货烧烤大排档(万塘汇店),"120.124426,30.278830",[],[],[],,,TRUE,TRUE,FALSE,FALSE,餐饮服务;中餐厅;海鲜酒楼,餐饮服务,中餐厅,"['烧烤大排档', '龙虾']"
B023B06OP3,[],烧烤,[],[],餐饮服务;中餐厅;特色/地方风味餐厅,[],[],050118,0,[],淳安县,[],13764979092,B0J1KM5U81,阳光路88号,[],浙江省,diner,杭州市,320,烤鱼,三只羊烧烤·烤鱼·龙虾馆,"119.042188,29.615786",[],[],[],,,TRUE,TRUE,FALSE,FALSE,餐饮服务;中餐厅;特色/地方风味餐厅,餐饮服务,中餐厅,['烤鱼']
B0HURP3GOZ,[],小龙虾,[],[],餐饮服务;中餐厅;海鲜酒楼,[],[],050119,0,[],拱墅区,[],18858149473,B0FFF4847D,胜利河美食街霞湾巷318-2望江门小龙虾,[],浙江省,diner,杭州市,324,"小龙虾,豆腐,特色菜,羊肉串",望江门小龙虾(胜利河美食街店),"120.156065,30.298012",[],[],[],,,TRUE,TRUE,FALSE,FALSE,餐饮服务;中餐厅;海鲜酒楼,餐饮服务,中餐厅,"['小龙虾', '豆腐', '特色菜', '羊肉串']"
B0FFF2Z1LG,[],烧烤,[],[],餐饮服务;中餐厅;中餐厅,[],[],050100,1,[],钱塘区,[],13968184860,B0J2FU5HOT,北苑大厦西区北门旁高沙路135号,[],浙江省,diner,杭州市,202,小龙虾,活虾堂·羊肉煲小龙虾烧烤(高沙店),"120.334904,30.305793",[],[],[],,,TRUE,TRUE,FALSE,FALSE,餐饮服务;中餐厅;中餐厅,餐饮服务,中餐厅,['小龙虾']
B023B13GTB,[],小龙虾,[],[],餐饮服务;中餐厅;海鲜酒楼,[],[],050119,0,[],余杭区,[],15088637700;18367151199,B0FFHFL51W,金家渡路197号,[],浙江省,diner,杭州市,320,"水煮肉片,酸菜鱼,龙虾",兄弟龙虾(金家渡总店),"120.092325,30.338213",[],[],[],,,TRUE,TRUE,FALSE,FALSE,餐饮服务;中餐厅;海鲜酒楼,餐饮服务,中餐厅,"['水煮肉片', '酸菜鱼', '龙虾']"
B0FFF3BY80,[],中餐,[],[],餐饮服务;中餐厅;中餐厅,[],[],050100,0,[],拱墅区,[],0571-88292868;18142012066,B0JUTM6QZ9,余官巷北2门东北50米,[],浙江省,diner,杭州市,320,"高山生炒鸡,小炒黄牛肉,紫苏螺蛳,青番茄腊肉,开花清水鱼,钱江源土烧包头鱼,麻辣豆腐,小炒黄牛肉,宵夜,烤串",胖子食府·衢州菜小龙虾烧烤(西湖店),"120.167503,30.266890",[],[],[],,,TRUE,TRUE,FALSE,FALSE,餐饮服务;中餐厅;中餐厅,餐饮服务,中餐厅,"['高山生炒鸡', '小炒黄牛肉', '紫苏螺蛳', '青番茄腊肉', '开花清水鱼', '钱江源土烧包头鱼', '麻辣豆腐', '小炒黄牛肉', '宵夜', '烤串']"
[],[],小龙虾,[],[],餐饮服务;餐饮相关场所;餐饮相关,[],[],050000,0,[],拱墅区,[],[],B0FFJ0XW6E,百井坊巷99号一楼(凤起路地铁站D4口步行290米),[],浙江省,diner,杭州市,[],"小龙虾,金汤酸奶酸菜鱼,绍兴臭豆腐,臭豆腐,麻香水煮鱼",黄尚皇小龙虾,"120.164615,30.266327",[],[],[],,,TRUE,TRUE,FALSE,FALSE,餐饮服务;餐饮相关场所;餐饮相关,餐饮服务,餐饮相关场所,"['小龙虾', '金汤酸奶酸菜鱼', '绍兴臭豆腐', '臭豆腐', '麻香水煮鱼']"
B0FFH17PV6,[],海鲜,[],[],餐饮服务;中餐厅;海鲜酒楼,[],[],050119,0,[],桐庐县,[],13616529976,B0HGOAUGZ6,大联路478号,[],浙江省,diner,杭州市,320,"小龙虾,龙虾",新大陆龙虾工坊(白云小区店),"119.694989,29.793420",[],[],[],,,TRUE,TRUE,FALSE,FALSE,餐饮服务;中餐厅;海鲜酒楼,餐饮服务,中餐厅,"['小龙虾', '龙虾']"
B0HD3HR12B,[],烧烤,[],[],餐饮服务;餐饮相关场所;餐饮相关,[],[],050000,0,[],萧山区,[],15382345035,B0KDVLRSLC,奥体华悦城南1门旁,[],浙江省,diner,杭州市,320,"小龙虾,牛肉串,炭烤五花肉,青椒虾滑,炭烤小黄鱼",财多多烧烤小排档·烧烤·小龙虾,"120.273454,30.215410",[],[],[],,,TRUE,TRUE,FALSE,FALSE,餐饮服务;餐饮相关场所;餐饮相关,餐饮服务,餐饮相关场所,"['小龙虾', '牛肉串', '炭烤五花肉', '青椒虾滑', '炭烤小黄鱼']"
B023B13P1L,[],水产海鲜,[],[],餐饮服务;中餐厅;中餐厅,[],[],050100,0,[],萧山区,[],17767174796,B0FFKTSKRT,育才路701号(699-701号),[],浙江省,diner,杭州市,320,"牛肉,牛羊肉",虞记小龙虾大闸蟹(育才路店),"120.279410,30.154326",[],[],[],,,TRUE,TRUE,FALSE,FALSE,餐饮服务;中餐厅;中餐厅,餐饮服务,中餐厅,"['牛肉', '牛羊肉']"
[],[],海鲜,[],[],餐饮服务;中餐厅;海鲜酒楼|餐饮服务;中餐厅;特色/地方风味餐厅,[],[],050119|050118,0,[],上城区,[],[],B0FFFA8226,望江街道望江路215号(江城路地铁站E口步行430米),[],浙江省,diner,杭州市,[],"十三香龙虾,香辣龙虾,香辣湖蟹煲,酱香牛蛙鸡爪煲,香辣湖蟹,麻辣龙虾,螃蟹,龙虾",215兄弟龙虾馆,"120.173857,30.237304",[],[],[],,,TRUE,TRUE,FALSE,FALSE,餐饮服务;中餐厅;海鲜酒楼,餐饮服务,中餐厅,"['十三香龙虾', '香辣龙虾', '香辣湖蟹煲', '酱香牛蛙鸡爪煲', '香辣湖蟹', '麻辣龙虾', '螃蟹', '龙虾']"
[],[],烧烤,[],[],餐饮服务;中餐厅;特色/地方风味餐厅,[],[],050118,0,[],西湖区,[],13567179648;15988859532,B0FFG74U2B,文三西路638-7号(五联西苑南大门汉庭酒店旁边),[],浙江省,diner,杭州市,[],"特色碳烤羊排,烤扇贝,碳烤生蚝,特色碳烤羊腿,烤金针菇,羊肉,羊肉串,龙虾",特色碳烤羊腿·龙虾,"120.095179,30.275831",[],[],[],,,TRUE,TRUE,FALSE,FALSE,餐饮服务;中餐厅;特色/地方风味餐厅,餐饮服务,中餐厅,"['特色碳烤羊排', '烤扇贝', '碳烤生蚝', '特色碳烤羊腿', '烤金针菇', '羊肉', '羊肉串', '龙虾']"
B0J6G5L9OJ,[],小龙虾,[],[],餐饮服务;中餐厅;海鲜酒楼,[],[],050119,1,[],上城区,[],15861776777;18752346232,B0FFKGEW85,明珠街436号(置鼎时代中心北区南门旁),[],浙江省,diner,杭州市,320,"特色菜,大虾",光头龙虾(丁桥店),"120.229158,30.351452",[],[],[],,,TRUE,TRUE,FALSE,FALSE,餐饮服务;中餐厅;海鲜酒楼,餐饮服务,中餐厅,"['特色菜', '大虾']"
B0FFGAR5GG,[],海鲜,[],[],餐饮服务;中餐厅;海鲜酒楼,[],[],050119,0,[],滨江区,[],15755015233,B0FFKGFS8S,江陵路2040号(江陵路地铁站A口步行490米),[],浙江省,diner,杭州市,202,[],金榜龙虾馆(星耀城店),"120.214310,30.213421",[],[],[],,,TRUE,TRUE,FALSE,FALSE,餐饮服务;中餐厅;海鲜酒楼,餐饮服务,中餐厅,[]
B0FFL9RQ5O,[],小龙虾,[],[],餐饮服务;中餐厅;海鲜酒楼,[],[],050119,0,[],上城区,[],15397101717;17742002803,B0FFHLM3XJ,湖边村西门旁(龙翔桥地铁站出入口步行430米),[],浙江省,diner,杭州市,324,"小龙虾,双人餐",望江门小龙虾(西湖国贸店),"120.160703,30.256760",[],[],[],,,TRUE,TRUE,FALSE,FALSE,餐饮服务;中餐厅;海鲜酒楼,餐饮服务,中餐厅,"['小龙虾', '双人餐']"
B0FFJ8YQ40,[],小龙虾,[],[],餐饮服务;中餐厅;海鲜酒楼,[],[],050119,0,[],上城区,[],13606807575,B0FFJIHQP8,钱潮路636号瑞凯水湘大厦昙花庵路111号,[],浙江省,diner,杭州市,202,"川味回锅肉,鸡肉,龙虾",阿刚龙虾(瑞凯水湘大厦店),"120.214711,30.270636",[],[],[],,,TRUE,TRUE,FALSE,FALSE,餐饮服务;中餐厅;海鲜酒楼,餐饮服务,中餐厅,"['川味回锅肉', '鸡肉', '龙虾']"
[],[],烧烤,[],[],餐饮服务;餐饮相关场所;餐饮相关,[],[],050000,0,[],滨江区,[],15857182726,B0GRD9KN35,东冠路731-733号(浦沿地铁站A口步行270米),[],浙江省,diner,杭州市,[],"小龙虾,烤鱼,龙虾烧烤,烤全羊,龙虾,小酥肉,酸菜鱼,炒螺蛳,酱爆螺丝",大禹龙虾烧烤,"120.151163,30.159393",[],[],[],,,TRUE,TRUE,FALSE,FALSE,餐饮服务;餐饮相关场所;餐饮相关,餐饮服务,餐饮相关场所,"['小龙虾', '烤鱼', '龙虾烧烤', '烤全羊', '龙虾', '小酥肉', '酸菜鱼', '炒螺蛳', '酱爆螺丝']"
B0KUKMG2Z5,[],小龙虾,[],[],餐饮服务;中餐厅;特色/地方风味餐厅,[],[],050118,0,[],西湖区,[],17764563456,B0KRCOBAXM,双浦镇西投银泰云潮中心11号楼1层底商25号,[],浙江省,diner,杭州市,202,"小龙虾,烤鱼,烤鱼",炙烤拾光烧烤 烤鱼 小龙虾(西投云潮中心店),"120.104577,30.146519",[],[],[],,,TRUE,TRUE,FALSE,FALSE,餐饮服务;中餐厅;特色/地方风味餐厅,餐饮服务,中餐厅,"['小龙虾', '烤鱼', '烤鱼']"
B0FFI8RJNX,[],小龙虾,[],[],餐饮服务;中餐厅;海鲜酒楼,[],[],050119,0,[],上城区,[],15305238360;18668435674,B0GUZ7FMO8,丁兰街道丁桥明珠街349号(置鼎时代中心南区北门东北110米),[],浙江省,diner,杭州市,320,"小龙虾,龙虾,年糕,生蚝",盱眙杨姐龙虾馆·仓前羊肉馆(明珠街店),"120.230030,30.351317",[],[],[],,,TRUE,TRUE,FALSE,FALSE,餐饮服务;中餐厅;海鲜酒楼,餐饮服务,中餐厅,"['小龙虾', '龙虾', '年糕', '生蚝']"
B0IB95BE7T,[],涮羊肉,[],[],餐饮服务;中餐厅;中餐厅,[],[],050100,0,[],余杭区,[],13309599341,B0JDYC0OO6,星运鲲鹏中心南门旁,[],浙江省,diner,杭州市,202,双人餐,泉水羊肉炉烧烤龙虾(西田城店),"120.094079,30.339878",[],[],[],,,TRUE,TRUE,FALSE,FALSE,餐饮服务;中餐厅;中餐厅,餐饮服务,中餐厅,['双人餐']
B0FFGTWPIY,[],小龙虾,[],[],餐饮服务;中餐厅;中餐厅,[],[],050100,0,[],上城区,[],0571-88326339;19012806391,B0JRTD4XIR,九环路格畈家园南苑1排16号102,[],浙江省,diner,杭州市,202,小龙虾,望江门小龙虾(杭州旗舰店),"120.263416,30.323839",[],[],[],,,TRUE,TRUE,FALSE,FALSE,餐饮服务;中餐厅;中餐厅,餐饮服务,中餐厅,['小龙虾']
B0FFKZXS17,[],小龙虾,[],[],餐饮服务;中餐厅;中餐厅,[],[],050100,0,[],余杭区,[],18158124653,B0K3UAKWSE,赛银国际商务中心3幢一单元101,[],浙江省,diner,杭州市,202,烧烤海鲜,醉盏堂烧烤海鲜小龙虾,"120.020420,30.273853",[],[],[],,,TRUE,TRUE,FALSE,FALSE,餐饮服务;中餐厅;中餐厅,餐饮服务,中餐厅,['烧烤海鲜']
B0FFI0VFCR,[],小龙虾,[],[],餐饮服务;餐饮相关场所;餐饮相关,[],[],050000,0,[],滨江区,[],18058706987,B0FFKQICQR,浦沿街道滨盛路3867号宝龙城1幢1154室,[],浙江省,diner,杭州市,202,"纸包鱼,烤鱼,牛肉,口味虾,香辣小龙虾",江南龙虾纸包鱼(滨江宝龙店),"120.167366,30.188634",[],[],[],,,TRUE,TRUE,FALSE,FALSE,餐饮服务;餐饮相关场所;餐饮相关,餐饮服务,餐饮相关场所,"['纸包鱼', '烤鱼', '牛肉', '口味虾', '香辣小龙虾']"
B023B14LGA,[],中餐,[],[],餐饮服务;中餐厅;海鲜酒楼,[],[],050119,1,[],桐庐县,[],0571-64271895;15068812178,B0H63U84VG,滨江路1761号,[],浙江省,diner,杭州市,320,"炒螺蛳,龙虾,酱爆螺蛳",金湖小龙虾(滨江路店),"119.677366,29.790948",[],[],[],,,TRUE,TRUE,FALSE,FALSE,餐饮服务;中餐厅;海鲜酒楼,餐饮服务,中餐厅,"['炒螺蛳', '龙虾', '酱爆螺蛳']"
[],[],小龙虾,[],[],餐饮服务;中餐厅;中餐厅,[],[],050100,1,[],临平区,[],19857174302,B0HGZA3FX5,南苑街道河南埭路108号22幢(杭州·临平新天地东南门东北60米),[],浙江省,diner,杭州市,[],"小龙虾,酱爆螺蛳,炒螺蛳",虾不打烊小龙虾馆,"120.309331,30.421126",[],[],[],,,TRUE,TRUE,FALSE,FALSE,餐饮服务;中餐厅;中餐厅,餐饮服务,中餐厅,"['小龙虾', '酱爆螺蛳', '炒螺蛳']"
[],[],中餐,[],[],餐饮服务;中餐厅;海鲜酒楼,[],[],050119,0,[],上城区,[],18757577670,B0MGF74F13,九堡家苑三区14排47号,[],浙江省,diner,杭州市,[],[],锋味龙虾,"120.283534,30.313742",[],[],[],,,TRUE,TRUE,FALSE,FALSE,餐饮服务;中餐厅;海鲜酒楼,餐饮服务,中餐厅,[]
B023B144AK,[],烧烤,[],[],餐饮服务;中餐厅;中餐厅,[],[],050100,0,[],余杭区,[],15258831861,B0IGSZ4RSW,闲林街道闲林东路7号缸窑桥农贸市场028号029号,[],浙江省,diner,杭州市,202,"大草鱼,鸭血,蒜蓉烤茄子,万州烤鱼,秘制蒜蓉小龙虾,紫苏牛蛙,烤鱼烧烤,烤鱼,烧烤龙虾",万州烤鱼烧烤龙虾炒菜,"120.005022,30.229386",[],[],[],,,TRUE,TRUE,FALSE,FALSE,餐饮服务;中餐厅;中餐厅,餐饮服务,中餐厅,"['大草鱼', '鸭血', '蒜蓉烤茄子', '万州烤鱼', '秘制蒜蓉小龙虾', '紫苏牛蛙', '烤鱼烧烤', '烤鱼', '烧烤龙虾']"
[],[],川菜,[],[],餐饮服务;中餐厅;特色/地方风味餐厅|餐饮服务;中餐厅;四川菜(川菜),[],[],050118|050102,0,[],滨江区,[],18057158130,B0IG6AE35Z,杨家墩商业街5-1号,[],浙江省,diner,杭州市,[],"双人餐,烤鱼,鸡肉",正宗万州烤魚烧烤小龙虾,"120.151918,30.169761",[],[],[],,,TRUE,TRUE,FALSE,FALSE,餐饮服务;中餐厅;特色/地方风味餐厅,餐饮服务,中餐厅,"['双人餐', '烤鱼', '鸡肉']"
[],[],小龙虾,[],[],餐饮服务;中餐厅;中餐厅,[],[],050100,0,[],余杭区,[],13777375213;18357159920,B0IGXAKBRY,五常街道西溪八方城10幢125,[],浙江省,diner,杭州市,[],"小龙虾,双人餐",虾老大深夜食堂·焗海鲜·小龙虾(八方城店),"120.044655,30.290716",[],[],[],,,TRUE,TRUE,FALSE,FALSE,餐饮服务;中餐厅;中餐厅,餐饮服务,中餐厅,"['小龙虾', '双人餐']"
B0FFHDRJSL,[],川菜,[],[],餐饮服务;中餐厅;海鲜酒楼,[],[],050119,0,[],萧山区,[],0571-83691777;15158101998,B023B0BT0K,市民南路36号,[],浙江省,diner,杭州市,202,"小龙虾,水煮肉片,龙虾",重庆佬陈龙虾馆,"120.267107,30.163951",[],[],[],,,TRUE,TRUE,FALSE,FALSE,餐饮服务;中餐厅;海鲜酒楼,餐饮服务,中餐厅,"['小龙虾', '水煮肉片', '龙虾']"
B0J1JHS42X,[],小龙虾,[],[],餐饮服务;餐饮相关场所;餐饮相关,[],[],050000,0,[],钱塘区,[],18157356117,B0KAJR6WMD,下沙宝龙广场20幢102室,[],浙江省,diner,杭州市,320,龙虾,钳和有龙虾·只做活虾(宝龙店),"120.382719,30.312092",[],[],[],,,TRUE,TRUE,FALSE,FALSE,餐饮服务;餐饮相关场所;餐饮相关,餐饮服务,餐饮相关场所,['龙虾']
[],[],中餐,[],[],餐饮服务;中餐厅;中餐厅,[],[],050100,1,[],上城区,[],0571-81800131;13666629608,B0JDARC8AD,望江路227号,[],浙江省,diner,杭州市,[],[],望江门227号龙虾馆,"120.173724,30.237325",[],[],[],,,TRUE,TRUE,FALSE,FALSE,餐饮服务;中餐厅;中餐厅,餐饮服务,中餐厅,[]
B0G1ZU5U75,[],小龙虾,[],[],餐饮服务;中餐厅;中餐厅,[],[],050100,0,[],萧山区,[],13735859569,B0L1BZYU4S,建设四路392号(领航汇长龙·领航城店1号门旁),[],浙江省,diner,杭州市,202,[],串小二鲜货烧烤.龙虾风暴,"120.244666,30.210339",[],[],[],,,TRUE,TRUE,FALSE,FALSE,餐饮服务;中餐厅;中餐厅,餐饮服务,中餐厅,[]
B0I1FUP990,[],中餐,[],[],餐饮服务;中餐厅;中餐厅,[],[],050100,0,[],拱墅区,[],[],B0IR7A7LGX,萍水路299号太合商业中心6幢102底商,[],浙江省,diner,杭州市,202,"烧烤烤鱼,烤鱼",俏嘴烧烤烤鱼龙虾,"120.112003,30.301911",[],[],[],,,TRUE,TRUE,FALSE,FALSE,餐饮服务;中餐厅;中餐厅,餐饮服务,中餐厅,"['烧烤烤鱼', '烤鱼']"
B0FFF5Q7SR,[],小龙虾,[],[],餐饮服务;中餐厅;特色/地方风味餐厅,[],[],050118,0,[],余杭区,[],13325711853;15152345513,B0FFHQMY40,余杭街道禹航路33-35号,[],浙江省,diner,杭州市,320,"小龙虾,蛋炒饭,酸菜鱼,五花肉,小酥肉,龙虾",盱眙战友龙虾(余杭店),"119.950794,30.251977",[],[],[],,,TRUE,TRUE,FALSE,FALSE,餐饮服务;中餐厅;特色/地方风味餐厅,餐饮服务,中餐厅,"['小龙虾', '蛋炒饭', '酸菜鱼', '五花肉', '小酥肉', '龙虾']"
[],[],海鲜,[],[],餐饮服务;中餐厅;海鲜酒楼,[],[],050119,0,[],上城区,[],15306567343,B0H2RR2IK4,花园兜街203号,[],浙江省,diner,杭州市,[],"年糕,农家小炒肉,酸菜鱼,甲鱼",可爸海鲜小龙虾大闸蟹(城东店No3),"120.214126,30.296942",[],[],[],,,TRUE,TRUE,FALSE,FALSE,餐饮服务;中餐厅;海鲜酒楼,餐饮服务,中餐厅,"['年糕', '农家小炒肉', '酸菜鱼', '甲鱼']"
B0FFG4GAOE,[],小龙虾,[],[],餐饮服务;餐饮相关场所;餐饮相关,[],[],050000,0,[],萧山区,[],13968000027,B0LR65EZMB,北干街道天润商业中心2-18号,[],浙江省,diner,杭州市,202,龙虾,小南门龙虾(天润店),"120.263110,30.173113",[],[],[],,,TRUE,TRUE,FALSE,FALSE,餐饮服务;餐饮相关场所;餐饮相关,餐饮服务,餐饮相关场所,['龙虾']
[],[],小龙虾,[],[],餐饮服务;中餐厅;中餐厅,[],[],050100,1,[],萧山区,[],18072829009,B0FFL4N02B,新塘街道人民路833号-837号,[],浙江省,diner,杭州市,[],"龙虾,麻辣烫",天天有鹅肉·小南门龙虾,"120.290727,30.160344",[],[],[],,,TRUE,TRUE,FALSE,FALSE,餐饮服务;中餐厅;中餐厅,餐饮服务,中餐厅,"['龙虾', '麻辣烫']"
B0J05SQIWD,[],小龙虾,[],[],餐饮服务;中餐厅;中餐厅,[],[],050100,0,[],上城区,[],[],B0MGMCAAIU,源聚路与环站东路交叉口东北120米,[],浙江省,diner,杭州市,202,小龙虾,红钳侠小龙虾·簋街麻小(东站德信店),"120.221197,30.295503",[],[],[],,,TRUE,TRUE,FALSE,FALSE,餐饮服务;中餐厅;中餐厅,餐饮服务,中餐厅,['小龙虾']
[],[],大闸蟹,[],[],餐饮服务;中餐厅;海鲜酒楼,[],[],050119,0,[],拱墅区,[],18058107483,B0HDX686Y2,信义商街247号(信义坊小区西南门东70米),[],浙江省,diner,杭州市,[],馋嘴牛蛙,快点小龙虾大闸蟹(信义坊店),"120.142495,30.294298",[],[],[],,,TRUE,TRUE,FALSE,FALSE,餐饮服务;中餐厅;海鲜酒楼,餐饮服务,中餐厅,['馋嘴牛蛙']
B0FFHQNS7Z,[],小龙虾,[],[],餐饮服务;中餐厅;中餐厅,[],[],050100,0,[],拱墅区,[],15044401919,B0KB2HQEEO,小河路698号,[],浙江省,diner,杭州市,202,小龙虾,小洋哥东北大油边儿-小龙虾(拱墅店),"120.136821,30.328101",[],[],[],,,TRUE,TRUE,FALSE,FALSE,餐饮服务;中餐厅;中餐厅,餐饮服务,中餐厅,['小龙虾']
[],[],海鲜,[],[],餐饮服务;中餐厅;中餐厅,[],[],050100,0,[],桐庐县,[],13093738554;18868777675,B0JUDC6VHK,西湖弄18号,[],浙江省,diner,杭州市,[],小龙虾,虾客行小龙虾(西湖弄店),"119.676536,29.805601",[],[],[],,,TRUE,TRUE,FALSE,FALSE,餐饮服务;中餐厅;中餐厅,餐饮服务,中餐厅,['小龙虾']
B0J15C2SMS,[],小龙虾,[],[],餐饮服务;中餐厅;海鲜酒楼,[],[],050119,0,[],桐庐县,[],13588183753,B0FFG3BKNA,迎春三弄68号(陈家坞),[],浙江省,diner,杭州市,202,双人餐,醉爱龙虾馆(桐庐店),"119.693792,29.792918",[],[],[],,,TRUE,TRUE,FALSE,FALSE,餐饮服务;中餐厅;海鲜酒楼,餐饮服务,中餐厅,['双人餐']
[],[],小龙虾,[],[],餐饮服务;餐饮相关场所;餐饮相关,[],[],050000,0,[],拱墅区,[],[],B0G2AK39U5,武林路与孩儿巷交叉口西北80米,[],浙江省,diner,杭州市,[],牛蛙,堕落小龙虾·干锅鸡·牛蛙(武林路店),"120.160466,30.262652",[],[],[],,,TRUE,TRUE,FALSE,FALSE,餐饮服务;餐饮相关场所;餐饮相关,餐饮服务,餐饮相关场所,['牛蛙']
B0FFIW8DP1,[],小龙虾,[],[],餐饮服务;中餐厅;中餐厅,[],[],050100,0,[],钱塘区,[],15857853373,B0JDRK83EA,下沙宝龙商业广场29幢107,[],浙江省,diner,杭州市,202,小龙虾,吃过瘾小龙虾(下沙宝龙店),"120.383453,30.312815",[],[],[],,,TRUE,TRUE,FALSE,FALSE,餐饮服务;中餐厅;中餐厅,餐饮服务,中餐厅,['小龙虾']
B0FFF75251,[],小龙虾,[],[],餐饮服务;中餐厅;中餐厅,[],[],050100,1,[],西湖区,[],15268519506,B0L33M9CSV,振华路215号,[],浙江省,diner,杭州市,320,大排档,九龙大排档小龙虾烤鱼,"120.073556,30.313495",[],[],[],,,TRUE,TRUE,FALSE,FALSE,餐饮服务;中餐厅;中餐厅,餐饮服务,中餐厅,['大排档']
B0FFJ2REEC,[],小龙虾,[],[],餐饮服务;中餐厅;四川菜(川菜),[],[],050102,0,[],萧山区,[],15267095329,B0HR3XJEJ6,通惠中路28号贵创广场F1层,[],浙江省,diner,杭州市,202,"小龙虾,酸菜鱼,酸菜鱼,酸菜黑鱼,蛋炒饭,鸡肉",今日川菜龙虾馆(贵创广场店),"120.286111,30.165456",[],[],[],,,TRUE,TRUE,FALSE,FALSE,餐饮服务;中餐厅;四川菜(川菜),餐饮服务,中餐厅,"['小龙虾', '酸菜鱼', '酸菜鱼', '酸菜黑鱼', '蛋炒饭', '鸡肉']"
[],[],烧烤,[],[],餐饮服务;餐饮相关场所;餐饮相关,[],[],050000,0,[],淳安县,[],[],B0LAPCIW71,千岛湖镇鱼街87号、南景路442号,[],浙江省,diner,杭州市,[],龙虾,淮四龙虾·鲜货烧烤(千岛湖店),"119.027592,29.599395",[],[],[],,,TRUE,TRUE,FALSE,FALSE,餐饮服务;餐饮相关场所;餐饮相关,餐饮服务,餐饮相关场所,['龙虾']
B0HRJUPBN4,[],小龙虾,[],[],餐饮服务;中餐厅;中餐厅,[],[],050100,0,[],萧山区,[],[],B0IDRGVMTZ,商贸街368号(永盛路地铁站H口步行360米),[],浙江省,diner,杭州市,324,[],虾豪龙虾羊蝎子(靖江商贸街店),"120.470370,30.234284",[],[],[],,,TRUE,TRUE,FALSE,FALSE,餐饮服务;中餐厅;中餐厅,餐饮服务,中餐厅,[]
[],[],小龙虾,[],[],餐饮服务;中餐厅;中餐厅,[],[],050100,0,[],临安区,[],18358183935,B0H3VM9P6W,锦城街道广苑小区2号,[],浙江省,diner,杭州市,[],"小龙虾,撸串,羊肉卷",兄弟龙虾(广苑小区店),"119.710809,30.229585",[],[],[],,,TRUE,TRUE,FALSE,FALSE,餐饮服务;中餐厅;中餐厅,餐饮服务,中餐厅,"['小龙虾', '撸串', '羊肉卷']"
B023B1CBOK,[],小龙虾,[],[],餐饮服务;中餐厅;海鲜酒楼,[],[],050119,0,[],富阳区,[],13516770525,B0HUMUUY3C,银湖街道富闲路15号科技园1幢101室,[],浙江省,diner,杭州市,320,双人餐,洪泽湖龙虾馆,"119.983613,30.138806",[],[],[],,,TRUE,TRUE,FALSE,FALSE,餐饮服务;中餐厅;海鲜酒楼,餐饮服务,中餐厅,['双人餐']
B0FFM8SXD4,[],中餐,[],[],餐饮服务;餐饮相关场所;餐饮相关,[],[],050000,0,[],余杭区,[],19157629873;19967309385,B0KK0K8LFJ,中南未来里6幢121(荆长路地铁站A口步行240米),[],浙江省,diner,杭州市,320,私房菜,可爸海鲜小龙虾私房菜(余杭店No.8),"120.042159,30.288725",[],[],[],,,TRUE,TRUE,FALSE,FALSE,餐饮服务;餐饮相关场所;餐饮相关,餐饮服务,餐饮相关场所,['私房菜']
B0IA2M4FIX,[],小龙虾,[],[],餐饮服务;中餐厅;海鲜酒楼,[],[],050119,0,[],钱塘区,[],15157101525,B0FFI2OEZN,大江东产业集聚区义蓬街道春益一路80-92号,[],浙江省,diner,杭州市,320,小龙虾,小南门阿坤龙虾馆(义蓬旗舰店),"120.492828,30.268743",[],[],[],,,TRUE,TRUE,FALSE,FALSE,餐饮服务;中餐厅;海鲜酒楼,餐饮服务,中餐厅,['小龙虾']
B023B1FRA2,[],烧烤,[],[],餐饮服务;中餐厅;中餐厅,[],[],050100,1,[],临平区,[],15158179135,B0JG3M0UWI,崇贤街道佳源名城10-60,[],浙江省,diner,杭州市,320,"小龙虾,烤鱼",大渔农特色烤鱼·烧烤·小龙虾(崇贤佳源名城店),"120.174191,30.380690",[],[],[],,,TRUE,TRUE,FALSE,FALSE,餐饮服务;中餐厅;中餐厅,餐饮服务,中餐厅,"['小龙虾', '烤鱼']"
[],[],烤鱼,[],[],餐饮服务;中餐厅;特色/地方风味餐厅|餐饮服务;中餐厅;四川菜(川菜),[],[],050118|050102,0,[],钱塘区,[],13221410555,B0FFMHQK7G,下沙街道下沙街道智格小区商业街银沙路87-90号,[],浙江省,diner,杭州市,[],"龙虾,东坡鸡,土豆片,大白菜,生菜,秘制烤鱼,豆芽,水煮鱼,秘制烤鱼,口水鸡,红烧肉,毛血旺,辣子鸡,麻婆豆腐",四川老头烤鱼龙虾川菜馆(智格店),"120.332821,30.297708",[],[],[],,,TRUE,TRUE,FALSE,FALSE,餐饮服务;中餐厅;特色/地方风味餐厅,餐饮服务,中餐厅,"['龙虾', '东坡鸡', '土豆片', '大白菜', '生菜', '秘制烤鱼', '豆芽', '水煮鱼', '秘制烤鱼', '口水鸡', '红烧肉', '毛血旺', '辣子鸡', '麻婆豆腐']"
B0FFHZL6EM,[],海鲜,[],[],餐饮服务;中餐厅;海鲜酒楼,[],[],050119,0,[],萧山区,[],19157629873,B0IAL5X42A,奔竞大道498号,[],浙江省,diner,杭州市,320,"小龙虾,拌面,家常菜",可爸海鲜小龙虾大闸蟹(萧山店No5),"120.245071,30.231618",[],[],[],,,TRUE,TRUE,FALSE,FALSE,餐饮服务;中餐厅;海鲜酒楼,餐饮服务,中餐厅,"['小龙虾', '拌面', '家常菜']"
[],[],小龙虾,[],[],餐饮服务;中餐厅;中餐厅,[],[],050100,0,[],钱塘区,[],15268524428;15867120393,B0IAGZ1PLF,河庄街道河中路888号,[],浙江省,diner,杭州市,[],"小龙虾,堂食",戒指龙虾(大江东店),"120.464049,30.292075",[],[],[],,,TRUE,TRUE,FALSE,FALSE,餐饮服务;中餐厅;中餐厅,餐饮服务,中餐厅,"['小龙虾', '堂食']"
B0FFF6WJVL,[],小龙虾,[],[],餐饮服务;中餐厅;海鲜酒楼,[],[],050119,0,[],上城区,[],15638618017;18021066257,B0FFG13WFW,江干区九堡家苑三区10排十九号一楼中间前半间,[],浙江省,diner,杭州市,320,"小龙虾,蛋炒饭",李氏龙虾(九堡家苑三区店),"120.286774,30.313159",[],[],[],,,TRUE,TRUE,FALSE,FALSE,餐饮服务;中餐厅;海鲜酒楼,餐饮服务,中餐厅,"['小龙虾', '蛋炒饭']"
[],[],小龙虾,[],[],餐饮服务;中餐厅;火锅店,[],[],050117,1,[],滨江区,[],15137063331;15236816626,B0JB3ZEX6F,西浦路1146号(逸天广场西门旁),[],浙江省,diner,杭州市,[],"小龙虾,羊肉串",小明家烤羊吧盱眙龙虾,"120.135168,30.174767",[],[],[],,,TRUE,TRUE,FALSE,FALSE,餐饮服务;中餐厅;火锅店,餐饮服务,中餐厅,"['小龙虾', '羊肉串']"
B0J1GU7OU0,[],小龙虾,[],[],餐饮服务;中餐厅;综合酒楼,[],[],050101,0,[],富阳区,[],18967113903,B0FFIY6E9W,富春街道文教路219-1号,[],浙江省,diner,杭州市,320,[],戒指龙虾(富阳店),"119.939301,30.032030",[],[],[],,,TRUE,TRUE,FALSE,FALSE,餐饮服务;中餐厅;综合酒楼,餐饮服务,中餐厅,[]
[],[],烧烤,[],[],餐饮服务;中餐厅;特色/地方风味餐厅,[],[],050118,0,[],西湖区,[],15990020200;18413259347;19558223154,B0FFHFICX1,留下汇峰国际周记烧烤(留下地铁站C口步行220米),[],浙江省,diner,杭州市,[],单人餐,周记羊骨烧烤龙虾火锅(留下店),"120.051226,30.239226",[],[],[],,,TRUE,TRUE,FALSE,FALSE,餐饮服务;中餐厅;特色/地方风味餐厅,餐饮服务,中餐厅,['单人餐']
B0LUF144SO,[],饮品,[],[],餐饮服务;咖啡厅;星巴克咖啡,[],[],050501,0,[],上城区,[],0571-86963052,B0FFGL19NW,解放东路58号市民中心H座B1层3-4-5号商铺,[],浙江省,diner,杭州市,202,"拿铁,摩卡星冰乐,焦糖玛奇朵,可可碎片星冰乐,香草拿铁,卡布奇诺,抹茶拿铁,单人餐,下午茶,奶油",星巴克(杭州市民中心店),"120.209391,30.245293",[],[],[],,,TRUE,TRUE,FALSE,FALSE,餐饮服务;咖啡厅;星巴克咖啡,餐饮服务,咖啡厅,"['拿铁', '摩卡星冰乐', '焦糖玛奇朵', '可可碎片星冰乐', '香草拿铁', '卡布奇诺', '抹茶拿铁', '单人餐', '下午茶', '奶油']"
B0FFH2VWTH,[],咖啡,[],[],餐饮服务;咖啡厅;咖啡厅,[],[],050500,0,[],上城区,[],[],B0JKH7B8JP,四季青街道新业路228号杭州来福士中心4楼411号,[],浙江省,diner,杭州市,201,冰美式,Pull-Tab拉环咖啡(杭州市上城区来福士中心店),"120.212907,30.247711",[],[],[],,,TRUE,TRUE,FALSE,FALSE,餐饮服务;咖啡厅;咖啡厅,餐饮服务,咖啡厅,['冰美式']
B0FFH2VWTH,[],咖啡,[],[],餐饮服务;咖啡厅;咖啡厅,[],[],050500,0,[],上城区,[],13567103089,B0HAH9MBB6,新业路228号杭州来福士中心01层11,[],浙江省,diner,杭州市,201,"手打咖啡,摘星芝士蛋糕,原味千层蛋糕,当日精选黑咖啡,黑森林蛋糕,摘星奶砖拿铁,夏黑葡萄气泡美式,航海花蜜榛果风味拿铁,瀑布冷萃,三重云萃小方瓶,重山云瑰拿铁,面包,摘星拿铁,摘星气泡美式,重山云瑰澳白,coffee,芝士蛋糕",Peet's皮爷咖啡(杭州来福士店),"120.212805,30.248635",[],[],[],,,TRUE,TRUE,FALSE,FALSE,餐饮服务;咖啡厅;咖啡厅,餐饮服务,咖啡厅,"['手打咖啡', '摘星芝士蛋糕', '原味千层蛋糕', '当日精选黑咖啡', '黑森林蛋糕', '摘星奶砖拿铁', '夏黑葡萄气泡美式', '航海花蜜榛果风味拿铁', '瀑布冷萃', '三重云萃小方瓶', '重山云瑰拿铁', '面包', '摘星拿铁', '摘星气泡美式', '重山云瑰澳白', 'coffee', '芝士蛋糕']"
B0FFH2VWTH,[],咖啡,[],[],餐饮服务;咖啡厅;咖啡厅,[],[],050500,0,[],上城区,[],13072171080,B0HATSXEGM,新业路228号杭州来福士中心01层02号,[],浙江省,diner,杭州市,202,"奶油,巧克力,香肠,黄油,奶咖,卡布奇诺,油条",M Stand(杭州来福士中心店),"120.213275,30.247925",[],[],[],,,TRUE,TRUE,FALSE,FALSE,餐饮服务;咖啡厅;咖啡厅,餐饮服务,咖啡厅,"['奶油', '巧克力', '香肠', '黄油', '奶咖', '卡布奇诺', '油条']"
B0FFG08H83,[],咖啡,[],[],餐饮服务;咖啡厅;咖啡厅,[],[],050500,0,[],上城区,[],[],B0MG0ZH6I0,解放东路18号钱江新城市民中心H座南区F1层,[],浙江省,diner,杭州市,202,[],瑞幸咖啡(钱江新城市民中心店),"120.210449,30.245301",[],[],[],,,TRUE,TRUE,FALSE,FALSE,餐饮服务;咖啡厅;咖啡厅,餐饮服务,咖啡厅,[]
B0FFH2VWTH,[],咖啡,[],[],餐饮服务;餐饮相关场所;餐饮相关,[],[],050000,0,[],上城区,[],15168308372,B0L1ACJRAH,新业路228号杭州来福士中心1层28号Ora Coffee商铺,[],浙江省,diner,杭州市,201,coffee,Ora Coffee 杭州来福士店,"120.213592,30.248722",[],[],[],,,TRUE,TRUE,FALSE,FALSE,餐饮服务;餐饮相关场所;餐饮相关,餐饮服务,餐饮相关场所,['coffee']
B0FFH2VWTH,[],饮品,[],[],餐饮服务;咖啡厅;星巴克咖啡,[],[],050501,1,[],上城区,[],0571-85067163,B0HADOGYMU,富春路与丹桂街交叉口西160米杭州来福士广场1F层(5号门附近),[],浙江省,diner,杭州市,201,"单人餐,下午茶",星巴克(杭州来福士广场店),"120.213361,30.248302",[],[],[],,,TRUE,TRUE,FALSE,FALSE,餐饮服务;咖啡厅;星巴克咖啡,餐饮服务,咖啡厅,"['单人餐', '下午茶']"
B0FFH2VWTH,[],咖啡,[],[],餐饮服务;咖啡厅;咖啡厅,[],[],050500,0,[],上城区,[],[],B0I1VBRBI2,新业路228号来福士广场购物中心B1层,[],浙江省,diner,杭州市,202,"海盐焦糖拿铁,烤坚果拿铁,coffee",Manner Coffee(杭州来福士广场店),"120.213303,30.248004",[],[],[],,,TRUE,TRUE,FALSE,FALSE,餐饮服务;咖啡厅;咖啡厅,餐饮服务,咖啡厅,"['海盐焦糖拿铁', '烤坚果拿铁', 'coffee']"
[],[],咖啡,[],[],餐饮服务;咖啡厅;咖啡厅,[],[],050500,0,[],上城区,[],15558860513,B0JUCZ2NMF,解放东路58号高德置地A1幢101室B1层B109单元(扶梯口北侧),[],浙江省,diner,杭州市,[],"【柚味臻选,柚见冰沁系列,流云茉莉轻乳茶,【蕉个新朋友,暖咖季香蕉,【茸茸暖咖季,慕斯大红袍生酪拿铁,【桂人多旺事,富桂酒酿,【爆款,全场饮品任选券,阳光青提系列,鲜气杨梅新品,五常米乳拿铁,云顶慕斯新品,【浓郁丝滑,流云拿铁,橙C新品,芒芒生打椰系列,纯萃燕麦拿铁,生椰拿铁,潘帕斯蓝生酪茉莉拿铁,卡布奇诺",库迪咖啡(高德置地中心店),"120.208125,30.243075",[],[],[],,,TRUE,TRUE,FALSE,FALSE,餐饮服务;咖啡厅;咖啡厅,餐饮服务,咖啡厅,"['【柚味臻选', '柚见冰沁系列', '流云茉莉轻乳茶', '【蕉个新朋友', '暖咖季香蕉', '【茸茸暖咖季', '慕斯大红袍生酪拿铁', '【桂人多旺事', '富桂酒酿', '【爆款', '全场饮品任选券', '阳光青提系列', '鲜气杨梅新品', '五常米乳拿铁', '云顶慕斯新品', '【浓郁丝滑', '流云拿铁', '橙C新品', '芒芒生打椰系列', '纯萃燕麦拿铁', '生椰拿铁', '潘帕斯蓝生酪茉莉拿铁', '卡布奇诺']"
B0FFKOEPES,[],咖啡,[],[],餐饮服务;餐饮相关场所;餐饮相关,[],[],050000,1,[],上城区,[],13454130139,B0HUO5G07L,民心路280号平安金融中心悦坊商场一楼109室,[],浙江省,diner,杭州市,202,"卡布奇诺,提拉米苏,生椰拿铁,油条,香肠",M Stand (杭州平安悦坊店),"120.212690,30.251661",[],[],[],,,TRUE,TRUE,FALSE,FALSE,餐饮服务;餐饮相关场所;餐饮相关,餐饮服务,餐饮相关场所,"['卡布奇诺', '提拉米苏', '生椰拿铁', '油条', '香肠']"
B0FFHSMO63,[],咖啡,[],[],餐饮服务;咖啡厅;咖啡厅,[],[],050500,0,[],上城区,[],4000100100,B0LBT76HFN,解放东路45号高德置地广场3幢一层105号,[],浙江省,diner,杭州市,202,[],瑞幸咖啡(高德置地广场店),"120.209019,30.243529",[],[],[],,,TRUE,TRUE,FALSE,FALSE,餐饮服务;咖啡厅;咖啡厅,餐饮服务,咖啡厅,[]
B0FFMGPTGP,[],咖啡,[],[],餐饮服务;咖啡厅;咖啡厅,[],[],050500,1,[],上城区,[],[],B0LKN5Q9Y8,四季青街道解放东路8号砂之船奥特莱斯人马街030号,[],浙江省,diner,杭州市,202,[],肯悦咖啡砂之船奥莱店,"120.212006,30.244299",[],[],[],,,TRUE,TRUE,FALSE,FALSE,餐饮服务;咖啡厅;咖啡厅,餐饮服务,咖啡厅,[]
B0FFMGPTGP,[],饮品,[],[],餐饮服务;咖啡厅;星巴克咖啡,[],[],050501,0,[],上城区,[],0571-86058103,B0FFM89LCZ,解放东路6号,[],浙江省,diner,杭州市,202,"下午茶,单人餐",星巴克杭州砂之船店,"120.212186,30.244548",[],[],[],,,TRUE,TRUE,FALSE,FALSE,餐饮服务;咖啡厅;星巴克咖啡,餐饮服务,咖啡厅,"['下午茶', '单人餐']"
B0G3DL3IY3,[],咖啡,[],[],餐饮服务;咖啡厅;咖啡厅,[],[],050500,0,[],上城区,[],[],B0K60Z20O9,解放东路45号高德商场F1层L104,[],浙江省,diner,杭州市,202,"烤坚果拿铁,海盐焦糖拿铁,coffee",Manner Coffee(高德商场店),"120.209113,30.243046",[],[],[],,,TRUE,TRUE,FALSE,FALSE,餐饮服务;咖啡厅;咖啡厅,餐饮服务,咖啡厅,"['烤坚果拿铁', '海盐焦糖拿铁', 'coffee']"
B0FFHSMO63,[],咖啡,[],[],餐饮服务;咖啡厅;咖啡厅,[],[],050500,0,[],上城区,[],18368842922,B0MGFR5MRF,解放东路45号高德置地广场F1层,[],浙江省,diner,杭州市,202,[],三立方咖啡(杭州高德置地店),"120.208375,30.244125",[],[],[],,,TRUE,TRUE,FALSE,FALSE,餐饮服务;咖啡厅;咖啡厅,餐饮服务,咖啡厅,[]
B0JUR54OTF,[],咖啡,[],[],餐饮服务;咖啡厅;咖啡厅,[],[],050500,1,[],上城区,[],16621768018,B0KAGU00H2,太平金融大厦首层4幢1层107单元,[],浙江省,diner,杭州市,202,[],MStand(杭州太平金融大厦店),"120.206356,30.242878",[],[],[],,,TRUE,TRUE,FALSE,FALSE,餐饮服务;咖啡厅;咖啡厅,餐饮服务,咖啡厅,[]
B0H07X5CU0,[],咖啡,[],[],餐饮服务;咖啡厅;咖啡厅,[],[],050500,0,[],上城区,[],4000100100,B0KKKCQJAG,四季青街道新业路228号凯德·杭州来福士中心5层4号,[],浙江省,diner,杭州市,202,堂食,瑞幸咖啡(杭州来福士中心店),"120.213170,30.248434",[],[],[],,,TRUE,TRUE,FALSE,FALSE,餐饮服务;咖啡厅;咖啡厅,餐饮服务,咖啡厅,['堂食']
B0H07X5CU0,[],咖啡,[],[],餐饮服务;咖啡厅;咖啡厅,[],[],050500,0,[],上城区,[],[],B0LB9LTO9Q,凯德·杭州来福士中心(江锦路地铁站B1口步行420米),[],浙江省,diner,杭州市,202,[],星享咖啡餐厅(杭州来福士中心店),"120.213025,30.248775",[],[],[],,,TRUE,TRUE,FALSE,FALSE,餐饮服务;咖啡厅;咖啡厅,餐饮服务,咖啡厅,[]
B0FFHSMO63,[],饮品,[],[],餐饮服务;咖啡厅;星巴克咖啡,[],[],050501,0,[],上城区,[],0571-88250129,B0GRKX6D2J,钱江新城解放东路45号高德置地广场A楼中塔,[],浙江省,diner,杭州市,202,"下午茶,单人餐",星巴克咖啡(杭州优托邦时光1F2F),"120.208625,30.243981",[],[],[],,,TRUE,TRUE,FALSE,FALSE,餐饮服务;咖啡厅;星巴克咖啡,餐饮服务,咖啡厅,"['下午茶', '单人餐']"
B023B0A4ZD,[],咖啡,[],[],餐饮服务;咖啡厅;咖啡厅,[],[],050500,0,[],上城区,[],19157631618,B0GUJ1S8C8,富春路701号杭州万象城二期S139商铺,[],浙江省,diner,杭州市,202,美式咖啡,% Arabica阿拉比卡咖啡(万象城店),"120.214250,30.252453",[],[],[],,,TRUE,TRUE,FALSE,FALSE,餐饮服务;咖啡厅;咖啡厅,餐饮服务,咖啡厅,['美式咖啡']
B0J6SKYNOZ,[],咖啡,[],[],餐饮服务;咖啡厅;咖啡厅,[],[],050500,0,[],上城区,[],[],B0JUADY4J8,解放东路33号财富金融中心(公园路)1幢,[],浙江省,diner,杭州市,202,"海盐焦糖拿铁,烤坚果拿铁,coffee",Manner Coffee(公园路店),"120.210575,30.242325",[],[],[],,,TRUE,TRUE,FALSE,FALSE,餐饮服务;咖啡厅;咖啡厅,餐饮服务,咖啡厅,"['海盐焦糖拿铁', '烤坚果拿铁', 'coffee']"
B023B14BN0,[],咖啡,[],[],餐饮服务;咖啡厅;咖啡厅,[],[],050500,0,[],上城区,[],4000100100,B0FFJ4W6JE,解放东路29号迪凯银座负一层B101室-19号,[],浙江省,diner,杭州市,202,"美式,拿铁,海盐芝士厚乳拿铁,杨枝甘露瑞纳冰,生椰拿铁yyds,厚乳拿铁,coffee,杨枝甘露,生椰拿铁",瑞幸咖啡(迪凯银座负一楼店),"120.211514,30.241742",[],[],[],,,TRUE,TRUE,FALSE,FALSE,餐饮服务;咖啡厅;咖啡厅,餐饮服务,咖啡厅,"['美式', '拿铁', '海盐芝士厚乳拿铁', '杨枝甘露瑞纳冰', '生椰拿铁yyds', '厚乳拿铁', 'coffee', '杨枝甘露', '生椰拿铁']"
B0FFG8V7QR,[],咖啡,[],[],餐饮服务;咖啡厅;咖啡厅,[],[],050500,0,[],上城区,[],4008676680,B0LUH7IO9M,钱江路地铁站D2口步行300米,[],浙江省,diner,杭州市,202,[],蓝瓶咖啡(杭州万象城店),"120.215168,30.253101",[],[],[],,,TRUE,TRUE,FALSE,FALSE,餐饮服务;咖啡厅;咖啡厅,餐饮服务,咖啡厅,[]
B023B14BN0,[],饮品,[],[],餐饮服务;咖啡厅;星巴克咖啡,[],[],050501,1,[],上城区,[],0571-87386586,B0FFHIIN0C,四季青街道解放东路29号迪凯银座104室,[],浙江省,diner,杭州市,202,"抹茶星冰乐,摩卡星冰乐,焦糖玛奇朵,摩卡,热巧克力,太妃榛果拿铁,香草星冰乐,馥芮白,下午茶,单人餐",星巴克(迪凯银座店),"120.211225,30.241575",[],[],[],,,TRUE,TRUE,FALSE,FALSE,餐饮服务;咖啡厅;星巴克咖啡,餐饮服务,咖啡厅,"['抹茶星冰乐', '摩卡星冰乐', '焦糖玛奇朵', '摩卡', '热巧克力', '太妃榛果拿铁', '香草星冰乐', '馥芮白', '下午茶', '单人餐']"
B023B14BN0,[],咖啡,[],[],餐饮服务;咖啡厅;咖啡厅,[],[],050500,0,[],上城区,[],18966480585,B0LU4CPC8G,四季青街道解放东路市民中心地铁站商业街C04商铺(负一层近N2口),[],浙江省,diner,杭州市,202,"生椰拿铁,杨枝甘露",库迪咖啡(杭州市民中心地铁站店),"120.212730,30.242202",[],[],[],,,TRUE,TRUE,FALSE,FALSE,餐饮服务;咖啡厅;咖啡厅,餐饮服务,咖啡厅,"['生椰拿铁', '杨枝甘露']"
B0FFKOEPES,[],咖啡,[],[],餐饮服务;咖啡厅;咖啡厅,[],[],050500,0,[],上城区,[],[],B0J6YC6N39,民心路280号悦坊商场F1层,[],浙江省,diner,杭州市,202,"烤坚果拿铁,海盐焦糖拿铁,coffee",Manner Coffee(悦坊商场店),"120.212867,30.251706",[],[],[],,,TRUE,TRUE,FALSE,FALSE,餐饮服务;咖啡厅;咖啡厅,餐饮服务,咖啡厅,"['烤坚果拿铁', '海盐焦糖拿铁', 'coffee']"
B0GRKO6KBD,[],咖啡,[],[],餐饮服务;餐饮相关场所;餐饮相关,[],[],050000,0,[],上城区,[],4000100100,B0FFKSD0S2,钱江路1288号平安金融中心3幢一层104号,[],浙江省,diner,杭州市,202,生椰拿铁,瑞幸咖啡(平安金融中心店),"120.212182,30.251314",[],[],[],,,TRUE,TRUE,FALSE,FALSE,餐饮服务;餐饮相关场所;餐饮相关,餐饮服务,餐饮相关场所,['生椰拿铁']
B023B18KLC,[],饮品,[],[],餐饮服务;咖啡厅;星巴克咖啡,[],[],050501,0,[],上城区,[],0571-88381125,B0FFG3TDK7,新业路8号华联时代大厦A幢103-1室,[],浙江省,diner,杭州市,202,"拿铁,摩卡星冰乐,焦糖玛奇朵,可可碎片星冰乐,香草拿铁,卡布奇诺,抹茶拿铁,美式咖啡,单人餐,下午茶",星巴克(杭州UDC店),"120.216108,30.246424",[],[],[],,,TRUE,TRUE,FALSE,FALSE,餐饮服务;咖啡厅;星巴克咖啡,餐饮服务,咖啡厅,"['拿铁', '摩卡星冰乐', '焦糖玛奇朵', '可可碎片星冰乐', '香草拿铁', '卡布奇诺', '抹茶拿铁', '美式咖啡', '单人餐', '下午茶']"
B0H07X5CU0,[],咖啡,[],[],餐饮服务;咖啡厅;咖啡厅,[],[],050500,0,[],上城区,[],13162723510,B0M6DZ5V58,凯德·杭州来福士中心,[],浙江省,diner,杭州市,202,[],蔚来咖啡(钱江新城店),"120.213225,30.248425",[],[],[],,,TRUE,TRUE,FALSE,FALSE,餐饮服务;咖啡厅;咖啡厅,餐饮服务,咖啡厅,[]
B023B1BG7A,[],咖啡,[],[],餐饮服务;咖啡厅;咖啡厅,[],[],050500,0,[],上城区,[],18958013083,B0MAYD123O,解放东路33号财富金融中心B1-23号,[],浙江省,diner,杭州市,202,"杨枝甘露,生椰拿铁",库迪咖啡(杭州财富金融中心店),"120.210089,30.241803",[],[],[],,,TRUE,TRUE,FALSE,FALSE,餐饮服务;咖啡厅;咖啡厅,餐饮服务,咖啡厅,"['杨枝甘露', '生椰拿铁']"
B023B09WYM,[],咖啡,[],[],餐饮服务;咖啡厅;咖啡厅,[],[],050500,0,[],上城区,[],[],B0JBMY0392,丹桂街19号迪凯国际中心1层,[],浙江省,diner,杭州市,202,"海盐焦糖拿铁,烤坚果拿铁,coffee",Manner Coffee(迪凯国际中心店),"120.216277,30.247119",[],[],[],,,TRUE,TRUE,FALSE,FALSE,餐饮服务;咖啡厅;咖啡厅,餐饮服务,咖啡厅,"['海盐焦糖拿铁', '烤坚果拿铁', 'coffee']"
B023B09WYM,[],咖啡,[],[],餐饮服务;咖啡厅;咖啡厅,[],[],050500,0,[],上城区,[],4000100100,B0FFJCB8NB,丹桂街19号迪凯国际一层大堂,[],浙江省,diner,杭州市,202,"陨石拿铁,菠萝的海瑞纳冰,圣诞甜心厚乳拿铁,西柚冰萃咖啡,厚乳拿铁,如梦令·功夫轻乳茶,陨石拿铁瑞纳冰,夏日桃桃冰,椰子OK瑞纳冰,秋香厚乳拿铁,小陨石抹茶厚乳,牛油果森林瑞纳冰,冰镇杨梅瑞纳冰,海盐芝士厚乳拿铁,SOE耶加雪菲美式,陨石厚乳拿铁,杨枝甘露瑞纳冰,生椰拿铁yyds,拿铁,美式,小火山黑糖厚乳,杨枝甘露,生椰拿铁",瑞幸咖啡(迪凯国际店),"120.216461,30.247313",[],[],[],,,TRUE,TRUE,FALSE,FALSE,餐饮服务;咖啡厅;咖啡厅,餐饮服务,咖啡厅,"['陨石拿铁', '菠萝的海瑞纳冰', '圣诞甜心厚乳拿铁', '西柚冰萃咖啡', '厚乳拿铁', '如梦令·功夫轻乳茶', '陨石拿铁瑞纳冰', '夏日桃桃冰', '椰子OK瑞纳冰', '秋香厚乳拿铁', '小陨石抹茶厚乳', '牛油果森林瑞纳冰', '冰镇杨梅瑞纳冰', '海盐芝士厚乳拿铁', 'SOE耶加雪菲美式', '陨石厚乳拿铁', '杨枝甘露瑞纳冰', '生椰拿铁yyds', '拿铁', '美式', '小火山黑糖厚乳', '杨枝甘露', '生椰拿铁']"
B0FFGYN84P,[],咖啡,[],[],餐饮服务;餐饮相关场所;餐饮相关,[],[],050000,0,[],上城区,[],19011253503,B0L6URYYCP,四季青街道香樟街39号国贸金融大厦北大厅,[],浙江省,diner,杭州市,202,[],Tims天好咖啡(杭州国贸金融大厦店),"120.209366,30.240999",[],[],[],,,TRUE,TRUE,FALSE,FALSE,餐饮服务;餐饮相关场所;餐饮相关,餐饮服务,餐饮相关场所,[]
B023B13NLD,[],饮品,[],[],餐饮服务;咖啡厅;星巴克咖啡,[],[],050501,1,[],上城区,[],0571-86988563,B0FFG77TKN,城星路125号(城星路地铁站B3口步行250米),[],浙江省,diner,杭州市,320,"摩卡星冰乐,焦糖玛奇朵,可可碎片星冰乐,热巧克力,卡布奇诺,太妃榛果拿铁,香草星冰乐,单人餐,下午茶",星巴克(滨江城市之星店),"120.205299,30.241556",[],[],[],,,TRUE,TRUE,FALSE,FALSE,餐饮服务;咖啡厅;星巴克咖啡,餐饮服务,咖啡厅,"['摩卡星冰乐', '焦糖玛奇朵', '可可碎片星冰乐', '热巧克力', '卡布奇诺', '太妃榛果拿铁', '香草星冰乐', '单人餐', '下午茶']"
B0J1HZ36S1,[],西餐,[],[],餐饮服务;咖啡厅;咖啡厅,[],[],050500,1,[],上城区,[],0571-88278888,B0FFK6GUOC,五星路65号杭州久泰饭店1楼,[],浙江省,diner,杭州市,202,"牛肉,拌饭",杭州久泰饭店·遇见咖啡厅,"120.213098,30.240150",[],[],[],,,TRUE,TRUE,FALSE,FALSE,餐饮服务;咖啡厅;咖啡厅,餐饮服务,咖啡厅,"['牛肉', '拌饭']"
B0FFF5NWC1,[],咖啡,[],[],餐饮服务;咖啡厅;咖啡厅,[],[],050500,0,[],上城区,[],19032291295,B0LGUA9IYC,城星路111号(鑫亚·钱江国际时代广场),[],浙江省,diner,杭州市,202,"杨枝甘露,生椰拿铁",库迪咖啡(钱江国际时代广场店),"120.206225,30.240425",[],[],[],,,TRUE,TRUE,FALSE,FALSE,餐饮服务;咖啡厅;咖啡厅,餐饮服务,咖啡厅,"['杨枝甘露', '生椰拿铁']"
B023B1FB36,[],咖啡,[],[],餐饮服务;咖啡厅;咖啡厅,[],[],050500,0,[],上城区,[],13646712619;17788563523,B0LRG6S1BQ,四季青街道之江路1078号城市阳台内(南侧),[],浙江省,diner,杭州市,302,[],JKTAO咖啡,"120.216625,30.241225",[],[],[],,,TRUE,TRUE,FALSE,FALSE,餐饮服务;咖啡厅;咖啡厅,餐饮服务,咖啡厅,[]
B0FFHLKC4W,[],咖啡,[],[],餐饮服务;餐饮相关场所;餐饮相关,[],[],050000,0,[],上城区,[],4000100100,B0GD3Y1ZQY,解放东路37号财富金融中心2幢负一层20号,[],浙江省,diner,杭州市,202,"牛油果森林瑞纳冰,冰镇杨梅瑞纳冰,海盐芝士厚乳拿铁,SOE耶加雪菲美式,陨石厚乳拿铁,杨枝甘露瑞纳冰,生椰拿铁yyds,陨石拿铁瑞纳冰,夏日桃桃冰,椰子OK瑞纳冰,秋香厚乳拿铁,小陨石抹茶厚乳,拿铁,美式,小火山黑糖厚乳,陨石拿铁,菠萝的海瑞纳冰,圣诞甜心厚乳拿铁,西柚冰萃咖啡,厚乳拿铁,如梦令·功夫轻乳茶,生椰拿铁,杨枝甘露",瑞幸咖啡(财富金融中心店),"120.210276,30.241765",[],[],[],,,TRUE,TRUE,FALSE,FALSE,餐饮服务;餐饮相关场所;餐饮相关,餐饮服务,餐饮相关场所,"['牛油果森林瑞纳冰', '冰镇杨梅瑞纳冰', '海盐芝士厚乳拿铁', 'SOE耶加雪菲美式', '陨石厚乳拿铁', '杨枝甘露瑞纳冰', '生椰拿铁yyds', '陨石拿铁瑞纳冰', '夏日桃桃冰', '椰子OK瑞纳冰', '秋香厚乳拿铁', '小陨石抹茶厚乳', '拿铁', '美式', '小火山黑糖厚乳', '陨石拿铁', '菠萝的海瑞纳冰', '圣诞甜心厚乳拿铁', '西柚冰萃咖啡', '厚乳拿铁', '如梦令·功夫轻乳茶', '生椰拿铁', '杨枝甘露']"
B023B0A4ZD,[],饮品,[],[],餐饮服务;咖啡厅;星巴克咖啡,[],[],050501,0,[],上城区,[],0571-89705697,B0LBR4GREC,富春路701号杭州万象城B1层B151号商铺,[],浙江省,diner,杭州市,202,"下午茶,单人餐",星巴克臻选杭州万象城店,"120.216057,30.250887",[],[],[],,,TRUE,TRUE,FALSE,FALSE,餐饮服务;咖啡厅;星巴克咖啡,餐饮服务,咖啡厅,"['下午茶', '单人餐']"
B0FFFISJWA,[],饮品,[],[],餐饮服务;咖啡厅;星巴克咖啡,[],[],050501,0,[],上城区,[],0571-88365209,B0G14PCPA5,平安金融中心2号楼1F,[],浙江省,diner,杭州市,202,"下午茶,单人餐",星巴克杭州平安金融中心店,"120.212153,30.251602",[],[],[],,,TRUE,TRUE,FALSE,FALSE,餐饮服务;咖啡厅;星巴克咖啡,餐饮服务,咖啡厅,"['下午茶', '单人餐']"
B0FFGX1PE5,[],咖啡,[],[],餐饮服务;咖啡厅;咖啡厅,[],[],050500,1,[],上城区,[],13757152015,B0GKY9K4JD,五星路98号迪凯·城星国际一楼大堂,[],浙江省,diner,杭州市,202,"巧克力,三明治",BEROBELLO CAFE(迪凯城星国际店),"120.206751,30.241480",[],[],[],,,TRUE,TRUE,FALSE,FALSE,餐饮服务;咖啡厅;咖啡厅,餐饮服务,咖啡厅,"['巧克力', '三明治']"
B023B0A4ZD,[],咖啡,[],[],餐饮服务;咖啡厅;咖啡厅,[],[],050500,0,[],上城区,[],[],B0IBYZNZKP,四季青街道富春路701号杭州万象城B1层B1-S06号,[],浙江省,diner,杭州市,202,"烤坚果拿铁,海盐焦糖拿铁,coffee",Manner Coffee(杭州万象城店),"120.214781,30.254250",[],[],[],,,TRUE,TRUE,FALSE,FALSE,餐饮服务;咖啡厅;咖啡厅,餐饮服务,咖啡厅,"['烤坚果拿铁', '海盐焦糖拿铁', 'coffee']"
B023B14F4Q,[],咖啡,[],[],餐饮服务;咖啡厅;咖啡厅,[],[],050500,0,[],上城区,[],13396711770,B0KKL56GGD,城星路尊宝大厦B1中庭,[],浙江省,diner,杭州市,202,"小确杏美式,美式",MINI-CO小咖咖啡(杭州尊宝大厦店),"120.207825,30.238775",[],[],[],,,TRUE,TRUE,FALSE,FALSE,餐饮服务;咖啡厅;咖啡厅,餐饮服务,咖啡厅,"['小确杏美式', '美式']"
B0FFIFDK4G,[],奶茶/茶饮,[],[],餐饮服务;咖啡厅;咖啡厅,[],[],050500,0,[],上城区,[],4000100100,B0MBS5EGR7,市民街太平金融大厦1层大堂,[],浙江省,diner,杭州市,202,[],瑞幸咖啡(杭州太平金融大厦店),"120.206225,30.243225",[],[],[],,,TRUE,TRUE,FALSE,FALSE,餐饮服务;咖啡厅;咖啡厅,餐饮服务,咖啡厅,[]
[],[],咖啡,[],[],餐饮服务;咖啡厅;咖啡厅,[],[],050500,0,[],上城区,[],0571-89706502;15823432469,B0HRRHU16S,富春路701号4层(L4-489B)号商铺,[],浙江省,diner,杭州市,[],[],西西弗矢量咖啡(杭州万象城店),"120.215225,30.252575",[],[],[],,,TRUE,TRUE,FALSE,FALSE,餐饮服务;咖啡厅;咖啡厅,餐饮服务,咖啡厅,[]
B023B0A4ZD,[],饮品,[],[],餐饮服务;咖啡厅;星巴克咖啡,[],[],050501,0,[],上城区,[],0571-88360756,B0LGL5L1RE,四季青街道富春路701号万象城购物中心2F,[],浙江省,diner,杭州市,202,"下午茶,单人餐",星巴克咖啡(杭州万象城2F店),"120.216089,30.251772",[],[],[],,,TRUE,TRUE,FALSE,FALSE,餐饮服务;咖啡厅;星巴克咖啡,餐饮服务,咖啡厅,"['下午茶', '单人餐']"
B023B0A4ZD,[],咖啡,[],[],餐饮服务;咖啡厅;咖啡厅,[],[],050500,0,[],上城区,[],[],B0M6HA90LN,富春路701号杭州万象城,[],浙江省,diner,杭州市,202,[],马吉拉咖啡,"120.215425,30.251975",[],[],[],,,TRUE,TRUE,FALSE,FALSE,餐饮服务;咖啡厅;咖啡厅,餐饮服务,咖啡厅,[]
B023B14F4Q,[],咖啡,[],[],餐饮服务;咖啡厅;咖啡厅,[],[],050500,0,[],上城区,[],13041615539,B0I1VSY61V,城星路89号尊宝大厦B1层,[],浙江省,diner,杭州市,202,coffee,Manner Coffee,"120.208125,30.239125",[],[],[],,,TRUE,TRUE,FALSE,FALSE,餐饮服务;咖啡厅;咖啡厅,餐饮服务,咖啡厅,['coffee']
B023B175VC,[],咖啡,[],[],餐饮服务;咖啡厅;咖啡厅,[],[],050500,1,[],上城区,[],13325912942;13372579273,B0KDKKB24N,四季青街道江锦路162-5号商铺,[],浙江省,diner,杭州市,320,[],三浪·咖啡培训·风味研究所,"120.211159,30.253151",[],[],[],,,TRUE,TRUE,FALSE,FALSE,餐饮服务;咖啡厅;咖啡厅,餐饮服务,咖啡厅,[]
[],[],咖啡,[],[],餐饮服务;咖啡厅;咖啡厅,[],[],050500,0,[],上城区,[],4000100100,B0H3DDR13Z,杭州华成国际发展大厦(城星路地铁站B3口步行290米),[],浙江省,diner,杭州市,[],"杨枝甘露,柠檬茶,生椰拿铁,冰美式,下午茶",瑞幸咖啡(杭州华成国际发展大厦店),"120.207241,30.242348",[],[],[],,,TRUE,TRUE,FALSE,FALSE,餐饮服务;咖啡厅;咖啡厅,餐饮服务,咖啡厅,"['杨枝甘露', '柠檬茶', '生椰拿铁', '冰美式', '下午茶']"
B0FFFEKRXT,[],咖啡,[],[],餐饮服务;咖啡厅;咖啡厅,[],[],050500,0,[],上城区,[],13701067899,B0L03CDKYN,夕照社区15-1幢,[],浙江省,diner,杭州市,320,coffee,HELLO COFFEE·咖啡,"120.196410,30.244666",[],[],[],,,TRUE,TRUE,FALSE,FALSE,餐饮服务;咖啡厅;咖啡厅,餐饮服务,咖啡厅,['coffee']
B0FFF5NWC1,[],饮品,[],[],餐饮服务;咖啡厅;星巴克咖啡,[],[],050501,0,[],上城区,[],0571-86718379,B0FFL04BS8,四季青街道富春路290号钱江国际时代广场3幢105室,[],浙江省,diner,杭州市,202,"单人餐,下午茶",星巴克(钱江国际时代广场店),"120.206088,30.239732",[],[],[],,,TRUE,TRUE,FALSE,FALSE,餐饮服务;咖啡厅;星巴克咖啡,餐饮服务,咖啡厅,"['单人餐', '下午茶']"
B023B08Z1W,[],咖啡,[],[],餐饮服务;咖啡厅;咖啡厅,[],[],050500,0,[],上城区,[],13023602135,B0M6CHUS88,之江路937号-2室,[],浙江省,diner,杭州市,320,[],DaP,"120.205808,30.230800",[],[],[],,,TRUE,TRUE,FALSE,FALSE,餐饮服务;咖啡厅;咖啡厅,餐饮服务,咖啡厅,[]
B0FFHSYDHD,[],咖啡,[],[],餐饮服务;咖啡厅;咖啡厅,[],[],050500,0,[],上城区,[],19057151356,B0L2L5P0R3,杭海路251号永盈大厦一楼1026室,[],浙江省,diner,杭州市,202,"杨枝甘露,生椰拿铁",库迪咖啡(杭州永盈大厦店),"120.205415,30.253770",[],[],[],,,TRUE,TRUE,FALSE,FALSE,餐饮服务;咖啡厅;咖啡厅,餐饮服务,咖啡厅,"['杨枝甘露', '生椰拿铁']"
B023B051V6,[],咖啡,[],[],餐饮服务;咖啡厅;咖啡厅,[],[],050500,0,[],上城区,[],0571-86002592,B0FFGJOF77,采荷街道庆春东路3号浙江大学医学院附属邵逸夫医院行政楼102室,[],浙江省,diner,杭州市,3,"欧包,卡布奇诺,提拉米苏",邵医咖啡(杭州江干区),"120.202909,30.255819",[],[],[],,,TRUE,TRUE,FALSE,FALSE,餐饮服务;咖啡厅;咖啡厅,餐饮服务,咖啡厅,"['欧包', '卡布奇诺', '提拉米苏']"
B023B0BGD1,[],咖啡,[],[],餐饮服务;咖啡厅;咖啡厅,[],[],050500,0,[],上城区,[],4000100100,B0LB1CSHK9,香樟街7173号圣奥中央商务大厦底商,[],浙江省,diner,杭州市,202,[],瑞幸咖啡(圣奥中央商务大厦店),"120.206965,30.242380",[],[],[],,,TRUE,TRUE,FALSE,FALSE,餐饮服务;咖啡厅;咖啡厅,餐饮服务,咖啡厅,[]
B023B08WUT,[],咖啡,[],[],餐饮服务;咖啡厅;咖啡厅,[],[],050500,0,[],上城区,[],15757620099,B0LRR7L9GV,四季青街道钱环路59号(钱江路地铁站A口步行450米),[],浙江省,diner,杭州市,320,coffee,No Coffee無咖,"120.215284,30.258979",[],[],[],,,TRUE,TRUE,FALSE,FALSE,餐饮服务;咖啡厅;咖啡厅,餐饮服务,咖啡厅,['coffee']
B0KDZ5E4E2,[],饮品,[],[],餐饮服务;咖啡厅;星巴克咖啡,[],[],050501,0,[],上城区,[],0571-86062530,B0KK5OHLLJ,解放东路168号杭银大厦F1层,[],浙江省,diner,杭州市,202,"单人餐,下午茶",星巴克(杭银大厦店),"120.202099,30.247380",[],[],[],,,TRUE,TRUE,FALSE,FALSE,餐饮服务;咖啡厅;星巴克咖啡,餐饮服务,咖啡厅,"['单人餐', '下午茶']"
B0FFHKCJKO,[],咖啡,[],[],餐饮服务;咖啡厅;咖啡厅,[],[],050500,0,[],上城区,[],18106579767,B0L0GC3ZWX,四季青街道景昙路9号西子国际中心(杭州大厦501城市广场)1楼101-4号商铺,[],浙江省,diner,杭州市,202,"摘星拿铁,摘星气泡美式,重山云瑰澳白,摘星奶砖拿铁,夏黑葡萄气泡美式,摘星芝士蛋糕,三重云萃小方瓶,重山云瑰拿铁,芝士蛋糕",Peet's皮爷咖啡(杭州大厦501店),"120.204041,30.259460",[],[],[],,,TRUE,TRUE,FALSE,FALSE,餐饮服务;咖啡厅;咖啡厅,餐饮服务,咖啡厅,"['摘星拿铁', '摘星气泡美式', '重山云瑰澳白', '摘星奶砖拿铁', '夏黑葡萄气泡美式', '摘星芝士蛋糕', '三重云萃小方瓶', '重山云瑰拿铁', '芝士蛋糕']"
[],[],咖啡,[],[],餐饮服务;咖啡厅;咖啡厅,[],[],050500,0,[],上城区,[],19012838260,B0J0GSGISK,庆春东街1号庆春广场地铁站B1口C7商铺庆春广场站物业区C5-1号商铺,[],浙江省,diner,杭州市,[],"【爆款,全场饮品任选券,阳光青提系列,【浓郁丝滑,流云拿铁,橙C新品,芒芒生打椰系列,纯萃燕麦拿铁,生椰拿铁,潘帕斯蓝生酪茉莉拿铁,【柚味臻选,柚见冰沁系列,流云茉莉轻乳茶,【蕉个新朋友,暖咖季香蕉,【茸茸暖咖季,慕斯大红袍生酪拿铁,【桂人多旺事,富桂酒酿,鲜气杨梅新品,五常米乳拿铁,云顶慕斯新品,杨枝甘露",库迪咖啡(庆春广场地铁店),"120.203425,30.257931",[],[],[],,,TRUE,TRUE,FALSE,FALSE,餐饮服务;咖啡厅;咖啡厅,餐饮服务,咖啡厅,"['【爆款', '全场饮品任选券', '阳光青提系列', '【浓郁丝滑', '流云拿铁', '橙C新品', '芒芒生打椰系列', '纯萃燕麦拿铁', '生椰拿铁', '潘帕斯蓝生酪茉莉拿铁', '【柚味臻选', '柚见冰沁系列', '流云茉莉轻乳茶', '【蕉个新朋友', '暖咖季香蕉', '【茸茸暖咖季', '慕斯大红袍生酪拿铁', '【桂人多旺事', '富桂酒酿', '鲜气杨梅新品', '五常米乳拿铁', '云顶慕斯新品', '杨枝甘露']"
B0FFHKCJKO,[],咖啡,[],[],餐饮服务;咖啡厅;咖啡厅,[],[],050500,0,[],上城区,[],0571-85159386,B0H0CHWNFF,景昙路9号杭州大厦501城市广场F1层,[],浙江省,diner,杭州市,201,"全麦贝果,拿铁,不止拿铁,巴旦木炼乳澳白,柠檬气泡饮,美式,农夫卷,巴旦木炼乳拿铁,鲜萃奶咖,无肉也欢火腿蛋贝果三明治,牛油果生椰冷萃,奶咖",Tims咖啡(501城市广场店),"120.203958,30.260322",[],[],[],,,TRUE,TRUE,FALSE,FALSE,餐饮服务;咖啡厅;咖啡厅,餐饮服务,咖啡厅,"['全麦贝果', '拿铁', '不止拿铁', '巴旦木炼乳澳白', '柠檬气泡饮', '美式', '农夫卷', '巴旦木炼乳拿铁', '鲜萃奶咖', '无肉也欢火腿蛋贝果三明治', '牛油果生椰冷萃', '奶咖']"
B023B0A4ZD,[],咖啡,[],[],餐饮服务;咖啡厅;咖啡厅,[],[],050500,0,[],上城区,[],4000100100,B0K35Y81E4,富春路701号杭州万象城五层D11号,[],浙江省,diner,杭州市,202,[],瑞幸咖啡(杭州万象城5F店),"120.215828,30.251658",[],[],[],,,TRUE,TRUE,FALSE,FALSE,餐饮服务;咖啡厅;咖啡厅,餐饮服务,咖啡厅,[]
[],[],咖啡,[],[],餐饮服务;咖啡厅;咖啡厅,[],[],050500,0,[],上城区,[],15868899823,B0JU5M6V7A,太平门直街717号,[],浙江省,diner,杭州市,[],堂食,鄰居咖啡neighborhood,"120.215717,30.261357",[],[],[],,,TRUE,TRUE,FALSE,FALSE,餐饮服务;咖啡厅;咖啡厅,餐饮服务,咖啡厅,['堂食']
B023B0BGEP,[],饮品,[],[],餐饮服务;咖啡厅;星巴克咖啡,[],[],050501,1,[],上城区,[],0571-87230069,B0FFGDRHNU,城星路59号东杭大厦一层2号商铺,[],浙江省,diner,杭州市,202,"抹茶星冰乐,摩卡星冰乐,摩卡,香草拿铁,卡布奇诺,太妃榛果拿铁,美式咖啡,馥芮白,点心,单人餐,下午茶",星巴克(杭州东杭大厦店),"120.209590,30.237648",[],[],[],,,TRUE,TRUE,FALSE,FALSE,餐饮服务;咖啡厅;星巴克咖啡,餐饮服务,咖啡厅,"['抹茶星冰乐', '摩卡星冰乐', '摩卡', '香草拿铁', '卡布奇诺', '太妃榛果拿铁', '美式咖啡', '馥芮白', '点心', '单人餐', '下午茶']"
[],[],咖啡,[],[],餐饮服务;餐饮相关场所;餐饮相关,[],[],050000,0,[],上城区,[],13072197617,B0KK47U2EB,秋园二路与秋涛北路辅路交叉口西南方向130米杭州时尚中心A幢,[],浙江省,diner,杭州市,[],[],M Stand(杭州时尚中心店),"120.199875,30.248525",[],[],[],,,TRUE,TRUE,FALSE,FALSE,餐饮服务;餐饮相关场所;餐饮相关,餐饮服务,餐饮相关场所,[]
B023B08SDF,[],咖啡,[],[],餐饮服务;咖啡厅;咖啡厅,[],[],050500,0,[],上城区,[],15924181164;18268071223,B0HU3SYEXZ,太平门直街299-303号(景昙路51旁三新家园西区),[],浙江省,diner,杭州市,320,"冰美式,手冲咖啡,coffee,泡芙",Section沙县咖啡(太平门直街店),"120.202642,30.260687",[],[],[],,,TRUE,TRUE,FALSE,FALSE,餐饮服务;咖啡厅;咖啡厅,餐饮服务,咖啡厅,"['冰美式', '手冲咖啡', 'coffee', '泡芙']"
B023B14BOK,[],咖啡,[],[],餐饮服务;咖啡厅;咖啡厅,[],[],050500,0,[],上城区,[],4000100100,B0FFJ5HFVI,市民街98号尊宝大厦一层101室,[],浙江省,diner,杭州市,202,"拿铁,美式,小火山黑糖厚乳,陨石拿铁,菠萝的海瑞纳冰,圣诞甜心厚乳拿铁,牛油果森林瑞纳冰,冰镇杨梅瑞纳冰,海盐芝士厚乳拿铁,SOE耶加雪菲美式,陨石厚乳拿铁,杨枝甘露瑞纳冰,生椰拿铁yyds,西柚冰萃咖啡,厚乳拿铁,如梦令·功夫轻乳茶,陨石拿铁瑞纳冰,夏日桃桃冰,椰子OK瑞纳冰,秋香厚乳拿铁,小陨石抹茶厚乳,杨枝甘露,生椰拿铁,下午茶",瑞幸咖啡(尊宝金尊店),"120.207974,30.238473",[],[],[],,,TRUE,TRUE,FALSE,FALSE,餐饮服务;咖啡厅;咖啡厅,餐饮服务,咖啡厅,"['拿铁', '美式', '小火山黑糖厚乳', '陨石拿铁', '菠萝的海瑞纳冰', '圣诞甜心厚乳拿铁', '牛油果森林瑞纳冰', '冰镇杨梅瑞纳冰', '海盐芝士厚乳拿铁', 'SOE耶加雪菲美式', '陨石厚乳拿铁', '杨枝甘露瑞纳冰', '生椰拿铁yyds', '西柚冰萃咖啡', '厚乳拿铁', '如梦令·功夫轻乳茶', '陨石拿铁瑞纳冰', '夏日桃桃冰', '椰子OK瑞纳冰', '秋香厚乳拿铁', '小陨石抹茶厚乳', '杨枝甘露', '生椰拿铁', '下午茶']"
B0FFG6BAUX,[],咖啡,[],[],餐饮服务;咖啡厅;咖啡厅,[],[],050500,0,[],上城区,[],15381091787,B0J19UZCW3,市民街99号世包国际中心1层大堂(内左侧),[],浙江省,diner,杭州市,202,"【浓郁丝滑,流云拿铁,橙C新品,芒芒生打椰系列,纯萃燕麦拿铁,生椰拿铁,潘帕斯蓝生酪茉莉拿铁,鲜气杨梅新品,五常米乳拿铁,云顶慕斯新品,【爆款,全场饮品任选券,阳光青提系列,【柚味臻选,柚见冰沁系列,流云茉莉轻乳茶,【蕉个新朋友,暖咖季香蕉,【茸茸暖咖季,慕斯大红袍生酪拿铁,【桂人多旺事,富桂酒酿,杨枝甘露",库迪咖啡(世包国际中心店),"120.206391,30.237101",[],[],[],,,TRUE,TRUE,FALSE,FALSE,餐饮服务;咖啡厅;咖啡厅,餐饮服务,咖啡厅,"['【浓郁丝滑', '流云拿铁', '橙C新品', '芒芒生打椰系列', '纯萃燕麦拿铁', '生椰拿铁', '潘帕斯蓝生酪茉莉拿铁', '鲜气杨梅新品', '五常米乳拿铁', '云顶慕斯新品', '【爆款', '全场饮品任选券', '阳光青提系列', '【柚味臻选', '柚见冰沁系列', '流云茉莉轻乳茶', '【蕉个新朋友', '暖咖季香蕉', '【茸茸暖咖季', '慕斯大红袍生酪拿铁', '【桂人多旺事', '富桂酒酿', '杨枝甘露']"
B023B0A4ZD,[],咖啡,[],[],餐饮服务;咖啡厅;星巴克咖啡,[],[],050501,1,[],上城区,[],0571-88216182;0571-89705697,B0FFGFRM3J,富春路701号万象城B1层B1S08号商铺,[],浙江省,diner,杭州市,202,"下午茶,巧克力,热饮",星巴克(杭州万象城二店),"120.215375,30.252125",[],[],[],,,TRUE,TRUE,FALSE,FALSE,餐饮服务;咖啡厅;星巴克咖啡,餐饮服务,咖啡厅,"['下午茶', '巧克力', '热饮']"
B0FFHKCJKO,[],咖啡,[],[],餐饮服务;咖啡厅;咖啡厅,[],[],050500,1,[],上城区,[],13120996035,B0I2VR49VX,景昙路8号(tims咖啡隔壁),[],浙江省,diner,杭州市,201,"美式咖啡,下午茶",M Stand(杭州大厦501城市广场POP UP店),"120.203999,30.259857",[],[],[],,,TRUE,TRUE,FALSE,FALSE,餐饮服务;咖啡厅;咖啡厅,餐饮服务,咖啡厅,"['美式咖啡', '下午茶']"
B023B1FMKS,[],咖啡,[],[],餐饮服务;咖啡厅;咖啡厅,[],[],050500,0,[],上城区,[],13351881712,B0IAJCZ1V3,近江南路19号(近江地铁站A口步行450米),[],浙江省,diner,杭州市,320,coffee,Any.Shell Coffee胡安咖啡(近江南路店),"120.202447,30.231398",[],[],[],,,TRUE,TRUE,FALSE,FALSE,餐饮服务;咖啡厅;咖啡厅,餐饮服务,咖啡厅,['coffee']
B0FFHKCJKO,[],咖啡,[],[],餐饮服务;咖啡厅;咖啡厅,[],[],050500,0,[],上城区,[],[],B0I1UX4J50,景昙路9号501城市广场负一楼,[],浙江省,diner,杭州市,201,"烤坚果拿铁,海盐焦糖拿铁,coffee",Manner Coffee(杭州大厦501城市广场店),"120.203576,30.258881",[],[],[],,,TRUE,TRUE,FALSE,FALSE,餐饮服务;咖啡厅;咖啡厅,餐饮服务,咖啡厅,"['烤坚果拿铁', '海盐焦糖拿铁', 'coffee']"
B0FFF5NWC1,[],咖啡,[],[],餐饮服务;咖啡厅;咖啡厅,[],[],050500,0,[],上城区,[],4000100100,B0JD546IHP,城星路111号钱江国际时代广场3幢负一层102号,[],浙江省,diner,杭州市,202,生椰拿铁,瑞幸咖啡(钱江国际时代广场店),"120.206065,30.239585",[],[],[],,,TRUE,TRUE,FALSE,FALSE,餐饮服务;咖啡厅;咖啡厅,餐饮服务,咖啡厅,['生椰拿铁']
B023B1FMMF,[],咖啡,[],[],餐饮服务;咖啡厅;咖啡厅,[],[],050500,0,[],上城区,[],19357219687,B0MA6UL37S,四季青街道钱塘航空大厦2幢109室,[],浙江省,diner,杭州市,202,"杨枝甘露,生椰拿铁",库迪咖啡(杭州钱塘航空大厦店),"120.208529,30.237725",[],[],[],,,TRUE,TRUE,FALSE,FALSE,餐饮服务;咖啡厅;咖啡厅,餐饮服务,咖啡厅,"['杨枝甘露', '生椰拿铁']"
B023B09Y9H,[],饮品,[],[],餐饮服务;咖啡厅;星巴克咖啡,[],[],050501,1,[],上城区,[],0571-86533336,B023B13OY0,景昙路18-26号银泰百货庆春店一楼,[],浙江省,diner,杭州市,201,"下午茶,单人餐,奶油",星巴克臻选(庆春银泰百货店),"120.205005,30.259703",[],[],[],,,TRUE,TRUE,FALSE,FALSE,餐饮服务;咖啡厅;星巴克咖啡,餐饮服务,咖啡厅,"['下午茶', '单人餐', '奶油']"
B023B08Z1W,[],咖啡,[],[],餐饮服务;咖啡厅;咖啡厅|生活服务;生活服务场所;生活服务场所,[],[],050500|070000,0,[],上城区,[],15355066607,B0I1KHW3A9,望江街道之江路934号-1,[],浙江省,diner,杭州市,320,下午茶,星期八咖啡馆·日咖夜酒(之江店),"120.205637,30.230638",[],[],[],,,TRUE,TRUE,FALSE,FALSE,餐饮服务;咖啡厅;咖啡厅,餐饮服务,咖啡厅,['下午茶']
B023B18PKS,[],咖啡,[],[],餐饮服务;咖啡厅;咖啡厅,[],[],050500,0,[],上城区,[],[],B0JKKM6EJD,近江四园15幢15-6(近江地铁站A口步行240米),[],浙江省,diner,杭州市,202,[],山赖咖啡(近江店),"120.200278,30.231103",[],[],[],,,TRUE,TRUE,FALSE,FALSE,餐饮服务;咖啡厅;咖啡厅,餐饮服务,咖啡厅,[]
B023B14BUV,[],咖啡,[],[],餐饮服务;咖啡厅;咖啡厅,[],[],050500,0,[],上城区,[],[],B0I09MGUQ1,五星路188号荣安中心F1层,[],浙江省,diner,杭州市,202,coffee,Manner Coffee(荣安中心店),"120.210091,30.237354",[],[],[],,,TRUE,TRUE,FALSE,FALSE,餐饮服务;咖啡厅;咖啡厅,餐饮服务,咖啡厅,['coffee']
B023B18KJU,[],咖啡,[],[],餐饮服务;咖啡厅;咖啡厅,[],[],050500,0,[],上城区,[],4000100100,B0FFJXYI91,杭海路238号森禾商务广场A楼F1层,[],浙江省,diner,杭州市,202,提拉米苏,瑞幸咖啡(森禾广场店),"120.206156,30.252799",[],[],[],,,TRUE,TRUE,FALSE,FALSE,餐饮服务;咖啡厅;咖啡厅,餐饮服务,咖啡厅,['提拉米苏']
B0FFHLTRRX,[],饮品,[],[],餐饮服务;咖啡厅;星巴克咖啡,[],[],050501,1,[],上城区,[],0571-85782923,B0FFIG2PTA,景昙路9号西子国际中心负一层B170/B171号商铺,[],浙江省,diner,杭州市,202,"抹茶星冰乐,拿铁,可可碎片星冰乐,香草拿铁,热巧克力,卡布奇诺,香草星冰乐,馥芮白,三明治,下午茶,单人餐",星巴克(杭州大厦501城市广场B1店),"120.203726,30.259124",[],[],[],,,TRUE,TRUE,FALSE,FALSE,餐饮服务;咖啡厅;星巴克咖啡,餐饮服务,咖啡厅,"['抹茶星冰乐', '拿铁', '可可碎片星冰乐', '香草拿铁', '热巧克力', '卡布奇诺', '香草星冰乐', '馥芮白', '三明治', '下午茶', '单人餐']"
B0FFF38WQY,[],咖啡,[],[],餐饮服务;咖啡厅;咖啡厅,[],[],050500,0,[],上城区,[],4000100100,B0IUHPJWU3,钱江路地铁站柠檬町地铁商业街负一层A01号,[],浙江省,diner,杭州市,320,"厚乳拿铁,海盐芝士厚乳拿铁,杨枝甘露瑞纳冰,生椰拿铁yyds,美式,拿铁,生椰拿铁,杨枝甘露",瑞幸咖啡(钱江路地铁站店),"120.213875,30.254437",[],[],[],,,TRUE,TRUE,FALSE,FALSE,餐饮服务;咖啡厅;咖啡厅,餐饮服务,咖啡厅,"['厚乳拿铁', '海盐芝士厚乳拿铁', '杨枝甘露瑞纳冰', '生椰拿铁yyds', '美式', '拿铁', '生椰拿铁', '杨枝甘露']"
B0FFHKCJKO,[],咖啡,[],[],餐饮服务;咖啡厅;咖啡厅,[],[],050500,0,[],上城区,[],4000100100,B0J6A6RSSB,景昙路9号杭州大厦501城市广场底商,[],浙江省,diner,杭州市,201,"巧克力,柠檬茶,芝士,coffee,生椰拿铁,美式咖啡",瑞幸咖啡(501城市广场店),"120.204007,30.259347",[],[],[],,,TRUE,TRUE,FALSE,FALSE,餐饮服务;咖啡厅;咖啡厅,餐饮服务,咖啡厅,"['巧克力', '柠檬茶', '芝士', 'coffee', '生椰拿铁', '美式咖啡']"
B023B09YVI,[],咖啡,[],[],餐饮服务;咖啡厅;咖啡厅,[],[],050500,0,[],上城区,[],4000100100,B0FFJ1BKS7,民心路100号万银国际大厦一层大堂,[],浙江省,diner,杭州市,202,"西柚冰萃咖啡,厚乳拿铁,如梦令·功夫轻乳茶,牛油果森林瑞纳冰,冰镇杨梅瑞纳冰,海盐芝士厚乳拿铁,SOE耶加雪菲美式,陨石厚乳拿铁,杨枝甘露瑞纳冰,生椰拿铁yyds,拿铁,美式,小火山黑糖厚乳,陨石拿铁瑞纳冰,夏日桃桃冰,椰子OK瑞纳冰,秋香厚乳拿铁,小陨石抹茶厚乳,陨石拿铁,菠萝的海瑞纳冰,圣诞甜心厚乳拿铁,生椰拿铁,椰子,杨枝甘露",瑞幸咖啡(万银国际大厦店),"120.218750,30.251608",[],[],[],,,TRUE,TRUE,FALSE,FALSE,餐饮服务;咖啡厅;咖啡厅,餐饮服务,咖啡厅,"['西柚冰萃咖啡', '厚乳拿铁', '如梦令·功夫轻乳茶', '牛油果森林瑞纳冰', '冰镇杨梅瑞纳冰', '海盐芝士厚乳拿铁', 'SOE耶加雪菲美式', '陨石厚乳拿铁', '杨枝甘露瑞纳冰', '生椰拿铁yyds', '拿铁', '美式', '小火山黑糖厚乳', '陨石拿铁瑞纳冰', '夏日桃桃冰', '椰子OK瑞纳冰', '秋香厚乳拿铁', '小陨石抹茶厚乳', '陨石拿铁', '菠萝的海瑞纳冰', '圣诞甜心厚乳拿铁', '生椰拿铁', '椰子', '杨枝甘露']"
B023B0BEZI,[],饮品,[],[],餐饮服务;咖啡厅;星巴克咖啡,[],[],050501,0,[],上城区,[],0571-87378250,B0JBYZS4Y9,采荷街道杭海路116号中纺中心地上一层A19、A20、A21、1055、1056、1057号商铺,[],浙江省,diner,杭州市,201,"单人餐,下午茶",星巴克(中纺中心服装城店),"120.197843,30.248381",[],[],[],,,TRUE,TRUE,FALSE,FALSE,餐饮服务;咖啡厅;星巴克咖啡,餐饮服务,咖啡厅,"['单人餐', '下午茶']"
B023B090IH,[],咖啡,[],[],餐饮服务;咖啡厅;咖啡厅,[],[],050500,0,[],上城区,[],4000100100,B0JDH17BYP,采东路68号采荷东区9幢底商,[],浙江省,diner,杭州市,320,"coffee,生椰拿铁",瑞幸咖啡(采东路店),"120.203502,30.255314",[],[],[],,,TRUE,TRUE,FALSE,FALSE,餐饮服务;咖啡厅;咖啡厅,餐饮服务,咖啡厅,"['coffee', '生椰拿铁']"
[],[],咖啡,[],[],餐饮服务;咖啡厅;星巴克咖啡,[],[],050501,0,[],上城区,[],[],B0MDUDZIRA,钱江路与庆春东路交叉口东南140米,[],浙江省,diner,杭州市,[],[],星巴克咖啡(杭州万象城二店),"120.214669,30.254101",[],[],[],,,TRUE,TRUE,FALSE,FALSE,餐饮服务;咖啡厅;星巴克咖啡,餐饮服务,咖啡厅,[]
B023B1BSG9,[],咖啡,[],[],餐饮服务;咖啡厅;咖啡厅,[],[],050500,0,[],上城区,[],4000100100,B0J1VCBM58,市民街66号中华钱塘航空大厦1幢104室底商,[],浙江省,diner,杭州市,202,生椰拿铁,瑞幸咖啡(钱塘航空大厦店),"120.208872,30.237320",[],[],[],,,TRUE,TRUE,FALSE,FALSE,餐饮服务;咖啡厅;咖啡厅,餐饮服务,咖啡厅,['生椰拿铁']
B023B091JA,[],奶茶/茶饮,[],[],餐饮服务;咖啡厅;咖啡厅,[],[],050500,0,[],上城区,[],4000100100,B0LGLUJ1RI,杭海路229号宋都·兴业商务大厦F1层,[],浙江省,diner,杭州市,202,coffee,luckin coffee 瑞幸咖啡(宋都·兴业商务大厦店),"120.203725,30.252825",[],[],[],,,TRUE,TRUE,FALSE,FALSE,餐饮服务;咖啡厅;咖啡厅,餐饮服务,咖啡厅,['coffee']
B0FFGDDINA,[],咖啡,[],[],餐饮服务;咖啡厅;咖啡厅,[],[],050500,0,[],上城区,[],4000100100,B0FFKA0PRX,新塘路29-31号庆春广场华润万家一层L1007号,[],浙江省,diner,杭州市,302,"海盐芝士厚乳拿铁,杨枝甘露瑞纳冰,生椰拿铁yyds,美式,拿铁,厚乳拿铁,杨枝甘露,生椰拿铁",瑞幸咖啡(庆春乐购店),"120.207501,30.259696",[],[],[],,,TRUE,TRUE,FALSE,FALSE,餐饮服务;咖啡厅;咖啡厅,餐饮服务,咖啡厅,"['海盐芝士厚乳拿铁', '杨枝甘露瑞纳冰', '生椰拿铁yyds', '美式', '拿铁', '厚乳拿铁', '杨枝甘露', '生椰拿铁']"
B023B18CT7,[],咖啡,[],[],餐饮服务;餐饮相关场所;餐饮相关,[],[],050000,0,[],上城区,[],4000100100,B0HRJKK2XX,杭海路116号中纺中心服装城中庭一层,[],浙江省,diner,杭州市,202,生椰拿铁,瑞幸咖啡(中纺中心店),"120.198765,30.249366",[],[],[],,,TRUE,TRUE,FALSE,FALSE,餐饮服务;餐饮相关场所;餐饮相关,餐饮服务,餐饮相关场所,['生椰拿铁']
B023B14BUV,[],咖啡,[],[],餐饮服务;咖啡厅;咖啡厅,[],[],050500,0,[],上城区,[],4000100100,B0I6BO1ZS4,五星路188号荣安大厦一层大堂,[],浙江省,diner,杭州市,202,"海盐芝士厚乳拿铁,杨枝甘露瑞纳冰,生椰拿铁yyds,美式,拿铁,厚乳拿铁,生椰拿铁,杨枝甘露",瑞幸咖啡(荣安中心店),"120.210355,30.237505",[],[],[],,,TRUE,TRUE,FALSE,FALSE,餐饮服务;咖啡厅;咖啡厅,餐饮服务,咖啡厅,"['海盐芝士厚乳拿铁', '杨枝甘露瑞纳冰', '生椰拿铁yyds', '美式', '拿铁', '厚乳拿铁', '生椰拿铁', '杨枝甘露']"
B023B13KPC,[],饮品,[],[],餐饮服务;咖啡厅;星巴克咖啡,[],[],050501,0,[],上城区,[],0571-86025823,B0FFHR8PIX,新塘路58号第一层101号商铺,[],浙江省,diner,杭州市,202,"焦糖玛奇朵,摩卡,香草拿铁,热巧克力,太妃榛果拿铁,抹茶拿铁,香草星冰乐,馥芮白,下午茶,单人餐",星巴克(新传媒大厦店),"120.208599,30.260780",[],[],[],,,TRUE,TRUE,FALSE,FALSE,餐饮服务;咖啡厅;星巴克咖啡,餐饮服务,咖啡厅,"['焦糖玛奇朵', '摩卡', '香草拿铁', '热巧克力', '太妃榛果拿铁', '抹茶拿铁', '香草星冰乐', '馥芮白', '下午茶', '单人餐']"
B023B14ELV,[],咖啡,[],[],餐饮服务;咖啡厅;咖啡厅,[],[],050500,0,[],上城区,[],4000100100,B0KKSSVYP8,庆春路25-29号远洋大厦一层101室,[],浙江省,diner,杭州市,320,[],瑞幸咖啡(远洋大厦店),"120.198533,30.257388",[],[],[],,,TRUE,TRUE,FALSE,FALSE,餐饮服务;咖啡厅;咖啡厅,餐饮服务,咖啡厅,[]
B0FFFEKRXT,[],咖啡,[],[],餐饮服务;咖啡厅;咖啡厅,[],[],050500,0,[],上城区,[],4000100100,B0J1VCAYCX,清江路161-2号底商(夕照社区南2门旁),[],浙江省,diner,杭州市,320,"生椰拿铁,coffee",瑞幸咖啡(清江路店),"120.195008,30.244176",[],[],[],,,TRUE,TRUE,FALSE,FALSE,餐饮服务;咖啡厅;咖啡厅,餐饮服务,咖啡厅,"['生椰拿铁', 'coffee']"
B023B1DJLX,[],饮品,[],[],餐饮服务;咖啡厅;星巴克咖啡,[],[],050501,1,[],上城区,[],0571-85060176,B0FFG3HHV6,新塘路108号天虹购物中心的B座楼一层131号商铺,[],浙江省,diner,杭州市,201,"单人餐,下午茶",星巴克(杭州五福天虹购物中心店),"120.209891,30.264434",[],[],[],,,TRUE,TRUE,FALSE,FALSE,餐饮服务;咖啡厅;星巴克咖啡,餐饮服务,咖啡厅,"['单人餐', '下午茶']"
B023B0A4ZD,[],咖啡,[],[],餐饮服务;咖啡厅;咖啡厅,[],[],050500,0,[],上城区,[],13072100428,B0K0C7D5RS,富春路701号B1层B1126号商铺,[],浙江省,diner,杭州市,202,[],M Stand(杭州万象城店)(装修中),"120.216149,30.251542",[],[],[],,,TRUE,TRUE,FALSE,FALSE,餐饮服务;咖啡厅;咖啡厅,餐饮服务,咖啡厅,[]
B023B090IH,[],咖啡,[],[],餐饮服务;咖啡厅;咖啡厅,[],[],050500,0,[],上城区,[],[],B0KUDKXPWZ,采东路26号采荷街道健风社区,[],浙江省,diner,杭州市,320,coffee,Manner Coffee(杭州采东路店),"120.203292,30.255321",[],[],[],,,TRUE,TRUE,FALSE,FALSE,餐饮服务;咖啡厅;咖啡厅,餐饮服务,咖啡厅,['coffee']
B023B09Y9H,[],咖啡,[],[],餐饮服务;咖啡厅;咖啡厅,[],[],050500,0,[],上城区,[],19558118165,B0LAXH1F9U,景昙路18-26号银泰百货(杭州庆春店)1F层1C-16(3号门附近),[],浙江省,diner,杭州市,201,[],BeanStar比星咖啡(庆春银泰百货店),"120.205426,30.260268",[],[],[],,,TRUE,TRUE,FALSE,FALSE,餐饮服务;咖啡厅;咖啡厅,餐饮服务,咖啡厅,[]
[],[],奶茶/茶饮,[],[],餐饮服务;咖啡厅;咖啡厅,[],[],050500,0,[],上城区,[],4000100100,B0LUU9SMW2,碑亭路52号,[],浙江省,diner,杭州市,[],coffee,luckin coffee 瑞幸咖啡(尚城女装中心店),"120.196591,30.246349",[],[],[],,,TRUE,TRUE,FALSE,FALSE,餐饮服务;咖啡厅;咖啡厅,餐饮服务,咖啡厅,['coffee']
B023B08SDI,[],咖啡,[],[],餐饮服务;咖啡厅;咖啡厅,[],[],050500,0,[],上城区,[],4000100100,B0JK4AQATI,太平门直街459号底商(景芳地铁站D5口步行340米),[],浙江省,diner,杭州市,320,生椰拿铁,瑞幸咖啡(太平门直街店),"120.206400,30.260990",[],[],[],,,TRUE,TRUE,FALSE,FALSE,餐饮服务;咖啡厅;咖啡厅,餐饮服务,咖啡厅,['生椰拿铁']
B023B085WZ,[],咖啡,[],[],餐饮服务;餐饮相关场所;餐饮相关,[],[],050000,0,[],上城区,[],[],B0L075198R,杭海路68号一楼1086号,[],浙江省,diner,杭州市,202,coffee,luckin coffee 瑞幸咖啡(四季青老杭派服装市场店),"120.194785,30.246743",[],[],[],,,TRUE,TRUE,FALSE,FALSE,餐饮服务;餐饮相关场所;餐饮相关,餐饮服务,餐饮相关场所,['coffee']
B023B06O9Q,[],咖啡,[],[],餐饮服务;咖啡厅;咖啡厅,[],[],050500,0,[],上城区,[],18968059586,B0LR1ST0I6,富春路222号,[],浙江省,diner,杭州市,320,双人餐,骑点咖啡 Ride Cafe,"120.201580,30.234900",[],[],[],,,TRUE,TRUE,FALSE,FALSE,餐饮服务;咖啡厅;咖啡厅,餐饮服务,咖啡厅,['双人餐']
B023B09WCH,[],咖啡,[],[],餐饮服务;咖啡厅;咖啡厅,[],[],050500,1,[],上城区,[],15658065727,B0J6M5FZ5O,景耀巷17号(江河汇地铁站C1口步行410米),[],浙江省,diner,杭州市,320,coffee,born.coffee(三堡家园南区店),"120.218713,30.261286",[],[],[],,,TRUE,TRUE,FALSE,FALSE,餐饮服务;咖啡厅;咖啡厅,餐饮服务,咖啡厅,['coffee']
[],[],咖啡,[],[],餐饮服务;咖啡厅;咖啡厅,[],[],050500,1,[],上城区,[],19216814728,B0J3DZDD0V,太平门直街148号(庆菱路地铁站A1口步行480米),[],浙江省,diner,杭州市,[],美式咖啡,chofo出伏咖啡,"120.196356,30.259884",[],[],[],,,TRUE,TRUE,FALSE,FALSE,餐饮服务;咖啡厅;咖啡厅,餐饮服务,咖啡厅,['美式咖啡']
B023B08SDI,[],咖啡,[],[],餐饮服务;咖啡厅;咖啡厅,[],[],050500,0,[],上城区,[],[],B0JA17KXUJ,四季青街道太平门直街457号,[],浙江省,diner,杭州市,320,"烤坚果拿铁,海盐焦糖拿铁,coffee",Manner Coffee(太平门直街店),"120.206346,30.260986",[],[],[],,,TRUE,TRUE,FALSE,FALSE,餐饮服务;咖啡厅;咖啡厅,餐饮服务,咖啡厅,"['烤坚果拿铁', '海盐焦糖拿铁', 'coffee']"
[],[],咖啡,[],[],餐饮服务;咖啡厅;咖啡厅,[],[],050500,0,[],上城区,[],18329140845,B0LRBPMOEG,清静弄与瓯江路交叉口西60米,[],浙江省,diner,杭州市,[],"生椰拿铁,杨枝甘露",库迪咖啡(杭州爵优科技大厦店),"120.201211,30.238017",[],[],[],,,TRUE,TRUE,FALSE,FALSE,餐饮服务;咖啡厅;咖啡厅,餐饮服务,咖啡厅,"['生椰拿铁', '杨枝甘露']"
[],[],奶茶/茶饮,[],[],餐饮服务;咖啡厅;咖啡厅,[],[],050500,0,[],上城区,[],4000100100,B0KAF5DOA5,杭海路29-59号杭州四季青服装市场999-2摊位,[],浙江省,diner,杭州市,[],[],瑞幸咖啡(四季青丝绸源一楼店),"120.193054,30.246529",[],[],[],,,TRUE,TRUE,FALSE,FALSE,餐饮服务;咖啡厅;咖啡厅,餐饮服务,咖啡厅,[]
B0FFFEKRXT,[],咖啡,[],[],餐饮服务;咖啡厅;咖啡厅,[],[],050500,0,[],上城区,[],19706858657,B0K3MRMG9K,清江路167边上(九天国际红绿灯对面),[],浙江省,diner,杭州市,320,"五常米乳拿铁,云顶慕斯新品,【蕉个新朋友,暖咖季香蕉,【茸茸暖咖季,慕斯大红袍生酪拿铁,【柚味臻选,柚见冰沁系列,【桂人多旺事,富桂酒酿,【浓郁丝滑,流云拿铁,纯萃燕麦拿铁,生椰拿铁,潘帕斯蓝生酪茉莉拿铁,杨枝甘露",库迪咖啡(四季青清江路店),"120.195501,30.243994",[],[],[],,,TRUE,TRUE,FALSE,FALSE,餐饮服务;咖啡厅;咖啡厅,餐饮服务,咖啡厅,"['五常米乳拿铁', '云顶慕斯新品', '【蕉个新朋友', '暖咖季香蕉', '【茸茸暖咖季', '慕斯大红袍生酪拿铁', '【柚味臻选', '柚见冰沁系列', '【桂人多旺事', '富桂酒酿', '【浓郁丝滑', '流云拿铁', '纯萃燕麦拿铁', '生椰拿铁', '潘帕斯蓝生酪茉莉拿铁', '杨枝甘露']"
B0FFMCT9DZ,[],奶茶/茶饮,[],[],餐饮服务;咖啡厅;咖啡厅,[],[],050500,0,[],上城区,[],4000100100,B0L2CXHXM2,解放东路268号昆龙大厦地下B1000-16号,[],浙江省,diner,杭州市,202,[],瑞幸咖啡(昆龙童装城负一楼店),"120.195431,30.248998",[],[],[],,,TRUE,TRUE,FALSE,FALSE,餐饮服务;咖啡厅;咖啡厅,餐饮服务,咖啡厅,[]
[],[],饮品,[],[],餐饮服务;咖啡厅;星巴克咖啡,[],[],050501,0,[],上城区,[],0571-87167213,B0FFL2W5OR,地铁4号线景芳地铁站D1出口地下一层C1、C2号商铺,[],浙江省,diner,杭州市,[],"单人餐,下午茶",星巴克(景芳地铁站商业街店),"120.208077,30.264607",[],[],[],,,TRUE,TRUE,FALSE,FALSE,餐饮服务;咖啡厅;星巴克咖啡,餐饮服务,咖啡厅,"['单人餐', '下午茶']"
B023B06N83,[],咖啡,[],[],餐饮服务;咖啡厅;咖啡厅,[],[],050500,0,[],上城区,[],4000100100,B0K3YS53VW,双菱路沿街(庆菱路地铁站A1口步行250米),[],浙江省,diner,杭州市,202,柠檬茶,瑞幸咖啡(双菱路沿街店),"120.195463,30.258391",[],[],[],,,TRUE,TRUE,FALSE,FALSE,餐饮服务;咖啡厅;咖啡厅,餐饮服务,咖啡厅,['柠檬茶']
B0FFL5JFB4,[],咖啡,[],[],餐饮服务;咖啡厅;咖啡厅,[],[],050500,0,[],上城区,[],[],B0LK7A2HSL,庆春东路1号西子联合控股大厦1楼,[],浙江省,diner,杭州市,202,coffee,Manner Coffee(西子联合控股店),"120.205875,30.256975",[],[],[],,,TRUE,TRUE,FALSE,FALSE,餐饮服务;咖啡厅;咖啡厅,餐饮服务,咖啡厅,['coffee']
B023B175NW,[],咖啡,[],[],餐饮服务;咖啡厅;咖啡厅,[],[],050500,0,[],上城区,[],4000100100,B0JAXY2V30,凤起东路358号五福天星龙大厦A座一层大堂,[],浙江省,diner,杭州市,202,"奶油,柠檬茶,卡布奇诺,生椰拿铁",瑞幸咖啡(天星龙大厦A座店),"120.209725,30.263475",[],[],[],,,TRUE,TRUE,FALSE,FALSE,餐饮服务;咖啡厅;咖啡厅,餐饮服务,咖啡厅,"['奶油', '柠檬茶', '卡布奇诺', '生椰拿铁']"
B0H2UAPE8M,[],咖啡,[],[],餐饮服务;咖啡厅;咖啡厅,[],[],050500,0,[],上城区,[],4000100100,B0I2G4Z3BP,三新路37号中豪江河时代办公中心底商,[],浙江省,diner,杭州市,202,"热饮,奶油",瑞幸咖啡(中豪江河时代店),"120.220385,30.261643",[],[],[],,,TRUE,TRUE,FALSE,FALSE,餐饮服务;咖啡厅;咖啡厅,餐饮服务,咖啡厅,"['热饮', '奶油']"
B0FFFEYKZG,[],咖啡,[],[],餐饮服务;咖啡厅;咖啡厅,[],[],050500,0,[],上城区,[],19012880291,B0JAKAIKAB,新塘路108号天虹购物中心B座大堂,[],浙江省,diner,杭州市,202,"【浓郁丝滑,流云拿铁,橙C新品,芒芒生打椰系列,纯萃燕麦拿铁,生椰拿铁,潘帕斯蓝生酪茉莉拿铁,鲜气杨梅新品,五常米乳拿铁,云顶慕斯新品,【爆款,全场饮品任选券,阳光青提系列,【柚味臻选,柚见冰沁系列,流云茉莉轻乳茶,【蕉个新朋友,暖咖季香蕉,【茸茸暖咖季,慕斯大红袍生酪拿铁,【桂人多旺事,富桂酒酿,冰美式,杨枝甘露,卡布奇诺",库迪咖啡(杭州天虹购物中心店),"120.209843,30.264579",[],[],[],,,TRUE,TRUE,FALSE,FALSE,餐饮服务;咖啡厅;咖啡厅,餐饮服务,咖啡厅,"['【浓郁丝滑', '流云拿铁', '橙C新品', '芒芒生打椰系列', '纯萃燕麦拿铁', '生椰拿铁', '潘帕斯蓝生酪茉莉拿铁', '鲜气杨梅新品', '五常米乳拿铁', '云顶慕斯新品', '【爆款', '全场饮品任选券', '阳光青提系列', '【柚味臻选', '柚见冰沁系列', '流云茉莉轻乳茶', '【蕉个新朋友', '暖咖季香蕉', '【茸茸暖咖季', '慕斯大红袍生酪拿铁', '【桂人多旺事', '富桂酒酿', '冰美式', '杨枝甘露', '卡布奇诺']"
B023B0927U,[],咖啡,[],[],餐饮服务;咖啡厅;咖啡厅,[],[],050500,1,[],上城区,[],17643179656,B0JK0SQMEU,太平门直街142号(庆菱路地铁站A1口步行420米),[],浙江省,diner,杭州市,320,coffee,STAY COFFEE(月季公寓店),"120.196182,30.259792",[],[],[],,,TRUE,TRUE,FALSE,FALSE,餐饮服务;咖啡厅;咖啡厅,餐饮服务,咖啡厅,['coffee']
B023B068Q3,[],咖啡,[],[],餐饮服务;咖啡厅;咖啡厅,[],[],050500,1,[],上城区,[],15368609993,B0I3DH0P7F,珊园弄102号,[],浙江省,diner,杭州市,320,卡布奇诺,一家咖啡(近江一园店),"120.202289,30.230575",[],[],[],,,TRUE,TRUE,FALSE,FALSE,餐饮服务;咖啡厅;咖啡厅,餐饮服务,咖啡厅,['卡布奇诺']
[],[],咖啡,[],[],餐饮服务;咖啡厅;咖啡厅,[],[],050500,0,[],上城区,[],4000100100,B0IAJ6JXES,九和路8号华侨国际新侨创智中心A座底商,[],浙江省,diner,杭州市,[],[],瑞幸咖啡(新侨创智中心店),"120.203875,30.258125",[],[],[],,,TRUE,TRUE,FALSE,FALSE,餐饮服务;咖啡厅;咖啡厅,餐饮服务,咖啡厅,[]
B0FFFRCEKI,[],咖啡,[],[],餐饮服务;咖啡厅;咖啡厅,[],[],050500,0,[],上城区,[],4000100100,B0KKKUQQIV,婺江路217号近江时代大厦一层188室,[],浙江省,diner,杭州市,202,[],瑞幸咖啡(近江时代大厦店),"120.196833,30.230799",[],[],[],,,TRUE,TRUE,FALSE,FALSE,餐饮服务;咖啡厅;咖啡厅,餐饮服务,咖啡厅,[]
B0FFFEKRXT,[],奶茶/茶饮,[],[],餐饮服务;冷饮店;冷饮店,[],[],050700,0,[],上城区,[],15988408225,B0MATUVGUG,清江路159号,[],浙江省,diner,杭州市,320,"泰式奶茶,老挝冰咖啡",春莱?老挝冰咖啡泰式奶茶(四季青店),"120.194958,30.244348",[],[],[],,,TRUE,TRUE,FALSE,FALSE,餐饮服务;冷饮店;冷饮店,餐饮服务,冷饮店,"['泰式奶茶', '老挝冰咖啡']"
B0FFLC0QI5,[],咖啡,[],[],餐饮服务;餐饮相关场所;餐饮相关,[],[],050000,0,[],上城区,[],4000100100,B0FFJJFQ4K,婺江路333号蕙沣大厦一层大堂,[],浙江省,diner,杭州市,202,"生椰拿铁,冰美式",瑞幸咖啡(蕙沣大厦店),"120.195111,30.232115",[],[],[],,,TRUE,TRUE,FALSE,FALSE,餐饮服务;餐饮相关场所;餐饮相关,餐饮服务,餐饮相关场所,"['生椰拿铁', '冰美式']"
B023B06F72,[],咖啡,[],[],餐饮服务;咖啡厅;咖啡厅,[],[],050500,0,[],上城区,[],[],B0I12H6P11,太平门直街207号南肖埠·景和苑,[],浙江省,diner,杭州市,320,[],山羊咖啡(杭州店),"120.198279,30.260179",[],[],[],,,TRUE,TRUE,FALSE,FALSE,餐饮服务;咖啡厅;咖啡厅,餐饮服务,咖啡厅,[]
B0FFF6W4DG,[],咖啡,[],[],餐饮服务;咖啡厅;咖啡厅|餐饮服务;甜品店;甜品店,[],[],050500|050900,0,[],上城区,[],0571-86046671,B023B08ZJY,近江北路63号,[],浙江省,diner,杭州市,320,"意式总汇比萨,香炸洋葱圈,韩式鸡肉石锅饭,韩式肥牛石锅饭,皇家蓝带经典菲力牛排,挪威深海鲑鱼批萨,凤尾鲜虾批萨,葱爆羊肉石锅饭,经典肉酱意大利面,香酥芝士,新西兰炉烤莎朗小牛排,意式总汇批萨,八爪牛肉肠,韩式海鲜石锅饭,罗勒青酱意大利面,披萨,卤肉饭,牛肉",阿罗哈咖啡西餐厅(近江北路店),"120.200080,30.236016",[],[],[],,,TRUE,TRUE,FALSE,FALSE,餐饮服务;咖啡厅;咖啡厅,餐饮服务,咖啡厅,"['意式总汇比萨', '香炸洋葱圈', '韩式鸡肉石锅饭', '韩式肥牛石锅饭', '皇家蓝带经典菲力牛排', '挪威深海鲑鱼批萨', '凤尾鲜虾批萨', '葱爆羊肉石锅饭', '经典肉酱意大利面', '香酥芝士', '新西兰炉烤莎朗小牛排', '意式总汇批萨', '八爪牛肉肠', '韩式海鲜石锅饭', '罗勒青酱意大利面', '披萨', '卤肉饭', '牛肉']"
B023B1DJLX,[],饮品,[],[],餐饮服务;咖啡厅;星巴克咖啡,[],[],050501,0,[],上城区,[],0571-89801316,B0LVX92399,新塘路108号天虹购物中心的B座楼一层131号商铺,[],浙江省,diner,杭州市,202,[],星巴克(杭州天虹店),"120.209901,30.264444",[],[],[],,,TRUE,TRUE,FALSE,FALSE,餐饮服务;咖啡厅;星巴克咖啡,餐饮服务,咖啡厅,[]
B023B1DJLX,[],咖啡,[],[],餐饮服务;咖啡厅;咖啡厅,[],[],050500,0,[],上城区,[],4000100100,B0FFK5Q2DX,新塘路108号天虹购物中心A座一层A106号,[],浙江省,diner,杭州市,202,"厚乳拿铁,美式,拿铁,海盐芝士厚乳拿铁,杨枝甘露瑞纳冰,生椰拿铁yyds,杨枝甘露,生椰拿铁",瑞幸咖啡(杭州天虹购物中心店),"120.208771,30.264615",[],[],[],,,TRUE,TRUE,FALSE,FALSE,餐饮服务;咖啡厅;咖啡厅,餐饮服务,咖啡厅,"['厚乳拿铁', '美式', '拿铁', '海盐芝士厚乳拿铁', '杨枝甘露瑞纳冰', '生椰拿铁yyds', '杨枝甘露', '生椰拿铁']"
B0FFHZRB16,[],奶茶/茶饮,[],[],餐饮服务;冷饮店;冷饮店,[],[],050700,0,[],上城区,[],18106576122,B0KKM5JYST,解放东路8号波浪文化城商业中心天鹅街B-L1-24,[],浙江省,diner,杭州市,202,"满分浓抹珍珠,奶油苹果（圣诞限定款）,春回·樱花吸吸冻",爷爷不泡茶NOYEYENOTEA(杭州砂之船奥特莱斯店),"120.213329,30.244885",[],[],[],,,TRUE,TRUE,FALSE,FALSE,餐饮服务;冷饮店;冷饮店,餐饮服务,冷饮店,"['满分浓抹珍珠', '奶油苹果（圣诞限定款）', '春回·樱花吸吸冻']"
B0FFH2VWTH,[],奶茶/茶饮,[],[],餐饮服务;冷饮店;冷饮店,[],[],050700,0,[],上城区,[],18668469246,B0L14C25O2,新业路228号杭州来福士中心B1,[],浙江省,diner,杭州市,201,[],李若桃·手作酸奶铺(杭州来福士中心店),"120.213175,30.248675",[],[],[],,,TRUE,TRUE,FALSE,FALSE,餐饮服务;冷饮店;冷饮店,餐饮服务,冷饮店,[]
B0FFH2VWTH,[],糖水,[],[],餐饮服务;冷饮店;冷饮店,[],[],050700,0,[],上城区,[],17357198286,B0LD1UJX9V,新业路228号杭州来福士广场5F层,[],浙江省,diner,杭州市,201,"单人餐,双人餐",麦记牛奶(杭州来福士店),"120.212987,30.248813",[],[],[],,,TRUE,TRUE,FALSE,FALSE,餐饮服务;冷饮店;冷饮店,餐饮服务,冷饮店,"['单人餐', '双人餐']"
B0FFH2VWTH,[],奶茶/茶饮,[],[],餐饮服务;冷饮店;冷饮店,[],[],050700,0,[],上城区,[],[],B0G3FMGFFP,"富春路与丹桂街交叉口西160米杭州来福士广场B1层(2号门进入直行30m,扶梯下到B1可见)",[],浙江省,diner,杭州市,201,"单人餐,双人餐",牧白手作(杭州来福士店),"120.213159,30.248637",[],[],[],,,TRUE,TRUE,FALSE,FALSE,餐饮服务;冷饮店;冷饮店,餐饮服务,冷饮店,"['单人餐', '双人餐']"
B0FFH2VWTH,[],奶茶/茶饮,[],[],餐饮服务;冷饮店;冷饮店,[],[],050700,0,[],上城区,[],[],B0LGMSC8YE,新业路与民心路交叉口东140米,[],浙江省,diner,杭州市,201,[],BONJOUR本就(杭州来福士中心店),"120.212903,30.248643",[],[],[],,,TRUE,TRUE,FALSE,FALSE,餐饮服务;冷饮店;冷饮店,餐饮服务,冷饮店,[]
B0FFH2VWTH,[],奶茶/茶饮,[],[],餐饮服务;冷饮店;冷饮店,[],[],050700,0,[],上城区,[],18839837823,B0JA75PX2V,新业路228号来福士中心B1层23号,[],浙江省,diner,杭州市,201,"柠檬茶,柠檬",柠檬向右(杭州来福士店),"120.212965,30.248795",[],[],[],,,TRUE,TRUE,FALSE,FALSE,餐饮服务;冷饮店;冷饮店,餐饮服务,冷饮店,"['柠檬茶', '柠檬']"
B0FFMGPTGP,[],奶茶/茶饮,[],[],餐饮服务;冷饮店;冷饮店,[],[],050700,1,[],上城区,[],0571-86075605,B0FFKNRWFP,解放路砂之船生活广场地下一层,[],浙江省,diner,杭州市,201,杨枝甘露,1点点(砂之船国际生活广场店),"120.213844,30.243451",[],[],[],,,TRUE,TRUE,FALSE,FALSE,餐饮服务;冷饮店;冷饮店,餐饮服务,冷饮店,['杨枝甘露']
B0M6T754NQ,[],奶茶/茶饮,[],[],餐饮服务;餐饮相关场所;餐饮相关,[],[],050000,0,[],上城区,[],17858858448,B0HKNSRORP,四季青街道解放东路地铁7号线市民中心站N口负1楼觅花街C01商铺,[],浙江省,diner,杭州市,202,"山茶生椰芒芒,山茶梨香拿铁,芋泥,奶咖,现磨咖啡,珍珠奶茶",古茗(上城市民中心店),"120.212052,30.242616",[],[],[],,,TRUE,TRUE,FALSE,FALSE,餐饮服务;餐饮相关场所;餐饮相关,餐饮服务,餐饮相关场所,"['山茶生椰芒芒', '山茶梨香拿铁', '芋泥', '奶咖', '现磨咖啡', '珍珠奶茶']"
B0FFH2VWTH,[],奶茶/茶饮,[],[],餐饮服务;冷饮店;冷饮店,[],[],050700,0,[],上城区,[],19357382319,B0L1NUXNND,四季青街道新业路228号杭州来福士中心06层17号,[],浙江省,diner,杭州市,201,[],森林子 · 果蔬茶(杭州来福士店),"120.213246,30.248818",[],[],[],,,TRUE,TRUE,FALSE,FALSE,餐饮服务;冷饮店;冷饮店,餐饮服务,冷饮店,[]
B0FFHSMO63,[],奶茶/茶饮,[],[],餐饮服务;休闲餐饮场所;休闲餐饮场所,[],[],050400,0,[],上城区,[],16665708028,B0M6YSQJF9,解放东路45号高德置地广场F1层,[],浙江省,diner,杭州市,202,热饮,陆八仙·药果制茶·养生特饮(高德置地店),"120.207157,30.243011",[],[],[],,,TRUE,TRUE,FALSE,FALSE,餐饮服务;休闲餐饮场所;休闲餐饮场所,餐饮服务,休闲餐饮场所,['热饮']
[],[],奶茶/茶饮,[],[],餐饮服务;冷饮店;冷饮店,[],[],050700,0,[],上城区,[],13732255307,B0HUMASOQW,钱江新城解放东路高德置地产业有限公司负一楼B101-06-3,[],浙江省,diner,杭州市,[],"（黑&玉）麒麟系列,果茶,麻薯,柠檬茶",茶百道(杭州高德置地店),"120.208875,30.243025",[],[],[],,,TRUE,TRUE,FALSE,FALSE,餐饮服务;冷饮店;冷饮店,餐饮服务,冷饮店,"['（黑&玉）麒麟系列', '果茶', '麻薯', '柠檬茶']"
[],[],奶茶/茶饮,[],[],餐饮服务;冷饮店;冷饮店,[],[],050700,0,[],上城区,[],[],B0IR9UOCHG,民心路与丹桂街交叉口南140米,[],浙江省,diner,杭州市,[],[],KOI(杭州来福士店),"120.212975,30.249025",[],[],[],,,TRUE,TRUE,FALSE,FALSE,餐饮服务;冷饮店;冷饮店,餐饮服务,冷饮店,[]
B0H07X5CU0,[],奶茶/茶饮,[],[],餐饮服务;冷饮店;冷饮店,[],[],050700,0,[],上城区,[],0571-82710266,B0L0LS8QAR,杭州来福士中心B1层(江锦路地铁站B1口步行440米),[],浙江省,diner,杭州市,202,[],1点点(凯德·杭州来福士中心店),"120.212612,30.248862",[],[],[],,,TRUE,TRUE,FALSE,FALSE,餐饮服务;冷饮店;冷饮店,餐饮服务,冷饮店,[]
[],[],奶茶/茶饮,[],[],餐饮服务;冷饮店;冷饮店,[],[],050700,1,[],上城区,[],19016907017,B0K3DCX0J4,万象城二期S191号商铺(华润大厦A座入口处),[],浙江省,diner,杭州市,[],"芋泥,麻薯",阿嬷手作(杭州万象城店),"120.214902,30.253033",[],[],[],,,TRUE,TRUE,FALSE,FALSE,餐饮服务;冷饮店;冷饮店,餐饮服务,冷饮店,"['芋泥', '麻薯']"
B023B0A4ZD,[],奶茶/茶饮,[],[],餐饮服务;冷饮店;冷饮店,[],[],050700,0,[],上城区,[],13291819002,B0L617N4LQ,富春路701号杭州万象城5楼食通天茉莉奶白,[],浙江省,diner,杭州市,202,[],茉莉奶白(杭州万象城店),"120.215825,30.251825",[],[],[],,,TRUE,TRUE,FALSE,FALSE,餐饮服务;冷饮店;冷饮店,餐饮服务,冷饮店,[]
B023B0A4ZD,[],奶茶/茶饮,[],[],餐饮服务;餐饮相关场所;餐饮相关,[],[],050000,0,[],上城区,[],17706523303,B0J3KDR8AS,富春路701号B275(江锦路地铁站B3口旁),[],浙江省,diner,杭州市,202,蛋挞,裕莲茶楼(杭州万象城店),"120.216270,30.251540",[],[],[],,,TRUE,TRUE,FALSE,FALSE,餐饮服务;餐饮相关场所;餐饮相关,餐饮服务,餐饮相关场所,['蛋挞']
[],[],甜品店,[],[],餐饮服务;餐饮相关场所;餐饮相关,[],[],050000,0,[],上城区,[],17799827513,B0FFJO132H,江锦路万象城5楼食悦天美食广场18号铺位,[],浙江省,diner,杭州市,[],"芋头,杨枝甘露,珍珠奶茶",CoCo都可(万象城美广店),"120.215575,30.251725",[],[],[],,,TRUE,TRUE,FALSE,FALSE,餐饮服务;餐饮相关场所;餐饮相关,餐饮服务,餐饮相关场所,"['芋头', '杨枝甘露', '珍珠奶茶']"
[],[],奶茶/茶饮,[],[],餐饮服务;冷饮店;冷饮店,[],[],050700,0,[],上城区,[],0571-89013169,B0FFJV1WA1,富春路701号万象城购物中心B1S04,[],浙江省,diner,杭州市,[],"羽衣纤体瓶(首创),多肉葡萄(首创),清爽芭乐提(白芭乐),茶坊苦抹·清,提拉米苏·浓巧,去火*纤体瓶(首创),多肉桃李(首创),咸酪碎银子,清爽芭乐葡(白芭乐),烤黑糖波波牛乳(首创),芝芝绿妍茶后(首创),芭乐雪毫茉王,雪域·牦牛乳恰安莫,酱香白脱碎银子,金韵酸木瓜枇杷,烤黑糖波波牛乳茶,芒芒甘露(首创),奇兰苹果杏特调,奇兰粉芭乐,苦巧·咸酪碎银子,奶油,提拉米苏,果茶,牛乳,牦牛,芋泥",喜茶(杭州万象城gelato lab+店),"120.215003,30.253092",[],[],[],,,TRUE,TRUE,FALSE,FALSE,餐饮服务;冷饮店;冷饮店,餐饮服务,冷饮店,"['羽衣纤体瓶(首创)', '多肉葡萄(首创)', '清爽芭乐提(白芭乐)', '茶坊苦抹·清', '提拉米苏·浓巧', '去火*纤体瓶(首创)', '多肉桃李(首创)', '咸酪碎银子', '清爽芭乐葡(白芭乐)', '烤黑糖波波牛乳(首创)', '芝芝绿妍茶后(首创)', '芭乐雪毫茉王', '雪域·牦牛乳恰安莫', '酱香白脱碎银子', '金韵酸木瓜枇杷', '烤黑糖波波牛乳茶', '芒芒甘露(首创)', '奇兰苹果杏特调', '奇兰粉芭乐', '苦巧·咸酪碎银子', '奶油', '提拉米苏', '果茶', '牛乳', '牦牛', '芋泥']"
B0FFG8V7QR,[],奶茶/茶饮,[],[],餐饮服务;冷饮店;冷饮店,[],[],050700,0,[],上城区,[],19033987951,B0J1G7ELI7,民心路701号(东亚银行隔壁),[],浙江省,diner,杭州市,202,"双人餐,下午茶",tea'stone喝好茶的店(杭州万象城店),"120.215112,30.253130",[],[],[],,,TRUE,TRUE,FALSE,FALSE,餐饮服务;冷饮店;冷饮店,餐饮服务,冷饮店,"['双人餐', '下午茶']"
B023B14F4Q,[],奶茶/茶饮,[],[],餐饮服务;休闲餐饮场所;休闲餐饮场所,[],[],050400,0,[],上城区,[],15268526582,B0HALZ4ZG5,城星路89号尊宝大厦地下1层C-039号,[],浙江省,diner,杭州市,202,"山茶生椰芒芒,山茶梨香拿铁,奶咖,杨枝甘露,现磨咖啡",古茗(江干城星路店),"120.208013,30.238847",[],[],[],,,TRUE,TRUE,FALSE,FALSE,餐饮服务;休闲餐饮场所;休闲餐饮场所,餐饮服务,休闲餐饮场所,"['山茶生椰芒芒', '山茶梨香拿铁', '奶咖', '杨枝甘露', '现磨咖啡']"
B023B14F4Q,[],奶茶/茶饮,[],[],餐饮服务;冷饮店;冷饮店,[],[],050700,0,[],上城区,[],13181571988,B0G0L9KEI4,尊宝大厦地下一层L-006号,[],浙江省,diner,杭州市,202,冰美式,蜜雪冰城(尊宝大厦店),"120.207838,30.238771",[],[],[],,,TRUE,TRUE,FALSE,FALSE,餐饮服务;冷饮店;冷饮店,餐饮服务,冷饮店,['冰美式']
B023B14BSN,[],奶茶/茶饮,[],[],餐饮服务;休闲餐饮场所;休闲餐饮场所,[],[],050400,0,[],上城区,[],13554974094,B0MBXRZ9O7,四季青街道钱江国际时代广场3幢102室-1,[],浙江省,diner,杭州市,202,[],奈雪的茶(杭州上城鑫亚钱江时代pure店),"120.206065,30.239585",[],[],[],,,TRUE,TRUE,FALSE,FALSE,餐饮服务;休闲餐饮场所;休闲餐饮场所,餐饮服务,休闲餐饮场所,[]
B023B14F4Q,[],奶茶/茶饮,[],[],餐饮服务;冷饮店;冷饮店,[],[],050700,0,[],上城区,[],18601710450,B0L0CHY4FU,尊宝大厦B1层L-003号,[],浙江省,diner,杭州市,202,"杨枝甘露,果茶,芋泥",沪上阿姨·精选茶饮(杭州尊宝大厦店),"120.208013,30.238847",[],[],[],,,TRUE,TRUE,FALSE,FALSE,餐饮服务;冷饮店;冷饮店,餐饮服务,冷饮店,"['杨枝甘露', '果茶', '芋泥']"
B0FFGHSK21,[],奶茶/茶饮,[],[],餐饮服务;冷饮店;冷饮店,[],[],050700,0,[],上城区,[],15355025188,B0K0G7ZALU,尊宝大厦负一层C-012-1号店铺,[],浙江省,diner,杭州市,202,"焕色·龙眼蓝莓超模碗,元气·阳光鲜芒超模碗,巴旦木牛油果酸奶奶昔,黑加仑葡萄干酸奶奶昔,海红山楂酸奶奶昔,轻燃·绿抹牛油果超模碗,空盈·花火龙果超模碗,芒果酸奶奶昔,原创牛油果酸奶奶昔",茉酸奶(尊宝大厦·银尊店),"120.208039,30.238921",[],[],[],,,TRUE,TRUE,FALSE,FALSE,餐饮服务;冷饮店;冷饮店,餐饮服务,冷饮店,"['焕色·龙眼蓝莓超模碗', '元气·阳光鲜芒超模碗', '巴旦木牛油果酸奶奶昔', '黑加仑葡萄干酸奶奶昔', '海红山楂酸奶奶昔', '轻燃·绿抹牛油果超模碗', '空盈·花火龙果超模碗', '芒果酸奶奶昔', '原创牛油果酸奶奶昔']"
[],[],奶茶/茶饮,[],[],餐饮服务;休闲餐饮场所;休闲餐饮场所,[],[],050400,0,[],上城区,[],19011280755,B0MBZHCE5W,钱江路1380号,[],浙江省,diner,杭州市,[],[],OT另茶(杭州万象城店),"120.214467,30.254513",[],[],[],,,TRUE,TRUE,FALSE,FALSE,餐饮服务;休闲餐饮场所;休闲餐饮场所,餐饮服务,休闲餐饮场所,[]
[],[],奶茶/茶饮,[],[],餐饮服务;冷饮店;冷饮店,[],[],050700,0,[],上城区,[],13372557514;13816863486,B0HRHG06QN,观音塘小区静安花苑10幢21号,[],浙江省,diner,杭州市,[],"山茶生椰芒芒,山茶梨香拿铁,奶咖,芋泥,现磨咖啡",古茗(杭州上城观音塘店),"120.201150,30.244384",[],[],[],,,TRUE,TRUE,FALSE,FALSE,餐饮服务;冷饮店;冷饮店,餐饮服务,冷饮店,"['山茶生椰芒芒', '山茶梨香拿铁', '奶咖', '芋泥', '现磨咖啡']"
B023B14F4Q,[],奶茶/茶饮,[],[],餐饮服务;休闲餐饮场所;休闲餐饮场所,[],[],050400,0,[],上城区,[],13575494672,B0L1VZB14P,四季青街道城星路89号尊宝大厦地下一层C-008-1号,[],浙江省,diner,杭州市,202,手打柠檬茶,LINLEE·手打柠檬茶(上城尊宝大厦店),"120.207811,30.238776",[],[],[],,,TRUE,TRUE,FALSE,FALSE,餐饮服务;休闲餐饮场所;休闲餐饮场所,餐饮服务,休闲餐饮场所,['手打柠檬茶']
B0FFF38WQY,[],奶茶/茶饮,[],[],餐饮服务;休闲餐饮场所;休闲餐饮场所,[],[],050400,0,[],上城区,[],19016900366,B0K3X757SP,悦玺(钱江路地铁站D2口旁),[],浙江省,diner,杭州市,320,"春回·樱花吸吸冻,满分浓抹珍珠,奶油苹果（圣诞限定款）",爷爷不泡茶NOYEYENOTEA(杭州上城钱江路店),"120.213903,30.254702",[],[],[],,,TRUE,TRUE,FALSE,FALSE,餐饮服务;休闲餐饮场所;休闲餐饮场所,餐饮服务,休闲餐饮场所,"['春回·樱花吸吸冻', '满分浓抹珍珠', '奶油苹果（圣诞限定款）']"
[],[],奶茶/茶饮,[],[],餐饮服务;冷饮店;冷饮店,[],[],050700,0,[],上城区,[],15669090079,B0MG7RIHLX,观音塘小区静安花苑10幢17号-3,[],浙江省,diner,杭州市,[],[],蜜雪冰城(观音塘店),"120.201106,30.244348",[],[],[],,,TRUE,TRUE,FALSE,FALSE,餐饮服务;冷饮店;冷饮店,餐饮服务,冷饮店,[]
B0FFGHSK21,[],奶茶/茶饮,[],[],餐饮服务;冷饮店;冷饮店,[],[],050700,0,[],上城区,[],19057201327,B0LRVHKEPI,尊宝大厦地下负一层L-005号茉莉奶白,[],浙江省,diner,杭州市,202,[],茉莉奶白(尊宝大厦·银尊店),"120.208013,30.238847",[],[],[],,,TRUE,TRUE,FALSE,FALSE,餐饮服务;冷饮店;冷饮店,餐饮服务,冷饮店,[]
B023B14F4Q,[],奶茶/茶饮,[],[],餐饮服务;中餐厅;中餐厅,[],[],050100,1,[],上城区,[],[],B0FFKFXA3O,杭州市上城区城星食代广场负一楼一点点奶茶店,[],浙江省,diner,杭州市,202,[],城星食代美食城(尊宝大厦店),"120.207975,30.238725",[],[],[],,,TRUE,TRUE,FALSE,FALSE,餐饮服务;中餐厅;中餐厅,餐饮服务,中餐厅,[]
[],[],奶茶/茶饮,[],[],餐饮服务;冷饮店;冷饮店,[],[],050700,0,[],上城区,[],18565619205,B0MA7R21VH,四季青街道富春路701号杭州万象城B1SC18丛芸山地铁负一楼钱江路D2出口旁,[],浙江省,diner,杭州市,[],[],丛芸山·中国茶GELATO(杭州万象城店),"120.214473,30.254493",[],[],[],,,TRUE,TRUE,FALSE,FALSE,餐饮服务;冷饮店;冷饮店,餐饮服务,冷饮店,[]
B023B0BEZI,[],奶茶/茶饮,[],[],餐饮服务;冷饮店;冷饮店,[],[],050700,0,[],上城区,[],18072740035,B0K2MASBXB,采荷街道杭海路116号中纺中心服装城1楼1A31档,[],浙江省,diner,杭州市,202,"重玫瑰,杨梅冰酿,空山栀子,花魁白雪,江城飘雪,桂花雪梨,香柚栀子,红糖黑珍珠,雪顶金桂,武汉茉莉,奶油苹果（圣诞限定款）,重瓣玫瑰,咸宁桂花,白兰玉露,桃桃双皮奶,荔枝冰酿,茉莉小草莓,初恋玫瑰青提,春回·樱花吸吸冻,花魁单丛,栀子白雪,双皮奶",爷爷不泡茶NOYEYENOTEA(杭州中纺中心服装城店),"120.197772,30.248598",[],[],[],,,TRUE,TRUE,FALSE,FALSE,餐饮服务;冷饮店;冷饮店,餐饮服务,冷饮店,"['重玫瑰', '杨梅冰酿', '空山栀子', '花魁白雪', '江城飘雪', '桂花雪梨', '香柚栀子', '红糖黑珍珠', '雪顶金桂', '武汉茉莉', '奶油苹果（圣诞限定款）', '重瓣玫瑰', '咸宁桂花', '白兰玉露', '桃桃双皮奶', '荔枝冰酿', '茉莉小草莓', '初恋玫瑰青提', '春回·樱花吸吸冻', '花魁单丛', '栀子白雪', '双皮奶']"
[],[],奶茶/茶饮,[],[],餐饮服务;冷饮店;冷饮店,[],[],050700,0,[],上城区,[],18157158867,B0JKRX1CAC,地铁2号线钱江路地铁站B03号,[],浙江省,diner,杭州市,[],"冰美式,芋泥",蜜雪冰城(悦玺店),"120.213951,30.254751",[],[],[],,,TRUE,TRUE,FALSE,FALSE,餐饮服务;冷饮店;冷饮店,餐饮服务,冷饮店,"['冰美式', '芋泥']"
[],[],奶茶/茶饮,[],[],餐饮服务;休闲餐饮场所;休闲餐饮场所,[],[],050400,0,[],上城区,[],18067990188,B0J101RFRF,杭海路155号佳宝女装中心1楼1027-1028,[],浙江省,diner,杭州市,[],"伯牙绝弦,青青糯山,春日桃桃,花田乌龙,桂馥兰香,桂子飘香,柠檬茶,热饮",霸王茶姬(浙江杭州上城四季青佳宝店),"120.198179,30.249369",[],[],[],,,TRUE,TRUE,FALSE,FALSE,餐饮服务;休闲餐饮场所;休闲餐饮场所,餐饮服务,休闲餐饮场所,"['伯牙绝弦', '青青糯山', '春日桃桃', '花田乌龙', '桂馥兰香', '桂子飘香', '柠檬茶', '热饮']"
[],[],奶茶/茶饮,[],[],餐饮服务;冷饮店;冷饮店,[],[],050700,0,[],上城区,[],13357177956,B0L36A9KAW,杭海路96号(中洲大酒店旁),[],浙江省,diner,杭州市,[],[],茉莉奶白(杭州四季青店),"120.196645,30.246757",[],[],[],,,TRUE,TRUE,FALSE,FALSE,餐饮服务;冷饮店;冷饮店,餐饮服务,冷饮店,[]
B023B08SDI,[],奶茶/茶饮,[],[],餐饮服务;冷饮店;冷饮店,[],[],050700,0,[],上城区,[],17398011201,B0HDK4DIPI,太平门直街467号,[],浙江省,diner,杭州市,320,"山茶梨香拿铁,山茶生椰芒芒,杨枝甘露,现磨咖啡,麻薯,奶咖,芋泥",古茗(杭州太平门直街),"120.206487,30.261060",[],[],[],,,TRUE,TRUE,FALSE,FALSE,餐饮服务;冷饮店;冷饮店,餐饮服务,冷饮店,"['山茶梨香拿铁', '山茶生椰芒芒', '杨枝甘露', '现磨咖啡', '麻薯', '奶咖', '芋泥']"
B0FFHKCJKO,[],奶茶/茶饮,[],[],餐饮服务;冷饮店;冷饮店,[],[],050700,0,[],上城区,[],18413259439,B0L3ZH0F5R,景昙路21号(庆春广场地铁站B1口步行210米),[],浙江省,diner,杭州市,202,[],李若桃·手作酸奶铺(杭州501大厦店),"120.203895,30.258936",[],[],[],,,TRUE,TRUE,FALSE,FALSE,餐饮服务;冷饮店;冷饮店,餐饮服务,冷饮店,[]
[],[],奶茶/茶饮,[],[],餐饮服务;冷饮店;冷饮店,[],[],050700,0,[],上城区,[],19967301138,B0KUVMUOWK,景昙路15号,[],浙江省,diner,杭州市,[],"雪顶金桂,花魁单丛,栀子白雪,香柚栀子,白兰玉露,初恋玫瑰青提,咸宁桂花,杨梅冰酿,空山栀子,花魁白雪,江城飘雪,桂花雪梨,重瓣玫瑰,武汉茉莉,重玫瑰,红糖黑珍珠,奶油苹果（圣诞限定款）,茉莉小草莓,春回·樱花吸吸冻,桃桃双皮奶,荔枝冰酿,双皮奶",爷爷不泡茶NOYEYENOTEA(杭州大厦501城市广场店),"120.203782,30.258208",[],[],[],,,TRUE,TRUE,FALSE,FALSE,餐饮服务;冷饮店;冷饮店,餐饮服务,冷饮店,"['雪顶金桂', '花魁单丛', '栀子白雪', '香柚栀子', '白兰玉露', '初恋玫瑰青提', '咸宁桂花', '杨梅冰酿', '空山栀子', '花魁白雪', '江城飘雪', '桂花雪梨', '重瓣玫瑰', '武汉茉莉', '重玫瑰', '红糖黑珍珠', '奶油苹果（圣诞限定款）', '茉莉小草莓', '春回·樱花吸吸冻', '桃桃双皮奶', '荔枝冰酿', '双皮奶']"
B0FFF38WQY,[],奶茶/茶饮,[],[],餐饮服务;餐饮相关场所;餐饮相关,[],[],050000,0,[],上城区,[],0571-86837909,B0L06UNVC7,钱江路1378号(钱江路地铁站D2口旁),[],浙江省,diner,杭州市,320,[],1点点(悦玺店),"120.214005,30.254645",[],[],[],,,TRUE,TRUE,FALSE,FALSE,餐饮服务;餐饮相关场所;餐饮相关,餐饮服务,餐饮相关场所,[]
B0FFFEKRXT,[],奶茶/茶饮,[],[],餐饮服务;冷饮店;冷饮店,[],[],050700,0,[],上城区,[],18067930877,B0FFMDQ1US,清江路147号(夕照新村西南3门旁),[],浙江省,diner,杭州市,320,"乌漆嘛黑,佛手柠檬茶,招牌芋圆奶茶,豆乳米麻薯,葡萄冻冻,水蜜桃系列,杨枝甘露,豆乳玉麒麟,柠檬茶,麻薯",茶百道(四季青店),"120.194461,30.244429",[],[],[],,,TRUE,TRUE,FALSE,FALSE,餐饮服务;冷饮店;冷饮店,餐饮服务,冷饮店,"['乌漆嘛黑', '佛手柠檬茶', '招牌芋圆奶茶', '豆乳米麻薯', '葡萄冻冻', '水蜜桃系列', '杨枝甘露', '豆乳玉麒麟', '柠檬茶', '麻薯']"
B0FFHKCJKO,[],奶茶/茶饮,[],[],餐饮服务;餐饮相关场所;餐饮相关,[],[],050000,0,[],上城区,[],15867157825,B0J39RCTYC,景昙路9号杭州大厦501城市广场B1层,[],浙江省,diner,杭州市,202,"一朵栀子花,开心果茉莉椰,茉莉杨枝甘露,高山四季春,一朵茉莉花,杨枝甘露,规划酒酿米麻薯,一口老铁,白兰,桂花米麻薯,茉莉熔岩榛巧,栀子奶白,开心果茉莉葡萄/茉莉葡萄,茉莉奶白,蜜桃老铁",茉莉奶白(杭州大厦501店),"120.203824,30.259281",[],[],[],,,TRUE,TRUE,FALSE,FALSE,餐饮服务;餐饮相关场所;餐饮相关,餐饮服务,餐饮相关场所,"['一朵栀子花', '开心果茉莉椰', '茉莉杨枝甘露', '高山四季春', '一朵茉莉花', '杨枝甘露', '规划酒酿米麻薯', '一口老铁', '白兰', '桂花米麻薯', '茉莉熔岩榛巧', '栀子奶白', '开心果茉莉葡萄/茉莉葡萄', '茉莉奶白', '蜜桃老铁']"
B023B08SDI,[],甜品店,[],[],餐饮服务;冷饮店;冷饮店,[],[],050700,0,[],上城区,[],17799827507,B023B1CDD8,太平门直街465号(景芳地铁站D5口步行330米),[],浙江省,diner,杭州市,320,"玫瑰奶盐盖绿,coco奶茶,红豆布丁奶茶,珍珠奶茶,慕斯抹茶奶盖,百香果双响炮,珍珠拿铁,奶盖咖啡,仙草冻奶茶,铁观音珍珠奶茶,铁观音牛奶奶茶,铁观音奶盖,红豆巧克力,法式奶霜铁观音,拿铁咖啡,冰美式,芋泥,杨枝甘露,芋头",CoCo都可(太平门直街店),"120.206443,30.261057",[],[],[],,,TRUE,TRUE,FALSE,FALSE,餐饮服务;冷饮店;冷饮店,餐饮服务,冷饮店,"['玫瑰奶盐盖绿', 'coco奶茶', '红豆布丁奶茶', '珍珠奶茶', '慕斯抹茶奶盖', '百香果双响炮', '珍珠拿铁', '奶盖咖啡', '仙草冻奶茶', '铁观音珍珠奶茶', '铁观音牛奶奶茶', '铁观音奶盖', '红豆巧克力', '法式奶霜铁观音', '拿铁咖啡', '冰美式', '芋泥', '杨枝甘露', '芋头']"
B0FFHKCJKO,[],饮品,[],[],餐饮服务;冷饮店;冷饮店,[],[],050700,0,[],上城区,[],0571-86606835,B0FFIYPVNG,景昙路9号西子国际中心杭州大厦501城市广场一楼101-39店铺,[],浙江省,diner,杭州市,201,芋圆,KOI Thé(501城市广场店),"120.204013,30.259551",[],[],[],,,TRUE,TRUE,FALSE,FALSE,餐饮服务;冷饮店;冷饮店,餐饮服务,冷饮店,['芋圆']
B023B14BSN,[],奶茶/茶饮,[],[],餐饮服务;餐饮相关场所;餐饮相关,[],[],050000,0,[],上城区,[],13060934234,B0K0L5TE5L,鑫亚·钱江国际时代广场3号楼,[],浙江省,diner,杭州市,202,鲜果茶,沪上阿姨鲜果茶(杭州师范大学下沙店),"120.206075,30.239575",[],[],[],,,TRUE,TRUE,FALSE,FALSE,餐饮服务;餐饮相关场所;餐饮相关,餐饮服务,餐饮相关场所,['鲜果茶']
[],[],奶茶/茶饮,[],[],餐饮服务;冷饮店;冷饮店,[],[],050700,0,[],上城区,[],15958012255,B0FFG8WGJV,太平门直街417号(景芳地铁站D5口步行430米),[],浙江省,diner,杭州市,[],"抹茶甜筒,柚子绿茶,草莓圣代,冰美式,冰沙",蜜雪冰城(太平门直街店),"120.205427,30.260880",[],[],[],,,TRUE,TRUE,FALSE,FALSE,餐饮服务;冷饮店;冷饮店,餐饮服务,冷饮店,"['抹茶甜筒', '柚子绿茶', '草莓圣代', '冰美式', '冰沙']"
B023B14CYS,[],饮品,[],[],餐饮服务;冷饮店;冷饮店,[],[],050700,1,[],上城区,[],18329169151,B023B0BCQY,双菱路25号,[],浙江省,diner,杭州市,320,"皇家冰奶茶,百香果泡泡,总汇三明治,芒果绿茶,抹茶牛奶冰,芒果椰汁西米露,肉松蛋三文治,焦糖摩卡冰,泡沫奶茶,密桃乌龙茶冰,香肠鸡蛋卷,洛神玫瑰茶冰,晓麟鸳鸯,洋甘菊乌龙奶盖,阳光脆鸡堡,杨枝甘露",晓麟家奶茶(采荷店),"120.195400,30.254192",[],[],[],,,TRUE,TRUE,FALSE,FALSE,餐饮服务;冷饮店;冷饮店,餐饮服务,冷饮店,"['皇家冰奶茶', '百香果泡泡', '总汇三明治', '芒果绿茶', '抹茶牛奶冰', '芒果椰汁西米露', '肉松蛋三文治', '焦糖摩卡冰', '泡沫奶茶', '密桃乌龙茶冰', '香肠鸡蛋卷', '洛神玫瑰茶冰', '晓麟鸳鸯', '洋甘菊乌龙奶盖', '阳光脆鸡堡', '杨枝甘露']"
[],[],奶茶/茶饮,[],[],餐饮服务;冷饮店;冷饮店,[],[],050700,0,[],上城区,[],18767197850,B0L23U4OSC,采荷街道常青休闲女装市场南大门一楼601号,[],浙江省,diner,杭州市,[],[],霸王茶姬(浙江杭州上城四季青常青店),"120.195074,30.247569",[],[],[],,,TRUE,TRUE,FALSE,FALSE,餐饮服务;冷饮店;冷饮店,餐饮服务,冷饮店,[]
B0FFFEKRXT,[],奶茶/茶饮,[],[],餐饮服务;冷饮店;冷饮店,[],[],050700,0,[],上城区,[],17398022616,B0I6BOTGTY,清江路145号店(夕照新村西南3门旁),[],浙江省,diner,杭州市,320,"山茶梨香拿铁,山茶生椰芒芒,奶咖,杨枝甘露,现磨咖啡",古茗(杭州上城四季青二店),"120.194574,30.244336",[],[],[],,,TRUE,TRUE,FALSE,FALSE,餐饮服务;冷饮店;冷饮店,餐饮服务,冷饮店,"['山茶梨香拿铁', '山茶生椰芒芒', '奶咖', '杨枝甘露', '现磨咖啡']"
[],[],奶茶/茶饮,[],[],餐饮服务;冷饮店;冷饮店,[],[],050700,1,[],上城区,[],0571-85389737,B0FFFWUTPQ,太平门直街421号(景芳地铁站D5口步行400米),[],浙江省,diner,杭州市,[],珍珠奶茶,1点点(太平门直街店),"120.205409,30.260879",[],[],[],,,TRUE,TRUE,FALSE,FALSE,餐饮服务;冷饮店;冷饮店,餐饮服务,冷饮店,['珍珠奶茶']
[],[],奶茶/茶饮,[],[],餐饮服务;冷饮店;冷饮店,[],[],050700,0,[],上城区,[],19057199303,B0LD1UL8HY,采荷街道碑亭路52号附楼1层1-2A,[],浙江省,diner,杭州市,[],"杨枝甘露,果茶,芋泥",沪上阿姨·精选茶饮(杭州四季青服饰城店),"120.196307,30.246621",[],[],[],,,TRUE,TRUE,FALSE,FALSE,餐饮服务;冷饮店;冷饮店,餐饮服务,冷饮店,"['杨枝甘露', '果茶', '芋泥']"
[],[],奶茶/茶饮,[],[],餐饮服务;冷饮店;冷饮店,[],[],050700,0,[],上城区,[],13362151157;15158106906,B0FFKTSMJO,太平门直街417号(景芳地铁站D5口步行430米),[],浙江省,diner,杭州市,[],"杨枝甘露,芋泥,果茶,麻薯",茶百道(太平门直街店),"120.205393,30.260884",[],[],[],,,TRUE,TRUE,FALSE,FALSE,餐饮服务;冷饮店;冷饮店,餐饮服务,冷饮店,"['杨枝甘露', '芋泥', '果茶', '麻薯']"
[],[],奶茶/茶饮,[],[],餐饮服务;冷饮店;冷饮店,[],[],050700,0,[],上城区,[],17280142082;18750052458,B0IDG5RTNG,双菱路52号(采荷小区芙蓉邨东1门旁),[],浙江省,diner,杭州市,[],"冰美式,柠檬水,芋头,芋泥",蜜雪冰城(双菱路店),"120.195693,30.254186",[],[],[],,,TRUE,TRUE,FALSE,FALSE,餐饮服务;冷饮店;冷饮店,餐饮服务,冷饮店,"['冰美式', '柠檬水', '芋头', '芋泥']"
[],[],奶茶/茶饮,[],[],餐饮服务;冷饮店;冷饮店,[],[],050700,0,[],上城区,[],19105817167,B0KDCHP3QS,太平门直街太平门直街387号(银泰百货杭州庆春店出入口西北60米),[],浙江省,diner,杭州市,[],[],陈文鼎(上城太平门直街店),"120.204562,30.260812",[],[],[],,,TRUE,TRUE,FALSE,FALSE,餐饮服务;冷饮店;冷饮店,餐饮服务,冷饮店,[]
B0FFFEKRXT,[],饮品,[],[],餐饮服务;冷饮店;冷饮店,[],[],050700,1,[],上城区,[],0571-85093123;15697839785,B0FFK99E6I,清江路161-1号,[],浙江省,diner,杭州市,320,"珍珠奶茶,芋圆",1点点(江干四季青店),"120.194875,30.244225",[],[],[],,,TRUE,TRUE,FALSE,FALSE,餐饮服务;冷饮店;冷饮店,餐饮服务,冷饮店,"['珍珠奶茶', '芋圆']"
B023B08SDI,[],奶茶/茶饮,[],[],餐饮服务;冷饮店;冷饮店,[],[],050700,0,[],上城区,[],17300931218,B0H1U91RBD,四季青街道太平门直街455号三新家园东区1幢,[],浙江省,diner,杭州市,320,"手打柠檬茶,柠檬茶",LINLEE·手打柠檬茶(太平门直街店),"120.206346,30.260986",[],[],[],,,TRUE,TRUE,FALSE,FALSE,餐饮服务;冷饮店;冷饮店,餐饮服务,冷饮店,"['手打柠檬茶', '柠檬茶']"
B0FFFEKRXT,[],奶茶/茶饮,[],[],餐饮服务;冷饮店;冷饮店,[],[],050700,0,[],上城区,[],17681854311,B0L60OS2UP,采荷街道清江路139号(夕照新村西南3门旁),[],浙江省,diner,杭州市,320,冰美式,蜜雪冰城(四季青店),"120.194529,30.244395",[],[],[],,,TRUE,TRUE,FALSE,FALSE,餐饮服务;冷饮店;冷饮店,餐饮服务,冷饮店,['冰美式']
B023B1C7MZ,[],奶茶/茶饮,[],[],餐饮服务;餐饮相关场所;餐饮相关,[],[],050000,0,[],上城区,[],17398033072,B0HDH6AV7A,商教苑25幢1单元101室,[],浙江省,diner,杭州市,202,"山茶梨香拿铁,山茶生椰芒芒,杨枝甘露,现磨咖啡,奶咖,奶油",古茗(江干四季青店),"120.191339,30.246059",[],[],[],,,TRUE,TRUE,FALSE,FALSE,餐饮服务;餐饮相关场所;餐饮相关,餐饮服务,餐饮相关场所,"['山茶梨香拿铁', '山茶生椰芒芒', '杨枝甘露', '现磨咖啡', '奶咖', '奶油']"
[],[],奶茶/茶饮,[],[],餐饮服务;冷饮店;冷饮店,[],[],050700,0,[],上城区,[],13033603659,B0FFKPHNP2,衢江路47号,[],浙江省,diner,杭州市,[],"珍珠奶茶,三明治,杨枝甘露",晓麟奶茶(近江家园店),"120.203228,30.231763",[],[],[],,,TRUE,TRUE,FALSE,FALSE,餐饮服务;冷饮店;冷饮店,餐饮服务,冷饮店,"['珍珠奶茶', '三明治', '杨枝甘露']"
B0FFHKCJKO,[],奶茶/茶饮,[],[],餐饮服务;休闲餐饮场所;休闲餐饮场所,[],[],050400,0,[],上城区,[],[],B0L1HDXB33,四季青街道景昙路57号杭州大厦501城市广场B194号,[],浙江省,diner,杭州市,202,"双人餐,单人餐",牧白手作(杭州大厦501店 ),"120.203743,30.259973",[],[],[],,,TRUE,TRUE,FALSE,FALSE,餐饮服务;休闲餐饮场所;休闲餐饮场所,餐饮服务,休闲餐饮场所,"['双人餐', '单人餐']"
[],[],奶茶/茶饮,[],[],餐饮服务;冷饮店;冷饮店,[],[],050700,0,[],上城区,[],19012822203,B0MBN7U22L,四季青街道太平门直街403号(三新家园东区南门西50米),[],浙江省,diner,杭州市,[],[],桂只,"120.205128,30.260847",[],[],[],,,TRUE,TRUE,FALSE,FALSE,餐饮服务;冷饮店;冷饮店,餐饮服务,冷饮店,[]
B0FFMCT9DZ,[],奶茶/茶饮,[],[],餐饮服务;冷饮店;冷饮店,[],[],050700,0,[],上城区,[],18480727248,B0KRTSVZ6I,解放东路268号昆龙大厦地下一层B1000-25号,[],浙江省,diner,杭州市,202,"冰美式,芋泥",蜜雪冰城(昆龙美食城店),"120.195613,30.248854",[],[],[],,,TRUE,TRUE,FALSE,FALSE,餐饮服务;冷饮店;冷饮店,餐饮服务,冷饮店,"['冰美式', '芋泥']"
B023B19T3J,[],奶茶/茶饮,[],[],餐饮服务;冷饮店;冷饮店,[],[],050700,0,[],上城区,[],15868871260,B023B062YG,采荷路17号采荷街道青荷苑社区,[],浙江省,diner,杭州市,320,"炸串,炸鸡腿",好再来奶茶店(采荷街道青荷苑社区店),"120.197677,30.251737",[],[],[],,,TRUE,TRUE,FALSE,FALSE,餐饮服务;冷饮店;冷饮店,餐饮服务,冷饮店,"['炸串', '炸鸡腿']"
B0FFFEYKZG,[],奶茶/茶饮,[],[],餐饮服务;冷饮店;冷饮店,[],[],050700,0,[],上城区,[],4006033888,B0JKZZGWHG,新塘路108号天虹商场L1B层B115,[],浙江省,diner,杭州市,202,"霸气芝士葡萄,霸气柠檬油柑,霸气芝士草莓,杨枝甘露,珍珠奶茶",奈雪的茶(杭州天虹购物中心店),"120.210173,30.264903",[],[],[],,,TRUE,TRUE,FALSE,FALSE,餐饮服务;冷饮店;冷饮店,餐饮服务,冷饮店,"['霸气芝士葡萄', '霸气柠檬油柑', '霸气芝士草莓', '杨枝甘露', '珍珠奶茶']"
B0GRLUME98,[],奶茶/茶饮,[],[],餐饮服务;冷饮店;冷饮店,[],[],050700,0,[],上城区,[],19033986298,B0MBK5QEUN,景昙路15号杭州大厦501城市广场负一层星巴克对面,[],浙江省,diner,杭州市,202,手打柠檬茶,Yes Lemon就是柠·手打柠檬茶(杭州大厦501店),"120.203584,30.258319",[],[],[],,,TRUE,TRUE,FALSE,FALSE,餐饮服务;冷饮店;冷饮店,餐饮服务,冷饮店,['手打柠檬茶']
B023B1DJLX,[],奶茶/茶饮,[],[],餐饮服务;冷饮店;冷饮店,[],[],050700,0,[],上城区,[],15067140763,B0G0XMYL64,新塘路108号杭州天虹购物中心B座4层449铺,[],浙江省,diner,杭州市,201,"（黑&玉）麒麟系列,下午茶,杨枝甘露",茶百道(杭州天虹店),"120.209929,30.264855",[],[],[],,,TRUE,TRUE,FALSE,FALSE,餐饮服务;冷饮店;冷饮店,餐饮服务,冷饮店,"['（黑&玉）麒麟系列', '下午茶', '杨枝甘露']"
B023B05SQF,[],奶茶/茶饮,[],[],餐饮服务;冷饮店;冷饮店,[],[],050700,0,[],上城区,[],13067908376,B0LKA59VHH,衢江路42号,[],浙江省,diner,杭州市,320,冰美式,蜜雪冰城(近江店),"120.202825,30.232525",[],[],[],,,TRUE,TRUE,FALSE,FALSE,餐饮服务;冷饮店;冷饮店,餐饮服务,冷饮店,['冰美式']
B023B09Y9H,[],果汁,[],[],餐饮服务;冷饮店;冷饮店,[],[],050700,0,[],上城区,[],19106512521,B0KKFUQISJ,四季青街道景昙路18-26号银泰百货(杭州庆春店)6F-11号铺,[],浙江省,diner,杭州市,201,[],OONECCUP(庆春银泰店),"120.204822,30.260086",[],[],[],,,TRUE,TRUE,FALSE,FALSE,餐饮服务;冷饮店;冷饮店,餐饮服务,冷饮店,[]
B0FFG41IS3,[],奶茶/茶饮,[],[],餐饮服务;餐饮相关场所;餐饮相关,[],[],050000,0,[],上城区,[],15824495856,B0JKLM1OLQ,四季青街道新塘路92号地铁4号线景芳站D1口负一层C36号商铺,[],浙江省,diner,杭州市,202,"杨枝甘露,奶咖,现磨咖啡",古茗(杭州上城景芳站店),"120.208195,30.264461",[],[],[],,,TRUE,TRUE,FALSE,FALSE,餐饮服务;餐饮相关场所;餐饮相关,餐饮服务,餐饮相关场所,"['杨枝甘露', '奶咖', '现磨咖啡']"
B0FFG41IS3,[],奶茶/茶饮,[],[],购物服务;服装鞋帽皮具店;品牌服装店|餐饮服务;冷饮店;冷饮店,[],[],061101|050700,0,[],上城区,[],19157811566,B0JDRKD8F7,新塘路108号杭州天虹购物中心A座A-129,[],浙江省,[],杭州市,201,奶昔,树夏(天虹购物中心店),"120.208706,30.264452",[],[],[],,,TRUE,TRUE,FALSE,FALSE,购物服务;服装鞋帽皮具店;品牌服装店,购物服务,服装鞋帽皮具店,['奶昔']
B0IGBSJOD3,[],奶茶/茶饮,[],[],餐饮服务;餐饮相关场所;餐饮相关,[],[],050000,0,[],上城区,[],19357668557,B0KGCU73DB,三新路37号中豪·江河时代F1层,[],浙江省,diner,杭州市,202,"春日桃桃,伯牙绝弦,青青糯山,花田乌龙,桂馥兰香,桂子飘香,柠檬茶,牛乳",CHAGEE霸王茶姬(浙江杭州上城江河时代店),"120.220456,30.261561",[],[],[],,,TRUE,TRUE,FALSE,FALSE,餐饮服务;餐饮相关场所;餐饮相关,餐饮服务,餐饮相关场所,"['春日桃桃', '伯牙绝弦', '青青糯山', '花田乌龙', '桂馥兰香', '桂子飘香', '柠檬茶', '牛乳']"
B023B1FMKS,[],饮品,[],[],餐饮服务;冷饮店;冷饮店,[],[],050700,0,[],上城区,[],0571-85797798;0571-86567123;15314646828,B0FFF4ROK8,望江街道近江南路25号近江家园五园2幢2-1号布蕾克喝茶工坊(近江南路店)近江南路25号,[],浙江省,diner,杭州市,320,点心,布蕾克喝茶工坊(近江五园店),"120.202667,30.231419",[],[],[],,,TRUE,TRUE,FALSE,FALSE,餐饮服务;冷饮店;冷饮店,餐饮服务,冷饮店,['点心']
B0FFF8LZWG,[],奶茶/茶饮,[],[],餐饮服务;餐饮相关场所;餐饮相关,[],[],050000,0,[],上城区,[],18806882144,B0JACMU8XC,庆春东路钱江新城三苑19幢,[],浙江省,diner,杭州市,202,热饮,姨妈热饮(钱江新城三苑店),"120.212154,30.257425",[],[],[],,,TRUE,TRUE,FALSE,FALSE,餐饮服务;餐饮相关场所;餐饮相关,餐饮服务,餐饮相关场所,['热饮']
B023B1DJLX,[],奶茶/茶饮,[],[],餐饮服务;冷饮店;冷饮店,[],[],050700,0,[],上城区,[],4008197778,B0JU9U9RST,新塘路108号天虹购物中心B座1楼134b铺(西门旁),[],浙江省,diner,杭州市,201,"芒果生打椰,琥珀锡兰,大口草莓桃,水果茶",LELECHA乐乐茶(杭州天虹购物中心店),"120.209667,30.264628",[],[],[],,,TRUE,TRUE,FALSE,FALSE,餐饮服务;冷饮店;冷饮店,餐饮服务,冷饮店,"['芒果生打椰', '琥珀锡兰', '大口草莓桃', '水果茶']"
B0FFG41IS3,[],奶茶/茶饮,[],[],餐饮服务;冷饮店;冷饮店,[],[],050700,0,[],上城区,[],18052422330;19033967677,B0LGFLS7YX,四季青街道新塘路108号中豪五福天地3幢1层A129号,[],浙江省,diner,杭州市,201,[],煲珠公.老红糖珍珠奶茶(五福天虹购物中心B座店),"120.208462,30.264445",[],[],[],,,TRUE,TRUE,FALSE,FALSE,餐饮服务;冷饮店;冷饮店,餐饮服务,冷饮店,[]
B0FFG75GEY,[],奶茶/茶饮,[],[],餐饮服务;冷饮店;冷饮店,[],[],050700,0,[],上城区,[],13816863486;19106599819,B0IUO17HKT,婺江路217号天阳亲子广场一层149室,[],浙江省,diner,杭州市,202,"山茶梨香拿铁,山茶生椰芒芒,现磨咖啡,奶咖,杨枝甘露",古茗(上城天阳亲子店),"120.196593,30.230800",[],[],[],,,TRUE,TRUE,FALSE,FALSE,餐饮服务;冷饮店;冷饮店,餐饮服务,冷饮店,"['山茶梨香拿铁', '山茶生椰芒芒', '现磨咖啡', '奶咖', '杨枝甘露']"
[],[],奶茶/茶饮,[],[],餐饮服务;餐饮相关场所;餐饮相关,[],[],050000,0,[],上城区,[],15828619252,B0L3CCJMZQ,新塘路92号(景芳地铁站D3口旁),[],浙江省,diner,杭州市,[],[],宇宙治茶(景芳地铁店),"120.207947,30.264397",[],[],[],,,TRUE,TRUE,FALSE,FALSE,餐饮服务;餐饮相关场所;餐饮相关,餐饮服务,餐饮相关场所,[]
[],[],奶茶/茶饮,[],[],餐饮服务;冷饮店;冷饮店,[],[],050700,0,[],上城区,[],15397021938,B0FFMF8X18,景昙路9号庆春广场地铁站B口C6-2,[],浙江省,diner,杭州市,[],"鲜果茶,芋泥",沪上阿姨鲜果茶(杭州庆春广场店),"120.204747,30.257850",[],[],[],,,TRUE,TRUE,FALSE,FALSE,餐饮服务;冷饮店;冷饮店,餐饮服务,冷饮店,"['鲜果茶', '芋泥']"
B0FFFEYKZG,[],奶茶/茶饮,[],[],餐饮服务;冷饮店;冷饮店,[],[],050700,0,[],上城区,[],[],B0J33XR3O9,凤起东路201号,[],浙江省,diner,杭州市,202,[],茉沏(杭州天虹店),"120.208835,30.264371",[],[],[],,,TRUE,TRUE,FALSE,FALSE,餐饮服务;冷饮店;冷饮店,餐饮服务,冷饮店,[]
B0FFG41IS3,[],奶茶/茶饮,[],[],餐饮服务;冷饮店;冷饮店,[],[],050700,1,[],上城区,[],13868643999,B0J12AXYGC,新塘路108号天虹购物中心A座1层A124号,[],浙江省,diner,杭州市,202,"手打柠檬茶,柠檬茶",LINLEE林里·手打柠檬茶(五福天虹购物中心店),"120.208675,30.264475",[],[],[],,,TRUE,TRUE,FALSE,FALSE,餐饮服务;冷饮店;冷饮店,餐饮服务,冷饮店,"['手打柠檬茶', '柠檬茶']"
B0FFG75GEY,[],奶茶/茶饮,[],[],餐饮服务;冷饮店;冷饮店,[],[],050700,0,[],上城区,[],19957895049,B0FFJFJNHB,婺江路217号裙房1-4层第一层133室,[],浙江省,diner,杭州市,202,杨枝甘露,CoCo都可(近江天阳店),"120.196553,30.230747",[],[],[],,,TRUE,TRUE,FALSE,FALSE,餐饮服务;冷饮店;冷饮店,餐饮服务,冷饮店,['杨枝甘露']
B0FFHQ7XUM,[],奶茶/茶饮,[],[],餐饮服务;冷饮店;冷饮店,[],[],050700,1,[],上城区,[],0571-88013325,B0FFK776XC,双菱路125号,[],浙江省,diner,杭州市,320,"红茶玛奇朵,波霸奶茶,波霸奶绿,红豆QQ奶茶,黑糖奶茶,四季奶青,椰果奶绿,四季春奶茶,蜂蜜绿,阿华田,葡萄柚绿,四季春拿铁,椰果,柠檬梅子,四季春茶,珍珠奶茶",1点点(双菱店),"120.195450,30.260989",[],[],[],,,TRUE,TRUE,FALSE,FALSE,餐饮服务;冷饮店;冷饮店,餐饮服务,冷饮店,"['红茶玛奇朵', '波霸奶茶', '波霸奶绿', '红豆QQ奶茶', '黑糖奶茶', '四季奶青', '椰果奶绿', '四季春奶茶', '蜂蜜绿', '阿华田', '葡萄柚绿', '四季春拿铁', '椰果', '柠檬梅子', '四季春茶', '珍珠奶茶']"
B0FFHLTRRX,[],奶茶/茶饮,[],[],餐饮服务;休闲餐饮场所;休闲餐饮场所,[],[],050400,0,[],上城区,[],4008788359,B0K2X98CHO,景昙路9号西子国际中心一层101-41店铺,[],浙江省,diner,杭州市,202,[],CHAGEE霸王茶姬(西子国际店),"120.204024,30.259539",[],[],[],,,TRUE,TRUE,FALSE,FALSE,餐饮服务;休闲餐饮场所;休闲餐饮场所,餐饮服务,休闲餐饮场所,[]
B0FFHQ7XUM,[],奶茶/茶饮,[],[],餐饮服务;冷饮店;冷饮店,[],[],050700,0,[],上城区,[],18268098120,B0JUDZVUKG,双菱路137-1,[],浙江省,diner,杭州市,320,冰美式,蜜雪冰城(双菱路137-1),"120.195447,30.261307",[],[],[],,,TRUE,TRUE,FALSE,FALSE,餐饮服务;冷饮店;冷饮店,餐饮服务,冷饮店,['冰美式']
B0FFHQ7XUM,[],奶茶/茶饮,[],[],餐饮服务;冷饮店;冷饮店,[],[],050700,0,[],上城区,[],17767250856,B0L15GZBOG,双菱路123-3号,[],浙江省,diner,杭州市,320,"奶咖,现磨咖啡",古茗(杭州上城双菱路店),"120.195457,30.260953",[],[],[],,,TRUE,TRUE,FALSE,FALSE,餐饮服务;冷饮店;冷饮店,餐饮服务,冷饮店,"['奶咖', '现磨咖啡']"
B023B08WUT,[],饮品,[],[],餐饮服务;冷饮店;冷饮店,[],[],050700,0,[],上城区,[],13454115727,B0JRYXI0YM,庆春东路钱江三苑(钱江路地铁站A口步行390米),[],浙江省,diner,杭州市,320,"老挝冰咖啡,泰式奶茶",春日喜雨·泰式奶茶·老挝冰咖啡(钱江三苑店),"120.215101,30.258892",[],[],[],,,TRUE,TRUE,FALSE,FALSE,餐饮服务;冷饮店;冷饮店,餐饮服务,冷饮店,"['老挝冰咖啡', '泰式奶茶']"
B0FFG75GEY,[],奶茶/茶饮,[],[],餐饮服务;冷饮店;冷饮店,[],[],050700,0,[],上城区,[],13858076961,B0L39HS5QJ,婺江路217号裙楼1-4层第1层198室,[],浙江省,diner,杭州市,202,冰美式,蜜雪冰城,"120.196789,30.230911",[],[],[],,,TRUE,TRUE,FALSE,FALSE,餐饮服务;冷饮店;冷饮店,餐饮服务,冷饮店,['冰美式']
B0FFH2VWTH,[],奶茶/茶饮,[],[],餐饮服务;冷饮店;冷饮店,[],[],050700,0,[],上城区,[],17398011663,B0ID2L0U9H,新业路228号来福士B1层K03B号商铺,[],浙江省,diner,杭州市,201,"山茶生椰芒芒,山茶梨香拿铁,牛乳,热饮,芋泥,青团",古茗(杭州上城来福士店)(暂停营业),"120.212875,30.248615",[],[],[],,,TRUE,TRUE,FALSE,FALSE,餐饮服务;冷饮店;冷饮店,餐饮服务,冷饮店,"['山茶生椰芒芒', '山茶梨香拿铁', '牛乳', '热饮', '芋泥', '青团']"
B023B14F4Q,[],奶茶/茶饮,[],[],餐饮服务;冷饮店;冷饮店,[],[],050700,0,[],上城区,[],19906810057,B0J1JDPKYV,城星路尊宝大厦负一楼L-003号商铺,[],浙江省,diner,杭州市,202,[],茶百道(杭州尊宝大厦店(新))(暂停营业),"120.207838,30.238771",[],[],[],,,TRUE,TRUE,FALSE,FALSE,餐饮服务;冷饮店;冷饮店,餐饮服务,冷饮店,[]
B023B1DJLX,[],奶茶/茶饮,[],[],餐饮服务;冷饮店;冷饮店,[],[],050700,0,[],上城区,[],0571-87918386,B0G257VOFB,新塘路108号杭州五福天虹购物中心B座1层B129a商铺,[],浙江省,diner,杭州市,202,"烤黑糖波波牛乳茶,烤黑糖波波牛乳(首创),芝芝绿妍茶后(首创),芒芒甘露(首创),清爽芭乐葡(白芭乐),去火*纤体瓶(首创),羽衣纤体瓶(首创),奇兰苹果杏特调,奇兰粉芭乐,苦巧·咸酪碎银子,多肉桃李(首创),清爽芭乐提(白芭乐),咸酪碎银子,多肉葡萄(首创),茶坊苦抹·清,提拉米苏·浓巧,雪域·牦牛乳恰安莫,酱香白脱碎银子,金韵酸木瓜枇杷,芭乐雪毫茉王,果茶,牛乳,杨枝甘露,牦牛,提拉米苏",喜茶(杭州天虹店)(暂停营业),"120.210145,30.264424",[],[],[],,,TRUE,TRUE,FALSE,FALSE,餐饮服务;冷饮店;冷饮店,餐饮服务,冷饮店,"['烤黑糖波波牛乳茶', '烤黑糖波波牛乳(首创)', '芝芝绿妍茶后(首创)', '芒芒甘露(首创)', '清爽芭乐葡(白芭乐)', '去火*纤体瓶(首创)', '羽衣纤体瓶(首创)', '奇兰苹果杏特调', '奇兰粉芭乐', '苦巧·咸酪碎银子', '多肉桃李(首创)', '清爽芭乐提(白芭乐)', '咸酪碎银子', '多肉葡萄(首创)', '茶坊苦抹·清', '提拉米苏·浓巧', '雪域·牦牛乳恰安莫', '酱香白脱碎银子', '金韵酸木瓜枇杷', '芭乐雪毫茉王', '果茶', '牛乳', '杨枝甘露', '牦牛', '提拉米苏']"
B0FFG41IS3,[],奶茶/茶饮,[],[],餐饮服务;餐饮相关场所;餐饮相关,[],[],050000,0,[],上城区,[],[],B0M6VCKEBK,景芳地铁商业街A01商铺,[],浙江省,diner,杭州市,202,[],1点点(景芳地铁商业街店),"120.208175,30.264675",[],[],[],,,TRUE,TRUE,FALSE,FALSE,餐饮服务;餐饮相关场所;餐饮相关,餐饮服务,餐饮相关场所,[]
[],[],小吃快餐,[],[],餐饮服务;冷饮店;冷饮店,[],[],050700,1,[],上城区,[],0571-86726221,B0FFHG9BTZ,凯旋街道秋涛北路67号-3,[],浙江省,diner,杭州市,[],"杨枝甘露,珍珠奶茶,芝士",澜记香港饮品(庆春店),"120.200172,30.260633",[],[],[],,,TRUE,TRUE,FALSE,FALSE,餐饮服务;冷饮店;冷饮店,餐饮服务,冷饮店,"['杨枝甘露', '珍珠奶茶', '芝士']"
B023B1DJLX,[],奶茶/茶饮,[],[],餐饮服务;冷饮店;冷饮店,[],[],050700,0,[],上城区,[],[],B0M6JUEJVU,新塘路108号天虹购物中心B座F4层,[],浙江省,diner,杭州市,202,手打柠檬茶,Yes Lemon就是柠·手打柠檬茶(杭州五福天虹广场店),"120.209865,30.264634",[],[],[],,,TRUE,TRUE,FALSE,FALSE,餐饮服务;冷饮店;冷饮店,餐饮服务,冷饮店,['手打柠檬茶']
B023B068QI,[],奶茶/茶饮,[],[],餐饮服务;餐饮相关场所;餐饮相关,[],[],050000,0,[],上城区,[],19144709218,B0LRTD97AD,望江街道诗园弄15号(近江地铁站E口步行400米),[],浙江省,diner,杭州市,320,[],朝山茶食,"120.200487,30.230561",[],[],[],,,TRUE,TRUE,FALSE,FALSE,餐饮服务;餐饮相关场所;餐饮相关,餐饮服务,餐饮相关场所,[]
B0H6FU3OTM,[],奶茶/茶饮,[],[],餐饮服务;冷饮店;冷饮店,[],[],050700,0,[],上城区,[],19270786737,B0MG37ACBL,望江街道望潮路168号望潮金地商务中心B1层-B1-04室,[],浙江省,diner,杭州市,202,[],爷爷不泡茶NOYEYENOTEA(杭州金地威新中心店),"120.194405,30.231405",[],[],[],,,TRUE,TRUE,FALSE,FALSE,餐饮服务;冷饮店;冷饮店,餐饮服务,冷饮店,[]
B023B068QI,[],果汁,[],[],餐饮服务;冷饮店;冷饮店,[],[],050700,0,[],上城区,[],0571-86816007;15824115588,B0GRDSEZS5,诗园弄19号(近江地铁站A口步行330米),[],浙江省,diner,杭州市,320,[],阿姨很芒,"120.200543,30.230792",[],[],[],,,TRUE,TRUE,FALSE,FALSE,餐饮服务;冷饮店;冷饮店,餐饮服务,冷饮店,[]
B0FFGY5EMA,[],奶茶/茶饮,[],[],餐饮服务;冷饮店;冷饮店,[],[],050700,0,[],上城区,[],0571-88363359,B0J3X79YMW,新塘路119号世纪联华1楼061号商铺,[],浙江省,diner,杭州市,202,"羽衣纤体瓶(首创),多肉葡萄(首创),清爽芭乐提(白芭乐),茶坊苦抹·清,提拉米苏·浓巧,去火*纤体瓶(首创),多肉桃李(首创),咸酪碎银子,清爽芭乐葡(白芭乐),烤黑糖波波牛乳(首创),芝芝绿妍茶后(首创),芭乐雪毫茉王,烤黑糖波波牛乳茶,芒芒甘露(首创),奇兰苹果杏特调,奇兰粉芭乐,苦巧·咸酪碎银子,雪域·牦牛乳恰安莫,酱香白脱碎银子,金韵酸木瓜枇杷,堂食,芝士,提拉米苏,果茶,牛乳,牦牛",喜茶(杭州新塘世纪联华店),"120.207116,30.266762",[],[],[],,,TRUE,TRUE,FALSE,FALSE,餐饮服务;冷饮店;冷饮店,餐饮服务,冷饮店,"['羽衣纤体瓶(首创)', '多肉葡萄(首创)', '清爽芭乐提(白芭乐)', '茶坊苦抹·清', '提拉米苏·浓巧', '去火*纤体瓶(首创)', '多肉桃李(首创)', '咸酪碎银子', '清爽芭乐葡(白芭乐)', '烤黑糖波波牛乳(首创)', '芝芝绿妍茶后(首创)', '芭乐雪毫茉王', '烤黑糖波波牛乳茶', '芒芒甘露(首创)', '奇兰苹果杏特调', '奇兰粉芭乐', '苦巧·咸酪碎银子', '雪域·牦牛乳恰安莫', '酱香白脱碎银子', '金韵酸木瓜枇杷', '堂食', '芝士', '提拉米苏', '果茶', '牛乳', '牦牛']"
B0FFHQ7XUM,[],奶茶/茶饮,[],[],餐饮服务;冷饮店;冷饮店,[],[],050700,0,[],上城区,[],13958020399;17601372129;18969149377,B0HDZA0A39,四季青街道双菱路163号南萧埠小区金兰池公寓北区,[],浙江省,diner,杭州市,320,"芋泥,牛乳,芋圆,珍珠奶茶",幸福侯彩擂(南肖埠社区店),"120.195458,30.260429",[],[],[],,,TRUE,TRUE,FALSE,FALSE,餐饮服务;冷饮店;冷饮店,餐饮服务,冷饮店,"['芋泥', '牛乳', '芋圆', '珍珠奶茶']"
[],[],奶茶/茶饮,[],[],餐饮服务;冷饮店;冷饮店,[],[],050700,0,[],上城区,[],19357099019,B0IDRCQEEN,"双菱路109号,111号,杭九中对面",[],浙江省,diner,杭州市,[],[],茶百道(杭州双菱路店),"120.195486,30.260579",[],[],[],,,TRUE,TRUE,FALSE,FALSE,餐饮服务;冷饮店;冷饮店,餐饮服务,冷饮店,[]
[],[],奶茶/茶饮,[],[],餐饮服务;咖啡厅;咖啡厅,[],[],050500,0,[],上城区,[],4000100100,B0LA77OE33,清江路与杭海路交叉口东100米,[],浙江省,diner,杭州市,[],[],T9九天时尚中心瑞幸咖啡,"120.192681,30.246055",[],[],[],,,TRUE,TRUE,FALSE,FALSE,餐饮服务;咖啡厅;咖啡厅,餐饮服务,咖啡厅,[]
B023B08XWH,[],奶茶/茶饮,[],[],餐饮服务;冷饮店;冷饮店,[],[],050700,0,[],上城区,[],19357590357,B0IDOU9ZKI,凯旋路129号,[],浙江省,diner,杭州市,320,[],弯湾·爱生活茶饮铺(金牛坊店),"120.189778,30.254651",[],[],[],,,TRUE,TRUE,FALSE,FALSE,餐饮服务;冷饮店;冷饮店,餐饮服务,冷饮店,[]
B0FFFGUOG5,[],饮品,[],[],餐饮服务;冷饮店;冷饮店,[],[],050700,0,[],上城区,[],15888853111,B0H3295J0G,望江东路332号万泰城1楼,[],浙江省,diner,杭州市,202,"水蜜桃系列,葡萄冻冻,杨枝甘露,招牌芋圆奶茶,豆乳玉麒麟,乌漆嘛黑,佛手柠檬茶,豆乳米麻薯,麻薯,柠檬茶",茶百道(杭州万泰城店),"120.192198,30.229995",[],[],[],,,TRUE,TRUE,FALSE,FALSE,餐饮服务;冷饮店;冷饮店,餐饮服务,冷饮店,"['水蜜桃系列', '葡萄冻冻', '杨枝甘露', '招牌芋圆奶茶', '豆乳玉麒麟', '乌漆嘛黑', '佛手柠檬茶', '豆乳米麻薯', '麻薯', '柠檬茶']"
B0FFFGUOG5,[],奶茶/茶饮,[],[],餐饮服务;冷饮店;冷饮店,[],[],050700,0,[],上城区,[],0571-86022927,B0J2BRGF58,望江东路332号万泰城一楼199号商铺,[],浙江省,diner,杭州市,201,"羽衣纤体瓶(首创),多肉葡萄(首创),清爽芭乐提(白芭乐),茶坊苦抹·清,提拉米苏·浓巧,去火*纤体瓶(首创),多肉桃李(首创),咸酪碎银子,烤黑糖波波牛乳茶,烤黑糖波波牛乳(首创),芝芝绿妍茶后(首创),芒芒甘露(首创),清爽芭乐葡(白芭乐),奇兰苹果杏特调,奇兰粉芭乐,苦巧·咸酪碎银子,芭乐雪毫茉王,雪域·牦牛乳恰安莫,酱香白脱碎银子,金韵酸木瓜枇杷,提拉米苏,牛乳,牦牛",喜茶(杭州上城万泰城店),"120.192615,30.229940",[],[],[],,,TRUE,TRUE,FALSE,FALSE,餐饮服务;冷饮店;冷饮店,餐饮服务,冷饮店,"['羽衣纤体瓶(首创)', '多肉葡萄(首创)', '清爽芭乐提(白芭乐)', '茶坊苦抹·清', '提拉米苏·浓巧', '去火*纤体瓶(首创)', '多肉桃李(首创)', '咸酪碎银子', '烤黑糖波波牛乳茶', '烤黑糖波波牛乳(首创)', '芝芝绿妍茶后(首创)', '芒芒甘露(首创)', '清爽芭乐葡(白芭乐)', '奇兰苹果杏特调', '奇兰粉芭乐', '苦巧·咸酪碎银子', '芭乐雪毫茉王', '雪域·牦牛乳恰安莫', '酱香白脱碎银子', '金韵酸木瓜枇杷', '提拉米苏', '牛乳', '牦牛']"
[],[],奶茶/茶饮,[],[],餐饮服务;冷饮店;冷饮店,[],[],050700,0,[],上城区,[],19106736682,B0I0N58FVF,双菱路与凤起东路交叉口南80米,[],浙江省,diner,杭州市,[],杨枝甘露,贡茶(双菱路店),"120.195426,30.262704",[],[],[],,,TRUE,TRUE,FALSE,FALSE,餐饮服务;冷饮店;冷饮店,餐饮服务,冷饮店,['杨枝甘露']
B0IGJCT0HL,[],奶茶/茶饮,[],[],餐饮服务;冷饮店;冷饮店,[],[],050700,0,[],上城区,[],18816000777,B0L6LX5EZT,昙花庵路187号(景新社区北门东390米),[],浙江省,diner,杭州市,320,冰美式,昙花庵路(蜜雪冰城店),"120.208790,30.270261",[],[],[],,,TRUE,TRUE,FALSE,FALSE,餐饮服务;冷饮店;冷饮店,餐饮服务,冷饮店,['冰美式']
B023B0199E,[],奶茶/茶饮,[],[],餐饮服务;糕饼店;糕饼店,[],[],050800,0,[],上城区,[],18105810822,B0LR7OJ1A0,四季彩菏大道青清江路141号,[],浙江省,diner,杭州市,202,鲜奶茶,新加坡斯味洛鲜奶茶(杭州四季青店),"120.189701,30.246254",[],[],[],,,TRUE,TRUE,FALSE,FALSE,餐饮服务;糕饼店;糕饼店,餐饮服务,糕饼店,['鲜奶茶']
B023B18MSX,[],奶茶/茶饮,[],[],餐饮服务;冷饮店;冷饮店,[],[],050700,0,[],上城区,[],17755202953,B0LGFAIZ7E,新城坊7幢近江北路16号,[],浙江省,diner,杭州市,202,[],点喝呦奶茶鲜果饮(近江北路店),"120.200696,30.235884",[],[],[],,,TRUE,TRUE,FALSE,FALSE,餐饮服务;冷饮店;冷饮店,餐饮服务,冷饮店,[]
[],[],烧仙草,[],[],餐饮服务;冷饮店;冷饮店,[],[],050700,0,[],上城区,[],13372558397,B0LD7U10SY,杭州城站进站口2F左侧商业中心,[],浙江省,diner,杭州市,[],[],书亦烧仙草(杭州城站店),"120.182625,30.245125",[],[],[],,,TRUE,TRUE,FALSE,FALSE,餐饮服务;冷饮店;冷饮店,餐饮服务,冷饮店,[]
B0IGC7FDGH,[],奶茶/茶饮,[],[],餐饮服务;休闲餐饮场所;休闲餐饮场所,[],[],050400,0,[],萧山区,[],4000100100,B0MBSUEB2Y,利一路碧桂园深蓝国际中心1幢1层大堂,[],浙江省,diner,杭州市,202,[],瑞幸咖啡(萧山深蓝国际中心1幢店),"120.232953,30.235836",[],[],[],,,TRUE,TRUE,FALSE,FALSE,餐饮服务;休闲餐饮场所;休闲餐饮场所,餐饮服务,休闲餐饮场所,[]
[],[],奶茶/茶饮,[],[],餐饮服务;咖啡厅;咖啡厅,[],[],050500,0,[],上城区,[],[],B0KUTZAZFC,杭海路与常青路交叉口南140米,[],浙江省,diner,杭州市,[],[],MOOTEA,"120.197669,30.247386",[],[],[],,,TRUE,TRUE,FALSE,FALSE,餐饮服务;咖啡厅;咖啡厅,餐饮服务,咖啡厅,[]
B0MAMO7TNR,[],奶茶/茶饮,[],[],购物服务;服装鞋帽皮具店;服装鞋帽皮具店|餐饮服务;冷饮店;冷饮店,[],[],061100|050700,0,[],滨江区,[],15557153855,B0K1USG3CY,西兴街道滨盛路8号莲荷里地下一层D区D-25-2商铺,[],浙江省,[],杭州市,320,[],树夏(奥体莲荷里店),"120.230162,30.227573",[],[],[],,,TRUE,TRUE,FALSE,FALSE,购物服务;服装鞋帽皮具店;服装鞋帽皮具店,购物服务,服装鞋帽皮具店,[]
[],[],奶茶/茶饮,[],[],餐饮服务;休闲餐饮场所;休闲餐饮场所,[],[],050400,0,[],萧山区,[],19106735076,B0I25UDEC2,杭州江峰商务名座A栋1层2号(钱江大观),[],浙江省,diner,杭州市,[],"（黑&玉）麒麟系列,下午茶",茶百道(杭州萧山钱江大观店),"120.237925,30.237325",[],[],[],,,TRUE,TRUE,FALSE,FALSE,餐饮服务;休闲餐饮场所;休闲餐饮场所,餐饮服务,休闲餐饮场所,"['（黑&玉）麒麟系列', '下午茶']"
B023B0670D,[],奶茶/茶饮,[],[],餐饮服务;冷饮店;冷饮店,[],[],050700,1,[],上城区,[],0571-87566521;15268196814,B0FFG2Y8X0,建国中路24号(城站地铁站C口步行490米),[],浙江省,diner,杭州市,320,"红茶玛奇朵,波霸奶绿,冰淇淋,乌龙奶茶,红茶拿铁,四季春,杨枝甘露",1点点(建国中路店),"120.179959,30.248709",[],[],[],,,TRUE,TRUE,FALSE,FALSE,餐饮服务;冷饮店;冷饮店,餐饮服务,冷饮店,"['红茶玛奇朵', '波霸奶绿', '冰淇淋', '乌龙奶茶', '红茶拿铁', '四季春', '杨枝甘露']"
B023B06EDC,[],奶茶/茶饮,[],[],餐饮服务;餐饮相关场所;餐饮相关,[],[],050000,0,[],拱墅区,[],18167152635,B0G1XOGPAZ,珠碧二弄19号米兰公寓,[],浙江省,diner,杭州市,320,巧克力,贡茶(杭州店),"120.185989,30.259901",[],[],[],,,TRUE,TRUE,FALSE,FALSE,餐饮服务;餐饮相关场所;餐饮相关,餐饮服务,餐饮相关场所,['巧克力']
[],[],甜品店,[],[],餐饮服务;冷饮店;冷饮店,[],[],050700,0,[],上城区,[],[],B0K24DGIRM,衣之家百货1层A-37号商铺,[],浙江省,diner,杭州市,[],"霸气芝士草莓,霸气芝士葡萄,霸气柠檬油柑,杨枝甘露,珍珠奶茶",奈雪的茶(杭州衣之家百货PRO店),"120.197320,30.226543",[],[],[],,,TRUE,TRUE,FALSE,FALSE,餐饮服务;冷饮店;冷饮店,餐饮服务,冷饮店,"['霸气芝士草莓', '霸气芝士葡萄', '霸气柠檬油柑', '杨枝甘露', '珍珠奶茶']"
[],[],奶茶/茶饮,[],[],餐饮服务;冷饮店;冷饮店,[],[],050700,0,[],滨江区,[],13676623168,B0K0UO2YNF,丹枫路18号,[],浙江省,diner,杭州市,[],[],古茗(奥体银泰店),"120.230223,30.226945",[],[],[],,,TRUE,TRUE,FALSE,FALSE,餐饮服务;冷饮店;冷饮店,餐饮服务,冷饮店,[]
[],[],奶茶/茶饮,[],[],餐饮服务;冷饮店;冷饮店,[],[],050700,0,[],滨江区,[],13857134035,B0K3ZCADYL,滨盛路8号地下一层莲荷里商场B1层E09商铺(麦当劳背面),[],浙江省,diner,杭州市,[],"郁郁幽兰,月桂酿,特浓抹茶与白,贪杯乌龙,慢熬黑糖珠珠烤奶茶,白日梦椰椰,绿野干酪草莓派,星河筑影,翠枝玉露,画中游,龙井绿茶奶沫,一整块金砖港奶,凤凰单丛,鲜葡萄多肉,轻芝金桂乌龙,烟雨乌龙,生椰玉露,蓝莓之夜,水牛奶奶,莺莺,月中桂,单丛好彩香柠茶,明前龙井,轻芝茉莉毛尖,焦糖脆脆咸法酪普洱,焦糖脆脆咸法酪锡兰红,长安,茉莉好彩香柠,焦糖脆脆咸法酪·单丛,轻芝凤凰单丛,二重浓抹咸法酪,水牛奶炖桃胶木薯芋圆,生椰木薯大满贯,长乐未央,素颜幽兰,芝士乳酪草莓星球,星天外,心芭上（中杯）,芭乐莓莓干酪（咸法酪酱）,画中游·千目抹茶特调,轻芝锡兰红茶,金桂乌龙,沉香普洱,水牛奶木薯大满贯,鲜芒老椰甘露,焦糖脆脆咸法酪·茉莉,骏眉红茶,焦糖脆脆咸法酪·骏眉红,芭乐莓莓干酪（轻芝云酪顶）,轻芝明前龙井,400次熔岩鸳鸯,茉莉毛尖,红豆薏米乳,青青玉露,芋圆",茶理宜世(杭州银泰奥体莲荷里店),"120.230996,30.227576",[],[],[],,,TRUE,TRUE,FALSE,FALSE,餐饮服务;冷饮店;冷饮店,餐饮服务,冷饮店,"['郁郁幽兰', '月桂酿', '特浓抹茶与白', '贪杯乌龙', '慢熬黑糖珠珠烤奶茶', '白日梦椰椰', '绿野干酪草莓派', '星河筑影', '翠枝玉露', '画中游', '龙井绿茶奶沫', '一整块金砖港奶', '凤凰单丛', '鲜葡萄多肉', '轻芝金桂乌龙', '烟雨乌龙', '生椰玉露', '蓝莓之夜', '水牛奶奶', '莺莺', '月中桂', '单丛好彩香柠茶', '明前龙井', '轻芝茉莉毛尖', '焦糖脆脆咸法酪普洱', '焦糖脆脆咸法酪锡兰红', '长安', '茉莉好彩香柠', '焦糖脆脆咸法酪·单丛', '轻芝凤凰单丛', '二重浓抹咸法酪', '水牛奶炖桃胶木薯芋圆', '生椰木薯大满贯', '长乐未央', '素颜幽兰', '芝士乳酪草莓星球', '星天外', '心芭上（中杯）', '芭乐莓莓干酪（咸法酪酱）', '画中游·千目抹茶特调', '轻芝锡兰红茶', '金桂乌龙', '沉香普洱', '水牛奶木薯大满贯', '鲜芒老椰甘露', '焦糖脆脆咸法酪·茉莉', '骏眉红茶', '焦糖脆脆咸法酪·骏眉红', '芭乐莓莓干酪（轻芝云酪顶）', '轻芝明前龙井', '400次熔岩鸳鸯', '茉莉毛尖', '红豆薏米乳', '青青玉露', '芋圆']"
B0FFFGUOG5,[],奶茶/茶饮,[],[],餐饮服务;冷饮店;冷饮店,[],[],050700,1,[],上城区,[],0571-85399978,B0FFK778QS,望江东路332号万泰城二楼277室,[],浙江省,diner,杭州市,202,[],1点点(万泰城店),"120.192725,30.229725",[],[],[],,,TRUE,TRUE,FALSE,FALSE,餐饮服务;冷饮店;冷饮店,餐饮服务,冷饮店,[]
B0FFKIR7LT,[],奶茶/茶饮,[],[],餐饮服务;咖啡厅;咖啡厅,[],[],050500,0,[],上城区,[],4000100100,B0MBZ5CK8L,庆春路25-29号富浙大厦一层101室,[],浙江省,diner,杭州市,202,[],瑞幸咖啡(富浙大厦店),"120.183443,30.257672",[],[],[],,,TRUE,TRUE,FALSE,FALSE,餐饮服务;咖啡厅;咖啡厅,餐饮服务,咖啡厅,[]
[],[],小吃快餐,[],[],餐饮服务;快餐厅;快餐厅,[],[],050300,0,[],拱墅区,[],18157176907;18818872298,B0LA55N74I,新华路与水陆寺巷交叉口东南20米,[],浙江省,diner,杭州市,[],"韭菜猪肉煎饺,荔湾艇仔粥,干炒牛河,广式蒸凤爪,手工云吞面,瘦肉鸡蛋肠粉,金沙红米肠粉,王牌肠粉,萝卜牛杂,招牌三宝肠粉,肠粉,艇仔粥,干炒牛河,鲜虾牛肉肠粉",银记肠粉(新华路店),"120.176503,30.259214",[],[],[],,,TRUE,TRUE,FALSE,FALSE,餐饮服务;快餐厅;快餐厅,餐饮服务,快餐厅,"['韭菜猪肉煎饺', '荔湾艇仔粥', '干炒牛河', '广式蒸凤爪', '手工云吞面', '瘦肉鸡蛋肠粉', '金沙红米肠粉', '王牌肠粉', '萝卜牛杂', '招牌三宝肠粉', '肠粉', '艇仔粥', '干炒牛河', '鲜虾牛肉肠粉']"
[],[],小吃快餐,[],[],餐饮服务;快餐厅;快餐厅,[],[],050300,0,[],上城区,[],0571-87811537,B0JAXH7BZC,高银街33、35号,[],浙江省,diner,杭州市,[],"猪肉,生煎,绿豆汤,肉包,煎包,生煎包,煎饺,牛肉汤,豆腐脑",新丰小吃(高银街分店),"120.170669,30.240603",[],[],[],,,TRUE,TRUE,FALSE,FALSE,餐饮服务;快餐厅;快餐厅,餐饮服务,快餐厅,"['猪肉', '生煎', '绿豆汤', '肉包', '煎包', '生煎包', '煎饺', '牛肉汤', '豆腐脑']"
[],[],住宅区,[],[],餐饮服务;快餐厅;快餐厅,[],[],050300,0,[],上城区,[],0571-56855269,B0FFF00825,中河南路紫阳街道十五奎巷65号(鼓楼边),[],浙江省,diner,杭州市,[],[],十五奎巷社区,"120.169566,30.236029",[],[],[],,,TRUE,TRUE,FALSE,FALSE,餐饮服务;快餐厅;快餐厅,餐饮服务,快餐厅,[]
[],[],面馆,[],[],餐饮服务;快餐厅;快餐厅,[],[],050300,0,[],上城区,[],13336149088;18368047514,B0GUO757IP,中河中路21号新丰小吃向前30米(靠高架),[],浙江省,diner,杭州市,[],"面汤,虾仁,汤面,鳝鱼,虾爆鳝面",阿炳爆鳝面(清河坊历史文化特色街区店),"120.171983,30.239607",[],[],[],,,TRUE,TRUE,FALSE,FALSE,餐饮服务;快餐厅;快餐厅,餐饮服务,快餐厅,"['面汤', '虾仁', '汤面', '鳝鱼', '虾爆鳝面']"
[],[],小吃快餐,[],[],餐饮服务;快餐厅;快餐厅,[],[],050300,0,[],上城区,[],4008697688,B0J1VR1TL8,吴山路36-1.36-2室,[],浙江省,diner,杭州市,[],"单人餐,堂食",袁记云饺(杭州市上城区吴山路店),"120.165260,30.251191",[],[],[],,,TRUE,TRUE,FALSE,FALSE,餐饮服务;快餐厅;快餐厅,餐饮服务,快餐厅,"['单人餐', '堂食']"
B023B1DIOC,[],小吃快餐,[],[],餐饮服务;快餐厅;快餐厅,[],[],050300,0,[],上城区,[],15381085855,B0I1459AYQ,延安路245号杭州湖滨银泰in77B区B1层,[],浙江省,diner,杭州市,201,"腊肠滑鸡单人餐,香菇滑鸡单人餐,香菇滑鸡煲儿童餐,煲仔饭,鸡肉,香菇滑鸡煲仔饭,儿童餐,排骨",煲仔皇腊味煲仔饭(杭州湖滨in77B区店),"120.163878,30.254696",[],[],[],,,TRUE,TRUE,FALSE,FALSE,餐饮服务;快餐厅;快餐厅,餐饮服务,快餐厅,"['腊肠滑鸡单人餐', '香菇滑鸡单人餐', '香菇滑鸡煲儿童餐', '煲仔饭', '鸡肉', '香菇滑鸡煲仔饭', '儿童餐', '排骨']"
B0FFJRSS6O,[],小吃快餐,[],[],餐饮服务;快餐厅;快餐厅,[],[],050300,1,[],萧山区,[],4007661777,B0H21G5ILS,泰宏巷42、44、46号,[],浙江省,diner,杭州市,202,"竹笋蒸鸡翅套餐,农家小炒肉,肥西老母鸡汤,西红柿炒鸡蛋,农家蒸蛋,招牌鸡汤套餐,梅菜扣肉,葱油鸡,鸡汤,素菜,鸡肉",老乡鸡(杭州萧山联合中心店),"120.254455,30.230750",[],[],[],,,TRUE,TRUE,FALSE,FALSE,餐饮服务;快餐厅;快餐厅,餐饮服务,快餐厅,"['竹笋蒸鸡翅套餐', '农家小炒肉', '肥西老母鸡汤', '西红柿炒鸡蛋', '农家蒸蛋', '招牌鸡汤套餐', '梅菜扣肉', '葱油鸡', '鸡汤', '素菜', '鸡肉']"
[],[],美食城,[],[],餐饮服务;中餐厅;综合酒楼,[],[],050101,0,[],拱墅区,[],0571-87781828,B0FFHJOY17,武林路163号(凤起路地铁站E口步行330米),[],浙江省,diner,杭州市,[],"单人餐,炸鸡,烤鱼,一条龙,小吃街,牛肉,米线,面食,麻辣烫",西湖D11,"120.160416,30.262199",[],[],[],,,TRUE,TRUE,FALSE,FALSE,餐饮服务;中餐厅;综合酒楼,餐饮服务,中餐厅,"['单人餐', '炸鸡', '烤鱼', '一条龙', '小吃街', '牛肉', '米线', '面食', '麻辣烫']"
B0FFFTTD2R,[],小吃快餐,[],[],餐饮服务;快餐厅;快餐厅,[],[],050300,0,[],拱墅区,[],13325710600,B0GKN45YR8,万寿亭街31号(近武林路),[],浙江省,diner,杭州市,202,"小馄饨,煎饺,白菜,虾仁,堂食,猪肉,肉丸,大排档,烧麦,牛肉,锅贴",绝美嘉海鲜馄饨(杭州总店),"120.159829,30.269715",[],[],[],,,TRUE,TRUE,FALSE,FALSE,餐饮服务;快餐厅;快餐厅,餐饮服务,快餐厅,"['小馄饨', '煎饺', '白菜', '虾仁', '堂食', '猪肉', '肉丸', '大排档', '烧麦', '牛肉', '锅贴']"
B023B06OT2,[],小吃快餐,[],[],餐饮服务;快餐厅;快餐厅,[],[],050300,0,[],上城区,[],0571-87920891,B023B1D42E,庆春路239号(西湖国贸1楼),[],浙江省,diner,杭州市,202,"肉夹馍,胡辣汤,岐山臊子面,老北京炸酱面,牛肉油泼面,羊肉烩面,凉皮,牛肉烩面,老家焖面,五香黄牛肉,腊汁肉拌面,家乡焖面配小米粥,三鲜烩面,凉拌西兰花,北京炸酱面,肉夹馍,老北京炸酱面,牛肉,面食",中原一大碗(湖滨店),"120.159896,30.257903",[],[],[],,,TRUE,TRUE,FALSE,FALSE,餐饮服务;快餐厅;快餐厅,餐饮服务,快餐厅,"['肉夹馍', '胡辣汤', '岐山臊子面', '老北京炸酱面', '牛肉油泼面', '羊肉烩面', '凉皮', '牛肉烩面', '老家焖面', '五香黄牛肉', '腊汁肉拌面', '家乡焖面配小米粥', '三鲜烩面', '凉拌西兰花', '北京炸酱面', '肉夹馍', '老北京炸酱面', '牛肉', '面食']"
B0FFI31CNG,[],自助餐,[],[],餐饮服务;快餐厅;快餐厅,[],[],050300,0,[],滨江区,[],0571-85388871,B0LG0Z5T11,江汉路1515号龙湖杭州滨江天街B1层,[],浙江省,diner,杭州市,201,[],素满香·全民食养自助(滨江天街店),"120.204086,30.200501",[],[],[],,,TRUE,TRUE,FALSE,FALSE,餐饮服务;快餐厅;快餐厅,餐饮服务,快餐厅,[]
B023B13KAP,[],西式快餐,[],[],餐饮服务;快餐厅;麦当劳,[],[],050302,0,[],上城区,[],0571-87155193;4000517117,B023B08Z61,航海路96号中洲大酒店一层麦当劳餐厅,[],浙江省,diner,杭州市,324,"巨无霸中套餐,奥利奥草莓麦旋风,培根蔬萃双层牛堡,原味板烧鸡腿堡中套餐,黑白派,香骨鸡腿,辣翅,猪柳麦满分配脆薯饼,油条培根蛋麦煎饼配脆薯饼,柠檬林明顿蛋糕,扭扭薯条,巨无霸汉堡,奶油坚果酱大套餐,培根蔬萃双层牛堡中套餐,薯条,汉堡,鸡肉,双人餐",麦当劳(四季青中国服装第一街店),"120.196591,30.247039",[],[],[],,,TRUE,TRUE,FALSE,FALSE,餐饮服务;快餐厅;麦当劳,餐饮服务,快餐厅,"['巨无霸中套餐', '奥利奥草莓麦旋风', '培根蔬萃双层牛堡', '原味板烧鸡腿堡中套餐', '黑白派', '香骨鸡腿', '辣翅', '猪柳麦满分配脆薯饼', '油条培根蛋麦煎饼配脆薯饼', '柠檬林明顿蛋糕', '扭扭薯条', '巨无霸汉堡', '奶油坚果酱大套餐', '培根蔬萃双层牛堡中套餐', '薯条', '汉堡', '鸡肉', '双人餐']"
B0FFF33YR8,[],小吃快餐,[],[],餐饮服务;快餐厅;快餐厅,[],[],050300,0,[],萧山区,[],4001597597,B0IKTHEQMN,盈丰街道利一路118号101室C-1-12,[],浙江省,diner,杭州市,202,"经典大阪烧风味海陆比萨,西西里风情尊牛多多笋鲜比萨,可可火山饼底,苏丹王榴莲红毛丹比萨,美式豪情牛肉培根菠萝比萨,马德里风情牛腩大虾比萨,托斯卡纳风情芝浓三文鱼比萨,冬日暖饮,火山饼底,经典意式肉酱比萨,金枪鱼海鲜荟萃比萨,黑松露风味菌菇鸡肉比萨,苏丹王榴莲多多给荔比萨,嫩滋肋眼牛排,芝士焗烤嫩汁三文鱼,金尊猫山王榴莲多多比萨,照烧风味牛肉土豆比萨,意大利雪球芝士多肉多芝比萨,新加坡砂煲风味腊肠鸡肉比萨,呼伦贝尔羔羊排,香甜双虾菠萝比萨,英式惠灵顿菲力牛排比萨,可可熔岩芝士流心卷边,双人餐",达美乐比萨(利一路店),"120.238138,30.237466",[],[],[],,,TRUE,TRUE,FALSE,FALSE,餐饮服务;快餐厅;快餐厅,餐饮服务,快餐厅,"['经典大阪烧风味海陆比萨', '西西里风情尊牛多多笋鲜比萨', '可可火山饼底', '苏丹王榴莲红毛丹比萨', '美式豪情牛肉培根菠萝比萨', '马德里风情牛腩大虾比萨', '托斯卡纳风情芝浓三文鱼比萨', '冬日暖饮', '火山饼底', '经典意式肉酱比萨', '金枪鱼海鲜荟萃比萨', '黑松露风味菌菇鸡肉比萨', '苏丹王榴莲多多给荔比萨', '嫩滋肋眼牛排', '芝士焗烤嫩汁三文鱼', '金尊猫山王榴莲多多比萨', '照烧风味牛肉土豆比萨', '意大利雪球芝士多肉多芝比萨', '新加坡砂煲风味腊肠鸡肉比萨', '呼伦贝尔羔羊排', '香甜双虾菠萝比萨', '英式惠灵顿菲力牛排比萨', '可可熔岩芝士流心卷边', '双人餐']"
B023B086SJ,[],西式快餐,[],[],餐饮服务;快餐厅;麦当劳,[],[],050302,0,[],拱墅区,[],0571-86989151,B0GKVR4N9Z,庆春路38号-1号103室,[],浙江省,diner,杭州市,202,"巨无霸汉堡,安格斯系列,麦辣鸡腿堡,板烧美味三件套,大脆鸡扒麦满分组合,人气美味尽享套餐,麦辣美味三件套,家有金桶（脆鸡版）,原味板烧鸡腿麦满分组合,麦当劳超值嗨餐,（2-3人餐）,家有金桶（汉堡版）,可乐鸡翅,双人餐,鸡肉,汉堡,薯条",麦当劳(杭州庆春路第二餐厅),"120.183118,30.258993",[],[],[],,,TRUE,TRUE,FALSE,FALSE,餐饮服务;快餐厅;麦当劳,餐饮服务,快餐厅,"['巨无霸汉堡', '安格斯系列', '麦辣鸡腿堡', '板烧美味三件套', '大脆鸡扒麦满分组合', '人气美味尽享套餐', '麦辣美味三件套', '家有金桶（脆鸡版）', '原味板烧鸡腿麦满分组合', '麦当劳超值嗨餐', '（2-3人餐）', '家有金桶（汉堡版）', '可乐鸡翅', '双人餐', '鸡肉', '汉堡', '薯条']"
B0KG9H6GIK,[],西式快餐,[],[],餐饮服务;快餐厅;麦当劳,[],[],050302,0,[],滨江区,[],0571-82554045,B0K16UOPT3,飞虹路3号大莲花LG层莲荷里B1层,[],浙江省,diner,杭州市,201,鸡排,麦当劳(杭州莲荷里店),"120.230844,30.227484",[],[],[],,,TRUE,TRUE,FALSE,FALSE,餐饮服务;快餐厅;麦当劳,餐饮服务,快餐厅,['鸡排']
B023B05UXX,[],西式快餐,[],[],餐饮服务;快餐厅;麦当劳,[],[],050302,0,[],上城区,[],0571-87913551;4009200205,B0HDKSDRLS,解放路星河商务大厦(万安桥地铁站E口步行480米),[],浙江省,diner,杭州市,202,"家有金桶（汉堡版）,麦当劳超值嗨餐,（2-3人餐）,板烧美味三件套,麦辣美味三件套,可乐鸡翅,大脆鸡扒麦满分组合,人气美味尽享套餐,原味板烧鸡腿麦满分组合,巨无霸汉堡,安格斯系列,麦辣鸡腿堡,家有金桶（脆鸡版）,双人餐,汉堡,薯条,鸡肉",麦当劳(大华·星河商务大厦店),"120.178102,30.250168",[],[],[],,,TRUE,TRUE,FALSE,FALSE,餐饮服务;快餐厅;麦当劳,餐饮服务,快餐厅,"['家有金桶（汉堡版）', '麦当劳超值嗨餐', '（2-3人餐）', '板烧美味三件套', '麦辣美味三件套', '可乐鸡翅', '大脆鸡扒麦满分组合', '人气美味尽享套餐', '原味板烧鸡腿麦满分组合', '巨无霸汉堡', '安格斯系列', '麦辣鸡腿堡', '家有金桶（脆鸡版）', '双人餐', '汉堡', '薯条', '鸡肉']"
B0IB55IZ5R,[],西式快餐,[],[],餐饮服务;快餐厅;麦当劳,[],[],050302,0,[],萧山区,[],0571-86759103,B0J27CB84U,奔竞大道353号(博览中心地铁站D口旁),[],浙江省,diner,杭州市,320,"双人餐,汉堡,薯条",麦当劳(杭州萧山平澜路餐厅),"120.236177,30.231468",[],[],[],,,TRUE,TRUE,FALSE,FALSE,餐饮服务;快餐厅;麦当劳,餐饮服务,快餐厅,"['双人餐', '汉堡', '薯条']"
B0FFIY1CGB,[],西式快餐,[],[],餐饮服务;快餐厅;麦当劳,[],[],050302,0,[],上城区,[],0571-86083383,B0FFFDRSEH,新塘路342号保利中心F1层,[],浙江省,diner,杭州市,202,"人气美味尽享套餐,原味板烧鸡腿麦满分组合,板烧美味三件套,可乐鸡翅,大脆鸡扒麦满分组合,麦当劳超值嗨餐,（2-3人餐）,麦辣美味三件套,家有金桶（汉堡版）,家有金桶（脆鸡版）,麦辣鸡腿堡,安格斯系列,巨无霸汉堡,双人餐,汉堡,薯条,鸡肉",麦当劳(保利中心店),"120.206127,30.275670",[],[],[],,,TRUE,TRUE,FALSE,FALSE,餐饮服务;快餐厅;麦当劳,餐饮服务,快餐厅,"['人气美味尽享套餐', '原味板烧鸡腿麦满分组合', '板烧美味三件套', '可乐鸡翅', '大脆鸡扒麦满分组合', '麦当劳超值嗨餐', '（2-3人餐）', '麦辣美味三件套', '家有金桶（汉堡版）', '家有金桶（脆鸡版）', '麦辣鸡腿堡', '安格斯系列', '巨无霸汉堡', '双人餐', '汉堡', '薯条', '鸡肉']"
[],[],西式快餐,[],[],餐饮服务;快餐厅;麦当劳,[],[],050302,0,[],拱墅区,[],0571-86068685,B0G094LDO8,建国北路286号8幢8幢一层1-10号麦当劳建国北路店,[],浙江省,diner,杭州市,[],"家有金桶（汉堡版）,麦当劳超值嗨餐,（2-3人餐）,板烧美味三件套,麦辣美味三件套,家有金桶（脆鸡版）,原味板烧鸡腿麦满分组合,大脆鸡扒麦满分组合,人气美味尽享套餐,巨无霸汉堡,安格斯系列,麦辣鸡腿堡,可乐鸡翅,汉堡,双人餐,薯条,鸡肉",麦当劳(杭州凤起路餐厅),"120.181295,30.265328",[],[],[],,,TRUE,TRUE,FALSE,FALSE,餐饮服务;快餐厅;麦当劳,餐饮服务,快餐厅,"['家有金桶（汉堡版）', '麦当劳超值嗨餐', '（2-3人餐）', '板烧美味三件套', '麦辣美味三件套', '家有金桶（脆鸡版）', '原味板烧鸡腿麦满分组合', '大脆鸡扒麦满分组合', '人气美味尽享套餐', '巨无霸汉堡', '安格斯系列', '麦辣鸡腿堡', '可乐鸡翅', '汉堡', '双人餐', '薯条', '鸡肉']"
B0IB5SQ5D8,[],西式快餐,[],[],餐饮服务;快餐厅;麦当劳,[],[],050302,0,[],萧山区,[],0571-86944198;4009200205,B0HKCG4AGA,民和路886号朝龙汇D+PARKF1层,[],浙江省,diner,杭州市,202,"麦当劳超值嗨餐,（2-3人餐）,板烧美味三件套,麦辣美味三件套,大脆鸡扒麦满分组合,人气美味尽享套餐,原味板烧鸡腿麦满分组合,薯条,双人餐,鸡肉",麦当劳(朝龙汇D+PARK店),"120.243956,30.239809",[],[],[],,,TRUE,TRUE,FALSE,FALSE,餐饮服务;快餐厅;麦当劳,餐饮服务,快餐厅,"['麦当劳超值嗨餐', '（2-3人餐）', '板烧美味三件套', '麦辣美味三件套', '大脆鸡扒麦满分组合', '人气美味尽享套餐', '原味板烧鸡腿麦满分组合', '薯条', '双人餐', '鸡肉']"
B0FFGB2B51,[],小吃快餐,[],[],餐饮服务;快餐厅;肯德基,[],[],050301,0,[],拱墅区,[],021-59097778,B023B08YQF,庆春路70号,[],浙江省,diner,杭州市,202,"KFC芋缘花淇淋,葡式蛋挞,芋缘花淇淋,KFC香辣（劲脆）鸡腿堡,吮指原味鸡,可乐,玉米沙拉,伴柠伴桔鲜果茶,现磨咖啡,新奥尔良烤鸡腿堡,KFC老北京鸡肉卷,蔬菜沙拉,醇香土豆泥,薯条,香辣鸡翅,海苔岩烧大鸡腿饭,黄金鸡块,肯大大鸡排,鸡米花,红豆派,小食拼盘,汉堡",肯德基(庆春店),"120.176815,30.258208",[],[],[],,,TRUE,TRUE,FALSE,FALSE,餐饮服务;快餐厅;肯德基,餐饮服务,快餐厅,"['KFC芋缘花淇淋', '葡式蛋挞', '芋缘花淇淋', 'KFC香辣（劲脆）鸡腿堡', '吮指原味鸡', '可乐', '玉米沙拉', '伴柠伴桔鲜果茶', '现磨咖啡', '新奥尔良烤鸡腿堡', 'KFC老北京鸡肉卷', '蔬菜沙拉', '醇香土豆泥', '薯条', '香辣鸡翅', '海苔岩烧大鸡腿饭', '黄金鸡块', '肯大大鸡排', '鸡米花', '红豆派', '小食拼盘', '汉堡']"
[],[],西式快餐,[],[],餐饮服务;快餐厅;麦当劳,[],[],050302,0,[],上城区,[],0571-82534062,B0J331Y2XC,[],[],浙江省,diner,杭州市,[],"汉堡,双人餐,薯条",麦当劳(华都大厦店),"120.174637,30.257754",[],[],[],,,TRUE,TRUE,FALSE,FALSE,餐饮服务;快餐厅;麦当劳,餐饮服务,快餐厅,"['汉堡', '双人餐', '薯条']"
[],[],小吃快餐,[],[],餐饮服务;快餐厅;肯德基,[],[],050301,0,[],上城区,[],021-59097778,B023B09GEO,解放路199号(都市云端酒店西湖主题店西门旁),[],浙江省,diner,杭州市,[],"鸡米花,肯大大鸡排,香辣鸡翅,伴柠伴桔鲜果茶,现磨咖啡,新奥尔良烤鸡腿堡,KFC老北京鸡肉卷,海苔岩烧大鸡腿饭,黄金鸡块,红豆派,玉米沙拉,KFC芋缘花淇淋,葡式蛋挞,芋缘花淇淋,KFC香辣（劲脆）鸡腿堡,吮指原味鸡,可乐,小食拼盘,蔬菜沙拉,醇香土豆泥,薯条,单人餐,双人餐,汉堡,鸡肉",肯德基(杭州永安店),"120.170305,30.250448",[],[],[],,,TRUE,TRUE,FALSE,FALSE,餐饮服务;快餐厅;肯德基,餐饮服务,快餐厅,"['鸡米花', '肯大大鸡排', '香辣鸡翅', '伴柠伴桔鲜果茶', '现磨咖啡', '新奥尔良烤鸡腿堡', 'KFC老北京鸡肉卷', '海苔岩烧大鸡腿饭', '黄金鸡块', '红豆派', '玉米沙拉', 'KFC芋缘花淇淋', '葡式蛋挞', '芋缘花淇淋', 'KFC香辣（劲脆）鸡腿堡', '吮指原味鸡', '可乐', '小食拼盘', '蔬菜沙拉', '醇香土豆泥', '薯条', '单人餐', '双人餐', '汉堡', '鸡肉']"
[],[],西餐,[],[],餐饮服务;快餐厅;快餐厅,[],[],050300,0,[],上城区,[],19157819858,B0KA6LLYRE,中山中路264号(定安路地铁站A口步行370米),[],浙江省,diner,杭州市,[],披萨,piccolo披萨店,"120.170654,30.248166",[],[],[],,,TRUE,TRUE,FALSE,FALSE,餐饮服务;快餐厅;快餐厅,餐饮服务,快餐厅,['披萨']
B0FFI68R5S,[],西式快餐,[],[],餐饮服务;快餐厅;麦当劳,[],[],050302,0,[],滨江区,[],0571-86482092,B0FFHJLPYI,江陵路1916号星耀城二期南区1层,[],浙江省,diner,杭州市,202,"麦辣鸡翅,不素之霸双层牛堡,香骨鸡腿,巨无霸,牛肉,汉堡,薯条,双人餐",麦当劳(星耀城二期城市生活广场店),"120.216635,30.210909",[],[],[],,,TRUE,TRUE,FALSE,FALSE,餐饮服务;快餐厅;麦当劳,餐饮服务,快餐厅,"['麦辣鸡翅', '不素之霸双层牛堡', '香骨鸡腿', '巨无霸', '牛肉', '汉堡', '薯条', '双人餐']"
B0FFFFYPWK,[],西式快餐,[],[],餐饮服务;快餐厅;麦当劳,[],[],050302,0,[],上城区,[],0571-88101159;4000517117,B0FFFX4D0L,中山中路558号一层部分(原浦发银行),[],浙江省,diner,杭州市,202,"奥利奥原味麦旋风,抹茶甜筒,鲜美烟肉早晨全餐配鲜煮咖啡,麦香鸡,麦香鱼汉堡中套餐,麦辣鸡翅块,经典麦辣鸡腿汉堡,奶油坚果酱蛋牛堡,那么大鸡排,菠萝派,美味鲜蔬杯,猪柳蛋堡配脆薯饼,朱古力新地,麦辣鸡腿汉堡中套餐,巨无霸大套餐,薯条,汉堡",麦当劳(庆春路餐厅),"120.169847,30.257797",[],[],[],,,TRUE,TRUE,FALSE,FALSE,餐饮服务;快餐厅;麦当劳,餐饮服务,快餐厅,"['奥利奥原味麦旋风', '抹茶甜筒', '鲜美烟肉早晨全餐配鲜煮咖啡', '麦香鸡', '麦香鱼汉堡中套餐', '麦辣鸡翅块', '经典麦辣鸡腿汉堡', '奶油坚果酱蛋牛堡', '那么大鸡排', '菠萝派', '美味鲜蔬杯', '猪柳蛋堡配脆薯饼', '朱古力新地', '麦辣鸡腿汉堡中套餐', '巨无霸大套餐', '薯条', '汉堡']"
B023B07SJZ,[],西式快餐,[],[],餐饮服务;快餐厅;快餐厅,[],[],050300,0,[],上城区,[],18072845215,B0IUGANSP1,高银街123号(西泠印社东门旁),[],浙江省,diner,杭州市,302,"中国汉堡,汉堡",塔斯汀中国汉堡(杭州市河坊街店),"120.168161,30.240541",[],[],[],,,TRUE,TRUE,FALSE,FALSE,餐饮服务;快餐厅;快餐厅,餐饮服务,快餐厅,"['中国汉堡', '汉堡']"
B023B14NK3,[],西式快餐,[],[],餐饮服务;快餐厅;麦当劳,[],[],050302,0,[],上城区,[],0571-87002088;4008517517,B023B032KR,延安路98号西湖银泰一楼L1-96号商铺(近吴山广场),[],浙江省,diner,杭州市,201,"麻麻黑甜筒,薯条就酱,菠萝派,麦乐鸡块,香草奶昔,麦旋风,香芋派,麦辣鸡翅块,摩卡咖啡,橙汁,红豆派,双吉,鸡排早晨全餐,双层吉士汉堡,谷物鸡肉麦鲜粥,汉堡,薯条",麦当劳(西湖银泰百货店),"120.165970,30.242898",[],[],[],,,TRUE,TRUE,FALSE,FALSE,餐饮服务;快餐厅;麦当劳,餐饮服务,快餐厅,"['麻麻黑甜筒', '薯条就酱', '菠萝派', '麦乐鸡块', '香草奶昔', '麦旋风', '香芋派', '麦辣鸡翅块', '摩卡咖啡', '橙汁', '红豆派', '双吉', '鸡排早晨全餐', '双层吉士汉堡', '谷物鸡肉麦鲜粥', '汉堡', '薯条']"
B0FFJRBZLD,[],西式快餐,[],[],餐饮服务;快餐厅;麦当劳,[],[],050302,0,[],滨江区,[],4009200205,B0I6LZYA6C,"长河街道滨盛路1766号星光城2楼L236,L237",[],浙江省,diner,杭州市,202,"麦当劳超值嗨餐,（2-3人餐）,板烧美味三件套,麦辣美味三件套,原味板烧鸡腿麦满分组合,大脆鸡扒麦满分组合,人气美味尽享套餐,双人餐,薯条,鸡肉",麦当劳(杭州滨江星光大道二期),"120.206637,30.210545",[],[],[],,,TRUE,TRUE,FALSE,FALSE,餐饮服务;快餐厅;麦当劳,餐饮服务,快餐厅,"['麦当劳超值嗨餐', '（2-3人餐）', '板烧美味三件套', '麦辣美味三件套', '原味板烧鸡腿麦满分组合', '大脆鸡扒麦满分组合', '人气美味尽享套餐', '双人餐', '薯条', '鸡肉']"
B023B09GG3,[],小吃快餐,[],[],餐饮服务;快餐厅;必胜客,[],[],050303,0,[],上城区,[],021-59097777,B023B05MGE,解百商厦A座北门解放路249号一层,[],浙江省,diner,杭州市,201,"鸡翅鸡翅,四拼至尊披萨,雪域抹茶蛋糕,自助色拉,爱之丘提拉米苏,超级至尊,香草凤尾虾,酥皮蛤蜊汤,烤蜗牛,美式香酥薯格,色拉,风情香鸡翼,伯爵奶茶,海陆芝心披萨,西西里风情肉酱千层面,下午茶,披萨,汉堡,牛排",必胜客(杭州解百店),"120.165466,30.249982",[],[],[],,,TRUE,TRUE,FALSE,FALSE,餐饮服务;快餐厅;必胜客,餐饮服务,快餐厅,"['鸡翅鸡翅', '四拼至尊披萨', '雪域抹茶蛋糕', '自助色拉', '爱之丘提拉米苏', '超级至尊', '香草凤尾虾', '酥皮蛤蜊汤', '烤蜗牛', '美式香酥薯格', '色拉', '风情香鸡翼', '伯爵奶茶', '海陆芝心披萨', '西西里风情肉酱千层面', '下午茶', '披萨', '汉堡', '牛排']"
B023B09JJH,[],西式快餐,[],[],餐饮服务;快餐厅;快餐厅,[],[],050300,0,[],拱墅区,[],13116798684,B0FFKS83UE,中山北路243号(中河北路地铁站B2口步行370米),[],浙江省,diner,杭州市,320,"汉堡,薯条",屠夫汉堡(中山北路店),"120.168788,30.263415",[],[],[],,,TRUE,TRUE,FALSE,FALSE,餐饮服务;快餐厅;快餐厅,餐饮服务,快餐厅,"['汉堡', '薯条']"
[],[],西式快餐,[],[],餐饮服务;快餐厅;快餐厅,[],[],050300,0,[],上城区,[],0571-89150116;15990025287,B0HKYGNQHM,延安路88号104-105-106商铺,[],浙江省,diner,杭州市,[],"单人餐,双人餐,汉堡",汉堡王(杭州延安路中信),"120.164838,30.242781",[],[],[],,,TRUE,TRUE,FALSE,FALSE,餐饮服务;快餐厅;快餐厅,餐饮服务,快餐厅,"['单人餐', '双人餐', '汉堡']"
B0FFF2XIYS,[],小吃快餐,[],[],餐饮服务;快餐厅;肯德基,[],[],050301,0,[],滨江区,[],021-59097778,B023B0BIU1,江南大道228号星光大道商业街一楼,[],浙江省,diner,杭州市,201,"KFC芋缘花淇淋,葡式蛋挞,芋缘花淇淋,KFC香辣（劲脆）鸡腿堡,吮指原味鸡,可乐,伴柠伴桔鲜果茶,现磨咖啡,新奥尔良烤鸡腿堡,KFC老北京鸡肉卷,小食拼盘,蔬菜沙拉,醇香土豆泥,薯条,海苔岩烧大鸡腿饭,黄金鸡块,红豆派,鸡米花,玉米沙拉,香辣鸡翅,肯大大鸡排,双人餐,汉堡",肯德基(星光店),"120.209180,30.207252",[],[],[],,,TRUE,TRUE,FALSE,FALSE,餐饮服务;快餐厅;肯德基,餐饮服务,快餐厅,"['KFC芋缘花淇淋', '葡式蛋挞', '芋缘花淇淋', 'KFC香辣（劲脆）鸡腿堡', '吮指原味鸡', '可乐', '伴柠伴桔鲜果茶', '现磨咖啡', '新奥尔良烤鸡腿堡', 'KFC老北京鸡肉卷', '小食拼盘', '蔬菜沙拉', '醇香土豆泥', '薯条', '海苔岩烧大鸡腿饭', '黄金鸡块', '红豆派', '鸡米花', '玉米沙拉', '香辣鸡翅', '肯大大鸡排', '双人餐', '汉堡']"
B023B1769C,[],西式快餐,[],[],餐饮服务;快餐厅;麦当劳,[],[],050302,0,[],上城区,[],0571-87087756;4000517117,B023B13IU0,延安南路139号涌金广场一层,[],浙江省,diner,杭州市,202,"可乐鸡翅,家有金桶（汉堡版）,家有金桶（脆鸡版）,人气美味尽享套餐,原味板烧鸡腿麦满分组合,板烧美味三件套,麦当劳超值嗨餐,（2-3人餐）,麦辣美味三件套,巨无霸汉堡,大脆鸡扒麦满分组合,麦辣鸡腿堡,安格斯系列,汉堡,薯条",麦当劳(涌金餐厅),"120.164081,30.247323",[],[],[],,,TRUE,TRUE,FALSE,FALSE,餐饮服务;快餐厅;麦当劳,餐饮服务,快餐厅,"['可乐鸡翅', '家有金桶（汉堡版）', '家有金桶（脆鸡版）', '人气美味尽享套餐', '原味板烧鸡腿麦满分组合', '板烧美味三件套', '麦当劳超值嗨餐', '（2-3人餐）', '麦辣美味三件套', '巨无霸汉堡', '大脆鸡扒麦满分组合', '麦辣鸡腿堡', '安格斯系列', '汉堡', '薯条']"
B023B0BP4V,[],西式快餐,[],[],餐饮服务;快餐厅;麦当劳,[],[],050302,0,[],滨江区,[],0571-88856705;0571-88856917;4008517517,B023B14FSC,江南大道228号星光国际广场3幢1F层,[],浙江省,diner,杭州市,201,"家有金桶（脆鸡版）,家有金桶（汉堡版）,可乐鸡翅,麦当劳超值嗨餐,（2-3人餐）,板烧美味三件套,麦辣美味三件套,人气美味尽享套餐,原味板烧鸡腿麦满分组合,大脆鸡扒麦满分组合,巨无霸汉堡,麦辣鸡腿堡,安格斯系列,汉堡",麦当劳(星光国际公馆·首座店),"120.208322,30.208145",[],[],[],,,TRUE,TRUE,FALSE,FALSE,餐饮服务;快餐厅;麦当劳,餐饮服务,快餐厅,"['家有金桶（脆鸡版）', '家有金桶（汉堡版）', '可乐鸡翅', '麦当劳超值嗨餐', '（2-3人餐）', '板烧美味三件套', '麦辣美味三件套', '人气美味尽享套餐', '原味板烧鸡腿麦满分组合', '大脆鸡扒麦满分组合', '巨无霸汉堡', '麦辣鸡腿堡', '安格斯系列', '汉堡']"
[],[],西式快餐,[],[],餐饮服务;快餐厅;麦当劳,[],[],050302,0,[],上城区,[],0571-82489433,B0L1HRYS1R,湖滨街道延安路292号工联CC2层,[],浙江省,diner,杭州市,[],"薯条,双人餐",麦当劳(工联大厦店)餐厅,"120.164907,30.255487",[],[],[],,,TRUE,TRUE,FALSE,FALSE,餐饮服务;快餐厅;麦当劳,餐饮服务,快餐厅,"['薯条', '双人餐']"
B0FFL9RQ5O,[],小吃快餐,[],[],餐饮服务;快餐厅;肯德基,[],[],050301,0,[],上城区,[],021-59097778,B023B02KDF,东坡路8号,[],浙江省,diner,杭州市,324,"玉米沙拉,蔬菜沙拉,醇香土豆泥,薯条,海苔岩烧大鸡腿饭,黄金鸡块,伴柠伴桔鲜果茶,现磨咖啡,新奥尔良烤鸡腿堡,红豆派,香辣鸡翅,KFC老北京鸡肉卷,小食拼盘,肯大大鸡排,KFC芋缘花淇淋,葡式蛋挞,芋缘花淇淋,KFC香辣（劲脆）鸡腿堡,吮指原味鸡,可乐,鸡米花,汉堡,鸡肉",肯德基(杭州湖滨店),"120.163109,30.252429",[],[],[],,,TRUE,TRUE,FALSE,FALSE,餐饮服务;快餐厅;肯德基,餐饮服务,快餐厅,"['玉米沙拉', '蔬菜沙拉', '醇香土豆泥', '薯条', '海苔岩烧大鸡腿饭', '黄金鸡块', '伴柠伴桔鲜果茶', '现磨咖啡', '新奥尔良烤鸡腿堡', '红豆派', '香辣鸡翅', 'KFC老北京鸡肉卷', '小食拼盘', '肯大大鸡排', 'KFC芋缘花淇淋', '葡式蛋挞', '芋缘花淇淋', 'KFC香辣（劲脆）鸡腿堡', '吮指原味鸡', '可乐', '鸡米花', '汉堡', '鸡肉']"
B0FFIMEKW0,[],西式快餐,[],[],餐饮服务;快餐厅;麦当劳,[],[],050302,0,[],上城区,[],0571-28284112,B0FFINN9H1,湖滨街道延安路227号(龙翔桥地铁站C口步行140米),[],浙江省,diner,杭州市,202,薯条,麦当劳(杭州西湖东坡酒店店),"120.163950,30.253157",[],[],[],,,TRUE,TRUE,FALSE,FALSE,餐饮服务;快餐厅;麦当劳,餐饮服务,快餐厅,['薯条']
B0FFIXM2WF,[],西式快餐,[],[],餐饮服务;快餐厅;快餐厅,[],[],050300,0,[],萧山区,[],15306508220,B0J2PSB7GV,宁围街道鸿宁路,[],浙江省,diner,杭州市,202,"汉堡,鸡肉串,中国汉堡",塔斯汀中国汉堡(杭州市萧山望京店),"120.253616,30.238315",[],[],[],,,TRUE,TRUE,FALSE,FALSE,餐饮服务;快餐厅;快餐厅,餐饮服务,快餐厅,"['汉堡', '鸡肉串', '中国汉堡']"
B0FFF2XIYS,[],小吃快餐,[],[],餐饮服务;快餐厅;必胜客,[],[],050303,0,[],滨江区,[],021-59097777,B023B14ZIS,长河街道江南大道228号星光国际广场1-102号,[],浙江省,diner,杭州市,201,"意大利面,柠檬红茶,水果披萨,人气小吃,芝士焗薯蓉,披萨意汤,蝴蝶虾,薯格,口口香,海鲜饭,瑶柱海鲜饭,海鲜pizza,商务餐,酥皮奶油蛤蜊汤,意面,下午茶,汉堡,牛排,披萨",必胜客(杭州滨江店),"120.209245,30.207087",[],[],[],,,TRUE,TRUE,FALSE,FALSE,餐饮服务;快餐厅;必胜客,餐饮服务,快餐厅,"['意大利面', '柠檬红茶', '水果披萨', '人气小吃', '芝士焗薯蓉', '披萨意汤', '蝴蝶虾', '薯格', '口口香', '海鲜饭', '瑶柱海鲜饭', '海鲜pizza', '商务餐', '酥皮奶油蛤蜊汤', '意面', '下午茶', '汉堡', '牛排', '披萨']"
B023B1FPA0,[],西式快餐,[],[],餐饮服务;快餐厅;麦当劳,[],[],050302,0,[],拱墅区,[],4008517517,B0FFGAR13T,武林街道延安路310号茶叶大厦,[],浙江省,diner,杭州市,202,"汉堡,薯条,鸡翅,鸡肉",麦当劳(杭州拱墅区茶叶大厦餐厅),"120.164383,30.258631",[],[],[],,,TRUE,TRUE,FALSE,FALSE,餐饮服务;快餐厅;麦当劳,餐饮服务,快餐厅,"['汉堡', '薯条', '鸡翅', '鸡肉']"
B0LG4HDUCV,[],小吃快餐,[],[],餐饮服务;快餐厅;快餐厅,[],[],050300,0,[],萧山区,[],0571-86789657;4008988788,B0FFK1YOLY,市心北路2000号归谷大厦1层1F-05号商铺,[],浙江省,diner,杭州市,202,"鸡肉,双人餐,单人餐,汉堡,薯条",汉堡王(杭州宁城大厦),"120.255852,30.235696",[],[],[],,,TRUE,TRUE,FALSE,FALSE,餐饮服务;快餐厅;快餐厅,餐饮服务,快餐厅,"['鸡肉', '双人餐', '单人餐', '汉堡', '薯条']"
B023B018A8,[],小吃快餐,[],[],餐饮服务;快餐厅;肯德基,[],[],050301,0,[],拱墅区,[],021-59097778,B0FFI6SUVN,延安路352号凤起地铁站商业街C5出入口B1层,[],浙江省,diner,杭州市,202,"KFC老北京鸡肉卷,香辣鸡翅,玉米沙拉,KFC芋缘花淇淋,葡式蛋挞,芋缘花淇淋,KFC香辣（劲脆）鸡腿堡,吮指原味鸡,可乐,小食拼盘,鸡米花,伴柠伴桔鲜果茶,现磨咖啡,新奥尔良烤鸡腿堡,海苔岩烧大鸡腿饭,黄金鸡块,蔬菜沙拉,醇香土豆泥,薯条,红豆派,肯大大鸡排,双人餐,汉堡",肯德基(凤起路地铁店),"120.164092,30.260030",[],[],[],,,TRUE,TRUE,FALSE,FALSE,餐饮服务;快餐厅;肯德基,餐饮服务,快餐厅,"['KFC老北京鸡肉卷', '香辣鸡翅', '玉米沙拉', 'KFC芋缘花淇淋', '葡式蛋挞', '芋缘花淇淋', 'KFC香辣（劲脆）鸡腿堡', '吮指原味鸡', '可乐', '小食拼盘', '鸡米花', '伴柠伴桔鲜果茶', '现磨咖啡', '新奥尔良烤鸡腿堡', '海苔岩烧大鸡腿饭', '黄金鸡块', '蔬菜沙拉', '醇香土豆泥', '薯条', '红豆派', '肯大大鸡排', '双人餐', '汉堡']"
B0FFF3VFRV,[],西式快餐,[],[],餐饮服务;快餐厅;麦当劳,[],[],050302,0,[],萧山区,[],0571-86789073,B0FFK9K1KN,盈丰街道皓月路171号京港国际1层,[],浙江省,diner,杭州市,320,"人气美味尽享套餐,原味板烧鸡腿麦满分组合,板烧美味三件套,家有金桶（脆鸡版）,大脆鸡扒麦满分组合,麦辣美味三件套,可乐鸡翅,麦当劳超值嗨餐,（2-3人餐）,麦辣鸡腿堡,安格斯系列,巨无霸汉堡,家有金桶（汉堡版）,双人餐,汉堡,薯条",麦当劳(杭州萧山京港国际店),"120.255973,30.233970",[],[],[],,,TRUE,TRUE,FALSE,FALSE,餐饮服务;快餐厅;麦当劳,餐饮服务,快餐厅,"['人气美味尽享套餐', '原味板烧鸡腿麦满分组合', '板烧美味三件套', '家有金桶（脆鸡版）', '大脆鸡扒麦满分组合', '麦辣美味三件套', '可乐鸡翅', '麦当劳超值嗨餐', '（2-3人餐）', '麦辣鸡腿堡', '安格斯系列', '巨无霸汉堡', '家有金桶（汉堡版）', '双人餐', '汉堡', '薯条']"
[],[],西式快餐,[],[],餐饮服务;快餐厅;快餐厅,[],[],050300,0,[],上城区,[],4001597597,B0GRYDSPUU,闸弄口街道天城路98号一层,[],浙江省,diner,杭州市,[],"南美肋眼牛排比萨,经典大阪烧风味海陆比萨,西西里风情尊牛多多笋鲜比萨,可可火山饼底,苏丹王榴莲红毛丹比萨,美式豪情牛肉培根菠萝比萨,照烧风味牛肉土豆比萨,金尊鲍鱼扇贝比萨,马德里风情牛腩大虾比萨,托斯卡纳风情芝浓三文鱼比萨,冬日暖饮,火山饼底,美国风情土豆培根比萨,果肉榴莲比萨,经典意式肉酱比萨,金枪鱼海鲜荟萃比萨,黑松露风味菌菇鸡肉比萨,苏丹王榴莲多多给荔比萨,嫩滋肋眼牛排,芝士焗烤嫩汁三文鱼,金尊猫山王榴莲多多比萨,意大利雪球芝士多肉多芝比萨,新加坡砂煲风味腊肠鸡肉比萨,呼伦贝尔羔羊排,香甜双虾菠萝比萨,英式惠灵顿菲力牛排比萨,可可熔岩芝士流心卷边,双人餐",达美乐比萨(天城路店),"120.196893,30.286293",[],[],[],,,TRUE,TRUE,FALSE,FALSE,餐饮服务;快餐厅;快餐厅,餐饮服务,快餐厅,"['南美肋眼牛排比萨', '经典大阪烧风味海陆比萨', '西西里风情尊牛多多笋鲜比萨', '可可火山饼底', '苏丹王榴莲红毛丹比萨', '美式豪情牛肉培根菠萝比萨', '照烧风味牛肉土豆比萨', '金尊鲍鱼扇贝比萨', '马德里风情牛腩大虾比萨', '托斯卡纳风情芝浓三文鱼比萨', '冬日暖饮', '火山饼底', '美国风情土豆培根比萨', '果肉榴莲比萨', '经典意式肉酱比萨', '金枪鱼海鲜荟萃比萨', '黑松露风味菌菇鸡肉比萨', '苏丹王榴莲多多给荔比萨', '嫩滋肋眼牛排', '芝士焗烤嫩汁三文鱼', '金尊猫山王榴莲多多比萨', '意大利雪球芝士多肉多芝比萨', '新加坡砂煲风味腊肠鸡肉比萨', '呼伦贝尔羔羊排', '香甜双虾菠萝比萨', '英式惠灵顿菲力牛排比萨', '可可熔岩芝士流心卷边', '双人餐']"
[],[],小吃快餐,[],[],餐饮服务;快餐厅;肯德基,[],[],050301,0,[],上城区,[],021-59097778,B0FFF6XIH5,天城路86号(皇冠酒店旁),[],浙江省,diner,杭州市,[],"玉米沙拉,伴柠伴桔鲜果茶,现磨咖啡,新奥尔良烤鸡腿堡,海苔岩烧大鸡腿饭,黄金鸡块,香辣鸡翅,KFC老北京鸡肉卷,小食拼盘,红豆派,蔬菜沙拉,醇香土豆泥,薯条,KFC芋缘花淇淋,葡式蛋挞,芋缘花淇淋,KFC香辣（劲脆）鸡腿堡,吮指原味鸡,可乐,肯大大鸡排,鸡米花,双人餐,汉堡,单人餐",肯德基(天成店),"120.199964,30.287353",[],[],[],,,TRUE,TRUE,FALSE,FALSE,餐饮服务;快餐厅;肯德基,餐饮服务,快餐厅,"['玉米沙拉', '伴柠伴桔鲜果茶', '现磨咖啡', '新奥尔良烤鸡腿堡', '海苔岩烧大鸡腿饭', '黄金鸡块', '香辣鸡翅', 'KFC老北京鸡肉卷', '小食拼盘', '红豆派', '蔬菜沙拉', '醇香土豆泥', '薯条', 'KFC芋缘花淇淋', '葡式蛋挞', '芋缘花淇淋', 'KFC香辣（劲脆）鸡腿堡', '吮指原味鸡', '可乐', '肯大大鸡排', '鸡米花', '双人餐', '汉堡', '单人餐']"
B0H35H3MFA,[],西式快餐,[],[],餐饮服务;快餐厅;肯德基,[],[],050301,0,[],上城区,[],0571-66668888;0571-86767813;4009200715,B0FFHID1OJ,机场路1巷衣之家城市广场1层,[],浙江省,diner,杭州市,202,"玉米沙拉,海苔岩烧大鸡腿饭,黄金鸡块,鸡米花,香辣鸡翅,肯大大鸡排,红豆派,蔬菜沙拉,醇香土豆泥,薯条,KFC芋缘花淇淋,葡式蛋挞,芋缘花淇淋,KFC香辣（劲脆）鸡腿堡,吮指原味鸡,可乐,小食拼盘,KFC老北京鸡肉卷,伴柠伴桔鲜果茶,现磨咖啡,新奥尔良烤鸡腿堡,汉堡",肯德基(天城国际店),"120.192431,30.285505",[],[],[],,,TRUE,TRUE,FALSE,FALSE,餐饮服务;快餐厅;肯德基,餐饮服务,快餐厅,"['玉米沙拉', '海苔岩烧大鸡腿饭', '黄金鸡块', '鸡米花', '香辣鸡翅', '肯大大鸡排', '红豆派', '蔬菜沙拉', '醇香土豆泥', '薯条', 'KFC芋缘花淇淋', '葡式蛋挞', '芋缘花淇淋', 'KFC香辣（劲脆）鸡腿堡', '吮指原味鸡', '可乐', '小食拼盘', 'KFC老北京鸡肉卷', '伴柠伴桔鲜果茶', '现磨咖啡', '新奥尔良烤鸡腿堡', '汉堡']"
B0FFG56P7H,[],小吃快餐,[],[],餐饮服务;快餐厅;快餐厅,[],[],050300,0,[],拱墅区,[],0571-85175020,B0IB9A3DLR,延安路385号杭州嘉里中心3栋1层L101-102号商铺,[],浙江省,diner,杭州市,201,"薯条,汉堡,牛肉",Shake Shack(杭州嘉里中心店),"120.162897,30.259572",[],[],[],,,TRUE,TRUE,FALSE,FALSE,餐饮服务;快餐厅;快餐厅,餐饮服务,快餐厅,"['薯条', '汉堡', '牛肉']"
[],[],西式快餐,[],[],餐饮服务;快餐厅;快餐厅,[],[],050300,0,[],拱墅区,[],13336147565,B0K6A7SIJ7,凤起路431号(凤麟社区西北门西50米),[],浙江省,diner,杭州市,[],"中国汉堡,汉堡,鸡肉,鸡肉串",塔斯汀中国汉堡(杭州市拱墅凤起路店),"120.164592,30.263846",[],[],[],,,TRUE,TRUE,FALSE,FALSE,餐饮服务;快餐厅;快餐厅,餐饮服务,快餐厅,"['中国汉堡', '汉堡', '鸡肉', '鸡肉串']"
[],[],小吃快餐,[],[],餐饮服务;快餐厅;肯德基,[],[],050301,0,[],拱墅区,[],021-59097778,B023B1DTI6,朝晖路108号,[],浙江省,diner,杭州市,[],"香辣鸡翅,蔬菜沙拉,醇香土豆泥,薯条,海苔岩烧大鸡腿饭,黄金鸡块,KFC老北京鸡肉卷,小食拼盘,伴柠伴桔鲜果茶,现磨咖啡,新奥尔良烤鸡腿堡,玉米沙拉,KFC芋缘花淇淋,葡式蛋挞,芋缘花淇淋,KFC香辣（劲脆）鸡腿堡,吮指原味鸡,可乐,肯大大鸡排,红豆派,鸡米花,双人餐,汉堡,单人餐",肯德基(杭州和平饭店),"120.177359,30.278834",[],[],[],,,TRUE,TRUE,FALSE,FALSE,餐饮服务;快餐厅;肯德基,餐饮服务,快餐厅,"['香辣鸡翅', '蔬菜沙拉', '醇香土豆泥', '薯条', '海苔岩烧大鸡腿饭', '黄金鸡块', 'KFC老北京鸡肉卷', '小食拼盘', '伴柠伴桔鲜果茶', '现磨咖啡', '新奥尔良烤鸡腿堡', '玉米沙拉', 'KFC芋缘花淇淋', '葡式蛋挞', '芋缘花淇淋', 'KFC香辣（劲脆）鸡腿堡', '吮指原味鸡', '可乐', '肯大大鸡排', '红豆派', '鸡米花', '双人餐', '汉堡', '单人餐']"
[],[],小吃快餐,[],[],餐饮服务;快餐厅;肯德基,[],[],050301,0,[],拱墅区,[],021-59097778,B0MDG5R9CB,体育场路269号肯德基,[],浙江省,diner,杭州市,[],"蔬菜沙拉,醇香土豆泥,薯条,伴柠伴桔鲜果茶,现磨咖啡,新奥尔良烤鸡腿堡,香辣鸡翅,海苔岩烧大鸡腿饭,黄金鸡块,KFC芋缘花淇淋,葡式蛋挞,芋缘花淇淋,KFC香辣（劲脆）鸡腿堡,吮指原味鸡,可乐,鸡米花,红豆派,肯大大鸡排,KFC老北京鸡肉卷,小食拼盘,玉米沙拉,单人餐,双人餐,汉堡",肯德基(杭州新天水店),"120.167370,30.269642",[],[],[],,,TRUE,TRUE,FALSE,FALSE,餐饮服务;快餐厅;肯德基,餐饮服务,快餐厅,"['蔬菜沙拉', '醇香土豆泥', '薯条', '伴柠伴桔鲜果茶', '现磨咖啡', '新奥尔良烤鸡腿堡', '香辣鸡翅', '海苔岩烧大鸡腿饭', '黄金鸡块', 'KFC芋缘花淇淋', '葡式蛋挞', '芋缘花淇淋', 'KFC香辣（劲脆）鸡腿堡', '吮指原味鸡', '可乐', '鸡米花', '红豆派', '肯大大鸡排', 'KFC老北京鸡肉卷', '小食拼盘', '玉米沙拉', '单人餐', '双人餐', '汉堡']"
[],[],西式快餐,[],[],餐饮服务;快餐厅;麦当劳,[],[],050302,0,[],上城区,[],4009200205,B0I217QOAW,湖滨路39号华侨饭店3号楼一楼101室麦当劳,[],浙江省,diner,杭州市,[],"汉堡,鸡肉,柠檬茶,牛肉",麦当劳(华侨饭店店),"120.160214,30.256229",[],[],[],,,TRUE,TRUE,FALSE,FALSE,餐饮服务;快餐厅;麦当劳,餐饮服务,快餐厅,"['汉堡', '鸡肉', '柠檬茶', '牛肉']"
B023B1FOVU,[],小吃快餐,[],[],餐饮服务;快餐厅;快餐厅,[],[],050300,0,[],拱墅区,[],021-59097778,B0MDGSOYDM,"延安路462号,464号1层",[],浙江省,diner,杭州市,202,"双人餐,下午茶,汉堡,单人餐,薯条",肯德基(杭州经贸店),"120.164060,30.264277",[],[],[],,,TRUE,TRUE,FALSE,FALSE,餐饮服务;快餐厅;快餐厅,餐饮服务,快餐厅,"['双人餐', '下午茶', '汉堡', '单人餐', '薯条']"
B0FFHBJOFN,[],西式快餐,[],[],餐饮服务;快餐厅;麦当劳,[],[],050302,0,[],拱墅区,[],0571-86517051;4009200205,B0IUPUGSWX,延安路609号国大城市广场B2层,[],浙江省,diner,杭州市,202,"牛肉,鸡肉,双人餐,汉堡,薯条",麦当劳(国大城市广场店),"120.162123,30.269463",[],[],[],,,TRUE,TRUE,FALSE,FALSE,餐饮服务;快餐厅;麦当劳,餐饮服务,快餐厅,"['牛肉', '鸡肉', '双人餐', '汉堡', '薯条']"
B0GUCH4OZ9,[],西式快餐,[],[],餐饮服务;快餐厅;麦当劳,[],[],050302,0,[],滨江区,[],0571-85371269,B0I26CH7MZ,滨和路598号,[],浙江省,diner,杭州市,202,"双人餐,薯条,汉堡",麦当劳(星耀中心店),"120.222761,30.201224",[],[],[],,,TRUE,TRUE,FALSE,FALSE,餐饮服务;快餐厅;麦当劳,餐饮服务,快餐厅,"['双人餐', '薯条', '汉堡']"
[],[],西式快餐,[],[],餐饮服务;快餐厅;麦当劳,[],[],050302,0,[],拱墅区,[],4009200205,B0I11D8FYR,西湖文化广场9-4号,[],浙江省,diner,杭州市,[],"汉堡,鸡肉,薯条,双人餐",麦当劳(西湖文化广场店),"120.163656,30.277249",[],[],[],,,TRUE,TRUE,FALSE,FALSE,餐饮服务;快餐厅;麦当劳,餐饮服务,快餐厅,"['汉堡', '鸡肉', '薯条', '双人餐']"
B0FFIA8MLF,[],小吃快餐,[],[],餐饮服务;快餐厅;肯德基,[],[],050301,0,[],拱墅区,[],021-59097778,B023B09LTL,凤起路519号3幢,[],浙江省,diner,杭州市,202,"海苔岩烧大鸡腿饭,黄金鸡块,蔬菜沙拉,醇香土豆泥,薯条,红豆派,伴柠伴桔鲜果茶,现磨咖啡,新奥尔良烤鸡腿堡,肯大大鸡排,KFC芋缘花淇淋,葡式蛋挞,芋缘花淇淋,KFC香辣（劲脆）鸡腿堡,吮指原味鸡,可乐,鸡米花,香辣鸡翅,小食拼盘,KFC老北京鸡肉卷,玉米沙拉,双人餐,汉堡,单人餐",肯德基(杭州武林服饰城店),"120.160841,30.262896",[],[],[],,,TRUE,TRUE,FALSE,FALSE,餐饮服务;快餐厅;肯德基,餐饮服务,快餐厅,"['海苔岩烧大鸡腿饭', '黄金鸡块', '蔬菜沙拉', '醇香土豆泥', '薯条', '红豆派', '伴柠伴桔鲜果茶', '现磨咖啡', '新奥尔良烤鸡腿堡', '肯大大鸡排', 'KFC芋缘花淇淋', '葡式蛋挞', '芋缘花淇淋', 'KFC香辣（劲脆）鸡腿堡', '吮指原味鸡', '可乐', '鸡米花', '香辣鸡翅', '小食拼盘', 'KFC老北京鸡肉卷', '玉米沙拉', '双人餐', '汉堡', '单人餐']"
B0FFGQ2Z5N,[],西式快餐,[],[],餐饮服务;快餐厅;快餐厅,[],[],050300,0,[],上城区,[],0571-82192845,B0FFLMQNAQ,彭埠街道鸿泰路155号三花国际大厦一层,[],浙江省,diner,杭州市,202,"板烧美味三件套,大脆鸡扒麦满分组合,人气美味尽享套餐,麦辣美味三件套,可乐鸡翅,麦当劳超值嗨餐,（2-3人餐）,原味板烧鸡腿麦满分组合,家有金桶（汉堡版）,麦辣鸡腿堡,安格斯系列,巨无霸汉堡,家有金桶（脆鸡版）,双人餐,汉堡,薯条",麦当劳(三花国际大厦店),"120.224171,30.294608",[],[],[],,,TRUE,TRUE,FALSE,FALSE,餐饮服务;快餐厅;快餐厅,餐饮服务,快餐厅,"['板烧美味三件套', '大脆鸡扒麦满分组合', '人气美味尽享套餐', '麦辣美味三件套', '可乐鸡翅', '麦当劳超值嗨餐', '（2-3人餐）', '原味板烧鸡腿麦满分组合', '家有金桶（汉堡版）', '麦辣鸡腿堡', '安格斯系列', '巨无霸汉堡', '家有金桶（脆鸡版）', '双人餐', '汉堡', '薯条']"
B023B08WDR,[],西式快餐,[],[],餐饮服务;快餐厅;麦当劳,[],[],050302,0,[],上城区,[],0571-86936973,B0L0ARDAIK,彭埠街道天城路1号杭州东站3层,[],浙江省,diner,杭州市,202,"巨无霸汉堡,安格斯系列,麦辣鸡腿堡,板烧美味三件套,大脆鸡扒麦满分组合,人气美味尽享套餐,麦辣美味三件套,家有金桶（脆鸡版）,原味板烧鸡腿麦满分组合,麦当劳超值嗨餐,（2-3人餐）,家有金桶（汉堡版）,可乐鸡翅,汉堡",麦当劳(高铁东站出发夹层餐厅),"120.211687,30.291000",[],[],[],,,TRUE,TRUE,FALSE,FALSE,餐饮服务;快餐厅;麦当劳,餐饮服务,快餐厅,"['巨无霸汉堡', '安格斯系列', '麦辣鸡腿堡', '板烧美味三件套', '大脆鸡扒麦满分组合', '人气美味尽享套餐', '麦辣美味三件套', '家有金桶（脆鸡版）', '原味板烧鸡腿麦满分组合', '麦当劳超值嗨餐', '（2-3人餐）', '家有金桶（汉堡版）', '可乐鸡翅', '汉堡']"
B023B1DHB7,[],西式快餐,[],[],餐饮服务;快餐厅;快餐厅,[],[],050300,0,[],拱墅区,[],4001597597,B0FFIQ96PN,上塘路21号武林时代大厦一楼,[],浙江省,diner,杭州市,202,"美国风情土豆培根比萨,果肉榴莲比萨,经典意式肉酱比萨,金枪鱼海鲜荟萃比萨,黑松露风味菌菇鸡肉比萨,苏丹王榴莲多多给荔比萨,嫩滋肋眼牛排,芝士焗烤嫩汁三文鱼,香甜双虾菠萝比萨,英式惠灵顿菲力牛排比萨,可可熔岩芝士流心卷边,照烧风味牛肉土豆比萨,金尊鲍鱼扇贝比萨,马德里风情牛腩大虾比萨,托斯卡纳风情芝浓三文鱼比萨,冬日暖饮,火山饼底,金尊猫山王榴莲多多比萨,意大利雪球芝士多肉多芝比萨,新加坡砂煲风味腊肠鸡肉比萨,呼伦贝尔羔羊排,南美肋眼牛排比萨,经典大阪烧风味海陆比萨,西西里风情尊牛多多笋鲜比萨,可可火山饼底,苏丹王榴莲红毛丹比萨,美式豪情牛肉培根菠萝比萨,双人餐",达美乐比萨(上塘路店),"120.169332,30.278005",[],[],[],,,TRUE,TRUE,FALSE,FALSE,餐饮服务;快餐厅;快餐厅,餐饮服务,快餐厅,"['美国风情土豆培根比萨', '果肉榴莲比萨', '经典意式肉酱比萨', '金枪鱼海鲜荟萃比萨', '黑松露风味菌菇鸡肉比萨', '苏丹王榴莲多多给荔比萨', '嫩滋肋眼牛排', '芝士焗烤嫩汁三文鱼', '香甜双虾菠萝比萨', '英式惠灵顿菲力牛排比萨', '可可熔岩芝士流心卷边', '照烧风味牛肉土豆比萨', '金尊鲍鱼扇贝比萨', '马德里风情牛腩大虾比萨', '托斯卡纳风情芝浓三文鱼比萨', '冬日暖饮', '火山饼底', '金尊猫山王榴莲多多比萨', '意大利雪球芝士多肉多芝比萨', '新加坡砂煲风味腊肠鸡肉比萨', '呼伦贝尔羔羊排', '南美肋眼牛排比萨', '经典大阪烧风味海陆比萨', '西西里风情尊牛多多笋鲜比萨', '可可火山饼底', '苏丹王榴莲红毛丹比萨', '美式豪情牛肉培根菠萝比萨', '双人餐']"
B0FFI31CNG,[],小吃快餐,[],[],餐饮服务;快餐厅;肯德基,[],[],050301,0,[],滨江区,[],021-59097778,B0FFLKMY7U,江南大道与江汉路1515号龙湖天街4楼39-41号,[],浙江省,diner,杭州市,201,"玉米沙拉,肯大大鸡排,伴柠伴桔鲜果茶,现磨咖啡,新奥尔良烤鸡腿堡,蔬菜沙拉,醇香土豆泥,薯条,海苔岩烧大鸡腿饭,黄金鸡块,KFC老北京鸡肉卷,小食拼盘,红豆派,香辣鸡翅,鸡米花,KFC芋缘花淇淋,葡式蛋挞,芋缘花淇淋,KFC香辣（劲脆）鸡腿堡,吮指原味鸡,可乐,下午茶,单人餐,汉堡,双人餐",肯德基(滨江龙湖店),"120.204565,30.200991",[],[],[],,,TRUE,TRUE,FALSE,FALSE,餐饮服务;快餐厅;肯德基,餐饮服务,快餐厅,"['玉米沙拉', '肯大大鸡排', '伴柠伴桔鲜果茶', '现磨咖啡', '新奥尔良烤鸡腿堡', '蔬菜沙拉', '醇香土豆泥', '薯条', '海苔岩烧大鸡腿饭', '黄金鸡块', 'KFC老北京鸡肉卷', '小食拼盘', '红豆派', '香辣鸡翅', '鸡米花', 'KFC芋缘花淇淋', '葡式蛋挞', '芋缘花淇淋', 'KFC香辣（劲脆）鸡腿堡', '吮指原味鸡', '可乐', '下午茶', '单人餐', '汉堡', '双人餐']"
[],[],小吃快餐,[],[],餐饮服务;快餐厅;肯德基,[],[],050301,0,[],上城区,[],021-59097778,B0GKLZHIA2,东宁路与和兴路交叉口东南角杭州万象汇B145号商铺,[],浙江省,diner,杭州市,[],"下午茶,炸鸡,单人餐,薯条,双人餐,汉堡,鸡肉",肯德基(杭州东站万象汇店),"120.216237,30.295477",[],[],[],,,TRUE,TRUE,FALSE,FALSE,餐饮服务;快餐厅;肯德基,餐饮服务,快餐厅,"['下午茶', '炸鸡', '单人餐', '薯条', '双人餐', '汉堡', '鸡肉']"
B023B0BIT8,[],西式快餐,[],[],餐饮服务;快餐厅;肯德基,[],[],050301,0,[],拱墅区,[],4009200715,B023B1D46E,朝晖街道环城北路47号西湖文化广场C座8-1号,[],浙江省,diner,杭州市,302,"小食拼盘,鸡米花,香辣鸡翅,肯大大鸡排,KFC老北京鸡肉卷,红豆派,蔬菜沙拉,醇香土豆泥,薯条,伴柠伴桔鲜果茶,现磨咖啡,新奥尔良烤鸡腿堡,玉米沙拉,海苔岩烧大鸡腿饭,黄金鸡块,KFC芋缘花淇淋,葡式蛋挞,芋缘花淇淋,KFC香辣（劲脆）鸡腿堡,吮指原味鸡,可乐,汉堡,鸡肉",肯德基(西湖文化广场店),"120.164770,30.277472",[],[],[],,,TRUE,TRUE,FALSE,FALSE,餐饮服务;快餐厅;肯德基,餐饮服务,快餐厅,"['小食拼盘', '鸡米花', '香辣鸡翅', '肯大大鸡排', 'KFC老北京鸡肉卷', '红豆派', '蔬菜沙拉', '醇香土豆泥', '薯条', '伴柠伴桔鲜果茶', '现磨咖啡', '新奥尔良烤鸡腿堡', '玉米沙拉', '海苔岩烧大鸡腿饭', '黄金鸡块', 'KFC芋缘花淇淋', '葡式蛋挞', '芋缘花淇淋', 'KFC香辣（劲脆）鸡腿堡', '吮指原味鸡', '可乐', '汉堡', '鸡肉']"
B0FFIVLGEW,[],小吃快餐,[],[],餐饮服务;快餐厅;肯德基,[],[],050301,0,[],滨江区,[],021-59097778,B0FFFA7YXT,江晖路1266号1268号1270号,[],浙江省,diner,杭州市,202,"KFC芋缘花淇淋,葡式蛋挞,芋缘花淇淋,KFC香辣（劲脆）鸡腿堡,吮指原味鸡,可乐,玉米沙拉,伴柠伴桔鲜果茶,现磨咖啡,新奥尔良烤鸡腿堡,红豆派,肯大大鸡排,鸡米花,香辣鸡翅,KFC老北京鸡肉卷,黄金鸡块,蔬菜沙拉,醇香土豆泥,薯条,小食拼盘,海苔岩烧大鸡腿饭,单人餐,双人餐,汉堡",肯德基(中赢国际店),"120.211125,30.200639",[],[],[],,,TRUE,TRUE,FALSE,FALSE,餐饮服务;快餐厅;肯德基,餐饮服务,快餐厅,"['KFC芋缘花淇淋', '葡式蛋挞', '芋缘花淇淋', 'KFC香辣（劲脆）鸡腿堡', '吮指原味鸡', '可乐', '玉米沙拉', '伴柠伴桔鲜果茶', '现磨咖啡', '新奥尔良烤鸡腿堡', '红豆派', '肯大大鸡排', '鸡米花', '香辣鸡翅', 'KFC老北京鸡肉卷', '黄金鸡块', '蔬菜沙拉', '醇香土豆泥', '薯条', '小食拼盘', '海苔岩烧大鸡腿饭', '单人餐', '双人餐', '汉堡']"
B0FFIQEVZ4,[],西式快餐,[],[],餐饮服务;快餐厅;麦当劳,[],[],050302,0,[],上城区,[],0571-85127187,B0G33SVRQQ,花园兜路175号,[],浙江省,diner,杭州市,202,"可乐鸡翅,大脆鸡扒麦满分组合,人气美味尽享套餐,麦当劳超值嗨餐,（2-3人餐）,原味板烧鸡腿麦满分组合,板烧美味三件套,麦辣美味三件套,巨无霸汉堡,安格斯系列,麦辣鸡腿堡,家有金桶（脆鸡版）,家有金桶（汉堡版）,汉堡,双人餐,薯条,鸡肉",麦当劳(智谷国际人才大厦店),"120.214875,30.297715",[],[],[],,,TRUE,TRUE,FALSE,FALSE,餐饮服务;快餐厅;麦当劳,餐饮服务,快餐厅,"['可乐鸡翅', '大脆鸡扒麦满分组合', '人气美味尽享套餐', '麦当劳超值嗨餐', '（2-3人餐）', '原味板烧鸡腿麦满分组合', '板烧美味三件套', '麦辣美味三件套', '巨无霸汉堡', '安格斯系列', '麦辣鸡腿堡', '家有金桶（脆鸡版）', '家有金桶（汉堡版）', '汉堡', '双人餐', '薯条', '鸡肉']"
[],[],小吃快餐,[],[],餐饮服务;快餐厅;肯德基,[],[],050301,0,[],上城区,[],021-59097778,B023B07GC7,复兴路103号喜盈盈宾馆一楼,[],浙江省,diner,杭州市,[],"KFC芋缘花淇淋,葡式蛋挞,芋缘花淇淋,KFC香辣（劲脆）鸡腿堡,吮指原味鸡,可乐,海苔岩烧大鸡腿饭,黄金鸡块,蔬菜沙拉,醇香土豆泥,薯条,鸡米花,香辣鸡翅,KFC老北京鸡肉卷,红豆派,小食拼盘,肯大大鸡排,玉米沙拉,伴柠伴桔鲜果茶,现磨咖啡,新奥尔良烤鸡腿堡,双人餐,单人餐,汉堡",肯德基(杭州复兴店),"120.170628,30.213806",[],[],[],,,TRUE,TRUE,FALSE,FALSE,餐饮服务;快餐厅;肯德基,餐饮服务,快餐厅,"['KFC芋缘花淇淋', '葡式蛋挞', '芋缘花淇淋', 'KFC香辣（劲脆）鸡腿堡', '吮指原味鸡', '可乐', '海苔岩烧大鸡腿饭', '黄金鸡块', '蔬菜沙拉', '醇香土豆泥', '薯条', '鸡米花', '香辣鸡翅', 'KFC老北京鸡肉卷', '红豆派', '小食拼盘', '肯大大鸡排', '玉米沙拉', '伴柠伴桔鲜果茶', '现磨咖啡', '新奥尔良烤鸡腿堡', '双人餐', '单人餐', '汉堡']"
B0IRZC6G4Y,[],小吃快餐,[],[],餐饮服务;快餐厅;肯德基,[],[],050301,0,[],上城区,[],021-59097778,B0FFLNWQKK,环站东路与鸿泰路交叉口东北角4号楼1-011号,[],浙江省,diner,杭州市,202,"单人餐,炸鸡,薯条,下午茶,鸡肉,双人餐,汉堡",肯德基(杭州之翼店),"120.221928,30.294146",[],[],[],,,TRUE,TRUE,FALSE,FALSE,餐饮服务;快餐厅;肯德基,餐饮服务,快餐厅,"['单人餐', '炸鸡', '薯条', '下午茶', '鸡肉', '双人餐', '汉堡']"
B0FFHLM4UN,[],小吃快餐,[],[],餐饮服务;快餐厅;必胜客,[],[],050303,0,[],拱墅区,[],021-59097777,B0FFHCPQ08,环城北路47号西湖文化广场C区一层,[],浙江省,diner,杭州市,302,"金枕榴莲多多比萨,必胜硬核肉多多比萨,法式红酒厚切慢煮牛肋排,炙烤西冷牛排能量碗,黄金六两松板肉比萨,海鲜至尊比萨,牛排,披萨,汉堡",必胜客(杭州西湖文化广场店),"120.164035,30.277651",[],[],[],,,TRUE,TRUE,FALSE,FALSE,餐饮服务;快餐厅;必胜客,餐饮服务,快餐厅,"['金枕榴莲多多比萨', '必胜硬核肉多多比萨', '法式红酒厚切慢煮牛肋排', '炙烤西冷牛排能量碗', '黄金六两松板肉比萨', '海鲜至尊比萨', '牛排', '披萨', '汉堡']"
[],[],小吃快餐,[],[],餐饮服务;快餐厅;肯德基,[],[],050301,0,[],拱墅区,[],021-59097778,B023B08RQO,体育场路428-2号,[],浙江省,diner,杭州市,[],"海苔岩烧大鸡腿饭,黄金鸡块,伴柠伴桔鲜果茶,现磨咖啡,新奥尔良烤鸡腿堡,红豆派,KFC芋缘花淇淋,葡式蛋挞,芋缘花淇淋,KFC香辣（劲脆）鸡腿堡,吮指原味鸡,可乐,蔬菜沙拉,醇香土豆泥,薯条,肯大大鸡排,玉米沙拉,KFC老北京鸡肉卷,小食拼盘,香辣鸡翅,鸡米花,双人餐,汉堡",肯德基(杭州万象店),"120.156613,30.270917",[],[],[],,,TRUE,TRUE,FALSE,FALSE,餐饮服务;快餐厅;肯德基,餐饮服务,快餐厅,"['海苔岩烧大鸡腿饭', '黄金鸡块', '伴柠伴桔鲜果茶', '现磨咖啡', '新奥尔良烤鸡腿堡', '红豆派', 'KFC芋缘花淇淋', '葡式蛋挞', '芋缘花淇淋', 'KFC香辣（劲脆）鸡腿堡', '吮指原味鸡', '可乐', '蔬菜沙拉', '醇香土豆泥', '薯条', '肯大大鸡排', '玉米沙拉', 'KFC老北京鸡肉卷', '小食拼盘', '香辣鸡翅', '鸡米花', '双人餐', '汉堡']"
[],[],西式快餐,[],[],餐饮服务;快餐厅;快餐厅,[],[],050300,0,[],拱墅区,[],4001597597,B0FFH0AED2,体育场路426号第一层104-105号店面,[],浙江省,diner,杭州市,[],"照烧风味牛肉土豆比萨,金尊鲍鱼扇贝比萨,马德里风情牛腩大虾比萨,托斯卡纳风情芝浓三文鱼比萨,冬日暖饮,火山饼底,美国风情土豆培根比萨,果肉榴莲比萨,经典意式肉酱比萨,金枪鱼海鲜荟萃比萨,黑松露风味菌菇鸡肉比萨,苏丹王榴莲多多给荔比萨,嫩滋肋眼牛排,芝士焗烤嫩汁三文鱼,南美肋眼牛排比萨,经典大阪烧风味海陆比萨,西西里风情尊牛多多笋鲜比萨,可可火山饼底,苏丹王榴莲红毛丹比萨,美式豪情牛肉培根菠萝比萨,香甜双虾菠萝比萨,英式惠灵顿菲力牛排比萨,可可熔岩芝士流心卷边,金尊猫山王榴莲多多比萨,意大利雪球芝士多肉多芝比萨,新加坡砂煲风味腊肠鸡肉比萨,呼伦贝尔羔羊排,双人餐",达美乐比萨(体育场路店),"120.156873,30.270908",[],[],[],,,TRUE,TRUE,FALSE,FALSE,餐饮服务;快餐厅;快餐厅,餐饮服务,快餐厅,"['照烧风味牛肉土豆比萨', '金尊鲍鱼扇贝比萨', '马德里风情牛腩大虾比萨', '托斯卡纳风情芝浓三文鱼比萨', '冬日暖饮', '火山饼底', '美国风情土豆培根比萨', '果肉榴莲比萨', '经典意式肉酱比萨', '金枪鱼海鲜荟萃比萨', '黑松露风味菌菇鸡肉比萨', '苏丹王榴莲多多给荔比萨', '嫩滋肋眼牛排', '芝士焗烤嫩汁三文鱼', '南美肋眼牛排比萨', '经典大阪烧风味海陆比萨', '西西里风情尊牛多多笋鲜比萨', '可可火山饼底', '苏丹王榴莲红毛丹比萨', '美式豪情牛肉培根菠萝比萨', '香甜双虾菠萝比萨', '英式惠灵顿菲力牛排比萨', '可可熔岩芝士流心卷边', '金尊猫山王榴莲多多比萨', '意大利雪球芝士多肉多芝比萨', '新加坡砂煲风味腊肠鸡肉比萨', '呼伦贝尔羔羊排', '双人餐']"
B0FFF35LD9,[],小吃快餐,[],[],餐饮服务;快餐厅;快餐厅,[],[],050300,0,[],上城区,[],0571-86992897,B0J6VAA53C,港龙城1区一层1003/1005/1006是商铺,[],浙江省,diner,杭州市,202,"单人餐,双人餐",汉堡王(杭州港龙城购物中心),"120.224791,30.293819",[],[],[],,,TRUE,TRUE,FALSE,FALSE,餐饮服务;快餐厅;快餐厅,餐饮服务,快餐厅,"['单人餐', '双人餐']"
B023B08WDR,[],西式快餐,[],[],餐饮服务;快餐厅;麦当劳,[],[],050302,0,[],上城区,[],0571-63612114,B0L1550QB7,天城路1号杭州东站B1层,[],浙江省,diner,杭州市,201,"家有金桶（脆鸡版）,麦辣美味三件套,原味板烧鸡腿麦满分组合,麦当劳超值嗨餐,（2-3人餐）,大脆鸡扒麦满分组合,人气美味尽享套餐,可乐鸡翅,板烧美味三件套,家有金桶（汉堡版）,巨无霸汉堡,安格斯系列,麦辣鸡腿堡,汉堡",麦当劳(杭州东站东广场店),"120.215945,30.292711",[],[],[],,,TRUE,TRUE,FALSE,FALSE,餐饮服务;快餐厅;麦当劳,餐饮服务,快餐厅,"['家有金桶（脆鸡版）', '麦辣美味三件套', '原味板烧鸡腿麦满分组合', '麦当劳超值嗨餐', '（2-3人餐）', '大脆鸡扒麦满分组合', '人气美味尽享套餐', '可乐鸡翅', '板烧美味三件套', '家有金桶（汉堡版）', '巨无霸汉堡', '安格斯系列', '麦辣鸡腿堡', '汉堡']"
[],[],西式快餐,[],[],餐饮服务;快餐厅;麦当劳,[],[],050302,0,[],上城区,[],0571-86957310;4009200205,B0I04OYYZS,三里亭路37号麦当劳餐厅,[],浙江省,diner,杭州市,[],"下午茶,双人餐,薯条",麦当劳(杭州三里亭),"120.190615,30.294815",[],[],[],,,TRUE,TRUE,FALSE,FALSE,餐饮服务;快餐厅;麦当劳,餐饮服务,快餐厅,"['下午茶', '双人餐', '薯条']"
B0FFF35LD9,[],小吃快餐,[],[],餐饮服务;快餐厅;必胜客,[],[],050303,0,[],上城区,[],021-59097777,B0J6ZCTNB5,港龙城1区1001室、1002室的港龙悠乐城一层1001、1002-1号商铺,[],浙江省,diner,杭州市,202,"披萨,汉堡",必胜客(彭埠港龙城店),"120.224325,30.293675",[],[],[],,,TRUE,TRUE,FALSE,FALSE,餐饮服务;快餐厅;必胜客,餐饮服务,快餐厅,"['披萨', '汉堡']"
B0IK5ZPUGI,[],西式快餐,[],[],餐饮服务;快餐厅;快餐厅,[],[],050300,0,[],萧山区,[],4001597597,B0I24CPZ4D,萧山经济开发区裕隆大厦杨时路291号1层F1-41室,[],浙江省,diner,杭州市,202,"马德里风情牛腩大虾比萨,托斯卡纳风情芝浓三文鱼比萨,冬日暖饮,火山饼底,金尊猫山王榴莲多多比萨,照烧风味牛肉土豆比萨,意大利雪球芝士多肉多芝比萨,新加坡砂煲风味腊肠鸡肉比萨,呼伦贝尔羔羊排,经典大阪烧风味海陆比萨,西西里风情尊牛多多笋鲜比萨,可可火山饼底,苏丹王榴莲红毛丹比萨,美式豪情牛肉培根菠萝比萨,经典意式肉酱比萨,金枪鱼海鲜荟萃比萨,黑松露风味菌菇鸡肉比萨,苏丹王榴莲多多给荔比萨,嫩滋肋眼牛排,芝士焗烤嫩汁三文鱼,香甜双虾菠萝比萨,英式惠灵顿菲力牛排比萨,可可熔岩芝士流心卷边,双人餐",达美乐比萨(裕隆大厦店),"120.245716,30.205472",[],[],[],,,TRUE,TRUE,FALSE,FALSE,餐饮服务;快餐厅;快餐厅,餐饮服务,快餐厅,"['马德里风情牛腩大虾比萨', '托斯卡纳风情芝浓三文鱼比萨', '冬日暖饮', '火山饼底', '金尊猫山王榴莲多多比萨', '照烧风味牛肉土豆比萨', '意大利雪球芝士多肉多芝比萨', '新加坡砂煲风味腊肠鸡肉比萨', '呼伦贝尔羔羊排', '经典大阪烧风味海陆比萨', '西西里风情尊牛多多笋鲜比萨', '可可火山饼底', '苏丹王榴莲红毛丹比萨', '美式豪情牛肉培根菠萝比萨', '经典意式肉酱比萨', '金枪鱼海鲜荟萃比萨', '黑松露风味菌菇鸡肉比萨', '苏丹王榴莲多多给荔比萨', '嫩滋肋眼牛排', '芝士焗烤嫩汁三文鱼', '香甜双虾菠萝比萨', '英式惠灵顿菲力牛排比萨', '可可熔岩芝士流心卷边', '双人餐']"
B0FFGAR63L,[],西式快餐,[],[],餐饮服务;快餐厅;麦当劳,[],[],050302,0,[],萧山区,[],0571-82392717;4000517117,B023B18T38,市心北路一层834、836、838、840号及二层838、840号,[],浙江省,diner,杭州市,320,"麦当劳超值嗨餐,（2-3人餐）,板烧美味三件套,麦辣美味三件套,可乐鸡翅,家有金桶（脆鸡版）,巨无霸汉堡,大脆鸡扒麦满分组合,人气美味尽享套餐,原味板烧鸡腿麦满分组合,家有金桶（汉堡版）,麦辣鸡腿堡,安格斯系列,薯条,汉堡",麦当劳(江南明新DT店),"120.269719,30.219394",[],[],[],,,TRUE,TRUE,FALSE,FALSE,餐饮服务;快餐厅;麦当劳,餐饮服务,快餐厅,"['麦当劳超值嗨餐', '（2-3人餐）', '板烧美味三件套', '麦辣美味三件套', '可乐鸡翅', '家有金桶（脆鸡版）', '巨无霸汉堡', '大脆鸡扒麦满分组合', '人气美味尽享套餐', '原味板烧鸡腿麦满分组合', '家有金桶（汉堡版）', '麦辣鸡腿堡', '安格斯系列', '薯条', '汉堡']"
B023B02856,[],西式快餐,[],[],餐饮服务;快餐厅;麦当劳,[],[],050302,0,[],拱墅区,[],4009200205,B0HUXNIGDZ,文晖街道绍兴路168号和平大厦F1层,[],浙江省,diner,杭州市,202,"可乐鸡翅,大脆鸡扒麦满分组合,人气美味尽享套餐,麦当劳超值嗨餐,（2-3人餐）,原味板烧鸡腿麦满分组合,板烧美味三件套,麦辣美味三件套,家有金桶（汉堡版）,麦辣鸡腿堡,安格斯系列,巨无霸汉堡,家有金桶（脆鸡版）,双人餐,鸡肉,汉堡,薯条,牛肉",麦当劳(杭州拱墅区和平大厦),"120.174596,30.291839",[],[],[],,,TRUE,TRUE,FALSE,FALSE,餐饮服务;快餐厅;麦当劳,餐饮服务,快餐厅,"['可乐鸡翅', '大脆鸡扒麦满分组合', '人气美味尽享套餐', '麦当劳超值嗨餐', '（2-3人餐）', '原味板烧鸡腿麦满分组合', '板烧美味三件套', '麦辣美味三件套', '家有金桶（汉堡版）', '麦辣鸡腿堡', '安格斯系列', '巨无霸汉堡', '家有金桶（脆鸡版）', '双人餐', '鸡肉', '汉堡', '薯条', '牛肉']"
B0FFH5OGV3,[],西式快餐,[],[],餐饮服务;快餐厅;麦当劳,[],[],050302,0,[],滨江区,[],0571-87620321;4000517117,B0FFGKIDDR,江南大道1088号中南国际商城B-1座,[],浙江省,diner,杭州市,202,"巨无霸大套餐,不素之霸双层牛肉堡,不素之霸双层牛肉堡精选套餐,优品豆浆,原味板烧鸡腿堡,原味板烧鸡腿麦满分配脆薯饼,双层吉士汉堡,双层阿拉斯加狭鳕鱼堡,培根蔬萃双层牛堡,墨西哥烧烤风味鸡腿堡,奥利奥草莓麦旋风,奶油坚果酱蛋牛堡,小食纷享盒,巨无霸,双人餐,汉堡,薯条",麦当劳(中南国际商城店),"120.190205,30.196380",[],[],[],,,TRUE,TRUE,FALSE,FALSE,餐饮服务;快餐厅;麦当劳,餐饮服务,快餐厅,"['巨无霸大套餐', '不素之霸双层牛肉堡', '不素之霸双层牛肉堡精选套餐', '优品豆浆', '原味板烧鸡腿堡', '原味板烧鸡腿麦满分配脆薯饼', '双层吉士汉堡', '双层阿拉斯加狭鳕鱼堡', '培根蔬萃双层牛堡', '墨西哥烧烤风味鸡腿堡', '奥利奥草莓麦旋风', '奶油坚果酱蛋牛堡', '小食纷享盒', '巨无霸', '双人餐', '汉堡', '薯条']"
B023B1895Z,[],西式快餐,[],[],餐饮服务;快餐厅;麦当劳,[],[],050302,0,[],滨江区,[],4008517517,B0FFIR1OA7,江南大道1090号中南乐游城1F层(东2门附近),[],浙江省,diner,杭州市,201,"家有金桶（脆鸡版）,人气美味尽享套餐,原味板烧鸡腿麦满分组合,板烧美味三件套,可乐鸡翅,麦辣鸡腿堡,安格斯系列,巨无霸汉堡,麦辣美味三件套,麦当劳超值嗨餐,（2-3人餐）,大脆鸡扒麦满分组合,家有金桶（汉堡版）,薯条,汉堡,牛肉",麦当劳(杭州滨江中南乐游城店),"120.190883,30.194103",[],[],[],,,TRUE,TRUE,FALSE,FALSE,餐饮服务;快餐厅;麦当劳,餐饮服务,快餐厅,"['家有金桶（脆鸡版）', '人气美味尽享套餐', '原味板烧鸡腿麦满分组合', '板烧美味三件套', '可乐鸡翅', '麦辣鸡腿堡', '安格斯系列', '巨无霸汉堡', '麦辣美味三件套', '麦当劳超值嗨餐', '（2-3人餐）', '大脆鸡扒麦满分组合', '家有金桶（汉堡版）', '薯条', '汉堡', '牛肉']"
B0J26CYUMZ,[],小吃快餐,[],[],餐饮服务;快餐厅;肯德基,[],[],050301,0,[],西湖区,[],021-59097778,B0MDGANUTB,北山路13号,[],浙江省,diner,杭州市,202,[],肯德基(杭州断桥店),"120.151589,30.259760",[],[],[],,,TRUE,TRUE,FALSE,FALSE,餐饮服务;快餐厅;肯德基,餐饮服务,快餐厅,[]
B023B08XGW,[],小吃快餐,[],[],餐饮服务;快餐厅;快餐厅,[],[],050300,0,[],拱墅区,[],19012898951,B0FFJJ7GJR,河东路178号(潮王路地铁站E2口步行120米),[],浙江省,diner,杭州市,320,"虾爆鳝肉丝拌川,猪肝肉丝拌川,雪菜笋黑鱼面,特色猪肚面,特色虾腰片儿川,腰花片儿川,大肠面,番茄笋干虾干面,腰花面,爆鳝面,咸菜尖椒笋干肉丝面,猪肝面,杭派片儿川,牛肉,虾仁,虾爆鳝面,单人餐,浇头,牛蛙,猪肝,虾爆鳝茄汁拌川,杭派片儿川,茄汁拌川",复兴面王(河东路店),"120.160486,30.287523",[],[],[],,,TRUE,TRUE,FALSE,FALSE,餐饮服务;快餐厅;快餐厅,餐饮服务,快餐厅,"['虾爆鳝肉丝拌川', '猪肝肉丝拌川', '雪菜笋黑鱼面', '特色猪肚面', '特色虾腰片儿川', '腰花片儿川', '大肠面', '番茄笋干虾干面', '腰花面', '爆鳝面', '咸菜尖椒笋干肉丝面', '猪肝面', '杭派片儿川', '牛肉', '虾仁', '虾爆鳝面', '单人餐', '浇头', '牛蛙', '猪肝', '虾爆鳝茄汁拌川', '杭派片儿川', '茄汁拌川']"
[],[],西式快餐,[],[],餐饮服务;快餐厅;麦当劳,[],[],050302,0,[],拱墅区,[],0571-85239939;4000517117,B023B02TSZ,河东路260-264号(朝晖五小区东南3门西50米),[],浙江省,diner,杭州市,[],"大脆鸡扒麦满分组合,人气美味尽享套餐,麦当劳超值嗨餐,（2-3人餐）,原味板烧鸡腿麦满分组合,板烧美味三件套,麦辣美味三件套,可乐鸡翅,家有金桶（汉堡版）,巨无霸汉堡,麦辣鸡腿堡,安格斯系列,家有金桶（脆鸡版）,双人餐,汉堡,薯条",麦当劳(朝晖餐厅),"120.161444,30.286351",[],[],[],,,TRUE,TRUE,FALSE,FALSE,餐饮服务;快餐厅;麦当劳,餐饮服务,快餐厅,"['大脆鸡扒麦满分组合', '人气美味尽享套餐', '麦当劳超值嗨餐', '（2-3人餐）', '原味板烧鸡腿麦满分组合', '板烧美味三件套', '麦辣美味三件套', '可乐鸡翅', '家有金桶（汉堡版）', '巨无霸汉堡', '麦辣鸡腿堡', '安格斯系列', '家有金桶（脆鸡版）', '双人餐', '汉堡', '薯条']"
[],[],小吃快餐,[],[],餐饮服务;快餐厅;肯德基,[],[],050301,0,[],拱墅区,[],021-59097778,B023B02Q5Y,河东路138号,[],浙江省,diner,杭州市,[],"经典原味鸡,新奥尔良烤翅,超值午餐,薯条,香辣鸡翅,醇香土豆泥,奥尔良烤翅堡,可乐,香脆海苔虾,熏鸡麦饼被蛋卷,上校鸡块,bbq手撕猪肉卷,菌菇四宝汤,蛋挞,老北京卷土豆泥餐,单人餐,双人餐,汉堡",肯德基(朝晖店),"120.161868,30.285915",[],[],[],,,TRUE,TRUE,FALSE,FALSE,餐饮服务;快餐厅;肯德基,餐饮服务,快餐厅,"['经典原味鸡', '新奥尔良烤翅', '超值午餐', '薯条', '香辣鸡翅', '醇香土豆泥', '奥尔良烤翅堡', '可乐', '香脆海苔虾', '熏鸡麦饼被蛋卷', '上校鸡块', 'bbq手撕猪肉卷', '菌菇四宝汤', '蛋挞', '老北京卷土豆泥餐', '单人餐', '双人餐', '汉堡']"
B0IU9HWFFW,[],小吃快餐,[],[],餐饮服务;快餐厅;快餐厅,[],[],050300,0,[],上城区,[],4001597597,B0KB2DITUS,明石路11号德金商务中心,[],浙江省,diner,杭州市,202,"黑松露风味菌菇鸡肉比萨,苏丹王榴莲多多给荔比萨,嫩滋肋眼牛排,芝士焗烤嫩汁三文鱼,金尊猫山王榴莲多多比萨,照烧风味牛肉土豆比萨,意大利雪球芝士多肉多芝比萨,新加坡砂煲风味腊肠鸡肉比萨,呼伦贝尔羔羊排,西西里风情尊牛多多笋鲜比萨,可可火山饼底,苏丹王榴莲红毛丹比萨,美式豪情牛肉培根菠萝比萨,香甜双虾菠萝比萨,英式惠灵顿菲力牛排比萨,可可熔岩芝士流心卷边,马德里风情牛腩大虾比萨,托斯卡纳风情芝浓三文鱼比萨,冬日暖饮,火山饼底,双人餐",达美乐比萨(明石路德金中心店),"120.227635,30.304180",[],[],[],,,TRUE,TRUE,FALSE,FALSE,餐饮服务;快餐厅;快餐厅,餐饮服务,快餐厅,"['黑松露风味菌菇鸡肉比萨', '苏丹王榴莲多多给荔比萨', '嫩滋肋眼牛排', '芝士焗烤嫩汁三文鱼', '金尊猫山王榴莲多多比萨', '照烧风味牛肉土豆比萨', '意大利雪球芝士多肉多芝比萨', '新加坡砂煲风味腊肠鸡肉比萨', '呼伦贝尔羔羊排', '西西里风情尊牛多多笋鲜比萨', '可可火山饼底', '苏丹王榴莲红毛丹比萨', '美式豪情牛肉培根菠萝比萨', '香甜双虾菠萝比萨', '英式惠灵顿菲力牛排比萨', '可可熔岩芝士流心卷边', '马德里风情牛腩大虾比萨', '托斯卡纳风情芝浓三文鱼比萨', '冬日暖饮', '火山饼底', '双人餐']"
B0FFH33MWM,[],西式快餐,[],[],餐饮服务;快餐厅;麦当劳,[],[],050302,0,[],西湖区,[],0571-81951663;4000517117,B023B08XJR,文三路90号东部软件园科技广场,[],浙江省,diner,杭州市,202,"家有金桶（汉堡版）,麦当劳超值嗨餐,（2-3人餐）,板烧美味三件套,麦辣美味三件套,家有金桶（脆鸡版）,可乐鸡翅,麦辣鸡腿堡,安格斯系列,巨无霸汉堡,大脆鸡扒麦满分组合,人气美味尽享套餐,原味板烧鸡腿麦满分组合,汉堡,薯条",麦当劳(科技广场店),"120.146988,30.278396",[],[],[],,,TRUE,TRUE,FALSE,FALSE,餐饮服务;快餐厅;麦当劳,餐饮服务,快餐厅,"['家有金桶（汉堡版）', '麦当劳超值嗨餐', '（2-3人餐）', '板烧美味三件套', '麦辣美味三件套', '家有金桶（脆鸡版）', '可乐鸡翅', '麦辣鸡腿堡', '安格斯系列', '巨无霸汉堡', '大脆鸡扒麦满分组合', '人气美味尽享套餐', '原味板烧鸡腿麦满分组合', '汉堡', '薯条']"
B023B0377Q,[],西式快餐,[],[],餐饮服务;快餐厅;麦当劳,[],[],050302,0,[],西湖区,[],0571-86061002,B0GR1X1WGI,杭大路1号黄龙世纪广场一楼,[],浙江省,diner,杭州市,202,"家有金桶（汉堡版）,麦当劳超值嗨餐,（2-3人餐）,板烧美味三件套,麦辣美味三件套,家有金桶（脆鸡版）,原味板烧鸡腿麦满分组合,大脆鸡扒麦满分组合,人气美味尽享套餐,可乐鸡翅,巨无霸汉堡,安格斯系列,麦辣鸡腿堡,薯条,鸡肉,双人餐,汉堡",麦当劳(杭州黄龙世纪广场餐厅),"120.140770,30.268098",[],[],[],,,TRUE,TRUE,FALSE,FALSE,餐饮服务;快餐厅;麦当劳,餐饮服务,快餐厅,"['家有金桶（汉堡版）', '麦当劳超值嗨餐', '（2-3人餐）', '板烧美味三件套', '麦辣美味三件套', '家有金桶（脆鸡版）', '原味板烧鸡腿麦满分组合', '大脆鸡扒麦满分组合', '人气美味尽享套餐', '可乐鸡翅', '巨无霸汉堡', '安格斯系列', '麦辣鸡腿堡', '薯条', '鸡肉', '双人餐', '汉堡']"
[],[],西式快餐,[],[],餐饮服务;快餐厅;快餐厅,[],[],050300,0,[],滨江区,[],4009200205,B0H1O1WWO9,3333号滨江儿保医院一层,[],浙江省,diner,杭州市,[],"人气美味尽享套餐,原味板烧鸡腿麦满分组合,板烧美味三件套,大脆鸡扒麦满分组合,麦辣美味三件套,麦当劳超值嗨餐,（2-3人餐）,鸡肉,薯条,双人餐,汉堡,牛肉",麦当劳(杭州滨江儿保),"120.175162,30.190787",[],[],[],,,TRUE,TRUE,FALSE,FALSE,餐饮服务;快餐厅;快餐厅,餐饮服务,快餐厅,"['人气美味尽享套餐', '原味板烧鸡腿麦满分组合', '板烧美味三件套', '大脆鸡扒麦满分组合', '麦辣美味三件套', '麦当劳超值嗨餐', '（2-3人餐）', '鸡肉', '薯条', '双人餐', '汉堡', '牛肉']"
[],[],西式快餐,[],[],餐饮服务;快餐厅;麦当劳,[],[],050302,0,[],拱墅区,[],0571-88269663,B0FFHN90IF,莫干山路122号(沈塘桥地铁站A口步行130米),[],浙江省,diner,杭州市,[],"双人餐,薯条",麦当劳(地铁沈塘桥A口餐厅),"120.149936,30.281537",[],[],[],,,TRUE,TRUE,FALSE,FALSE,餐饮服务;快餐厅;麦当劳,餐饮服务,快餐厅,"['双人餐', '薯条']"
[],[],安徽小吃,[],[],餐饮服务;中餐厅;中餐厅,[],[],050100,0,[],拱墅区,[],15925623545,B0HBF7YVBR,沈塘桥路62号(沈塘桥地铁站A口步行110米),[],浙江省,diner,杭州市,[],"牛肉板面,牛肉,牛肉汤,牛肉面",正宗淮南牛肉汤,"120.151485,30.281462",[],[],[],,,TRUE,TRUE,FALSE,FALSE,餐饮服务;中餐厅;中餐厅,餐饮服务,中餐厅,"['牛肉板面', '牛肉', '牛肉汤', '牛肉面']"
[],[],小吃快餐,[],[],餐饮服务;快餐厅;快餐厅,[],[],050300,1,[],滨江区,[],13305812971,B0FFG8GOKN,长河街道滨盛路3191号仁苑小区11号楼63号商铺,[],浙江省,diner,杭州市,[],"鸡肉,薯条,汉堡",德克士(滨江儿保店),"120.176555,30.191122",[],[],[],,,TRUE,TRUE,FALSE,FALSE,餐饮服务;快餐厅;快餐厅,餐饮服务,快餐厅,"['鸡肉', '薯条', '汉堡']"
B023B0377R,[],饮品,[],[],餐饮服务;咖啡厅;星巴克咖啡|餐饮服务;快餐厅;快餐厅,[],[],050501|050300,1,[],西湖区,[],0571-87168202,B023B09TWT,杭大路15号1-2F(黄龙洞地铁站A1口步行390米),[],浙江省,diner,杭州市,202,"下午茶,单人餐",星巴克(杭州嘉华店),"120.140480,30.268993",[],[],[],,,TRUE,TRUE,FALSE,FALSE,餐饮服务;咖啡厅;星巴克咖啡,餐饮服务,咖啡厅,"['下午茶', '单人餐']"
B0LR1ARIXG,[],西式快餐,[],[],餐饮服务;快餐厅;快餐厅,[],[],050300,0,[],西湖区,[],[],B0JRKHW9BS,曙光路122号浙江世贸君澜大饭店B区10室(酒店小广场大草坪对面),[],浙江省,diner,杭州市,202,三明治,跑马场三明治,"120.140664,30.266228",[],[],[],,,TRUE,TRUE,FALSE,FALSE,餐饮服务;快餐厅;快餐厅,餐饮服务,快餐厅,['三明治']
B0FFH17QN9,[],西式快餐,[],[],餐饮服务;餐饮相关场所;餐饮相关,[],[],050000,0,[],拱墅区,[],0571-86981502;4008517517,B0HBFCYNEU,香积寺东路58号一层麦当劳,[],浙江省,diner,杭州市,202,"巨无霸汉堡,安格斯系列,麦辣鸡腿堡,板烧美味三件套,大脆鸡扒麦满分组合,人气美味尽享套餐,麦辣美味三件套,家有金桶（脆鸡版）,原味板烧鸡腿麦满分组合,麦当劳超值嗨餐,（2-3人餐）,家有金桶（汉堡版）,可乐鸡翅,双人餐,鸡肉,下午茶,汉堡",麦当劳(下城区行政服务中心),"120.178924,30.308071",[],[],[],,,TRUE,TRUE,FALSE,FALSE,餐饮服务;餐饮相关场所;餐饮相关,餐饮服务,餐饮相关场所,"['巨无霸汉堡', '安格斯系列', '麦辣鸡腿堡', '板烧美味三件套', '大脆鸡扒麦满分组合', '人气美味尽享套餐', '麦辣美味三件套', '家有金桶（脆鸡版）', '原味板烧鸡腿麦满分组合', '麦当劳超值嗨餐', '（2-3人餐）', '家有金桶（汉堡版）', '可乐鸡翅', '双人餐', '鸡肉', '下午茶', '汉堡']"
B023B08XO1,[],西式快餐,[],[],餐饮服务;快餐厅;快餐厅,[],[],050300,0,[],西湖区,[],0571-86479005,B0FFHJPUR0,教工路18号欧美中心,[],浙江省,diner,杭州市,202,"板烧美味三件套,大脆鸡扒麦满分组合,人气美味尽享套餐,麦辣美味三件套,家有金桶（脆鸡版）,原味板烧鸡腿麦满分组合,麦当劳超值嗨餐,（2-3人餐）,可乐鸡翅,家有金桶（汉堡版）,麦辣鸡腿堡,安格斯系列,巨无霸汉堡,汉堡,下午茶,双人餐,薯条",麦当劳(杭州世贸丽晶城餐厅),"120.136719,30.273765",[],[],[],,,TRUE,TRUE,FALSE,FALSE,餐饮服务;快餐厅;快餐厅,餐饮服务,快餐厅,"['板烧美味三件套', '大脆鸡扒麦满分组合', '人气美味尽享套餐', '麦辣美味三件套', '家有金桶（脆鸡版）', '原味板烧鸡腿麦满分组合', '麦当劳超值嗨餐', '（2-3人餐）', '可乐鸡翅', '家有金桶（汉堡版）', '麦辣鸡腿堡', '安格斯系列', '巨无霸汉堡', '汉堡', '下午茶', '双人餐', '薯条']"
B023B084C3,[],小吃快餐,[],[],餐饮服务;快餐厅;肯德基,[],[],050301,0,[],西湖区,[],021-59097778,B023B08WGP,教工路23号,[],浙江省,diner,杭州市,202,"蔬菜沙拉,醇香土豆泥,薯条,玉米沙拉,红豆派,鸡米花,肯大大鸡排,海苔岩烧大鸡腿饭,黄金鸡块,伴柠伴桔鲜果茶,现磨咖啡,新奥尔良烤鸡腿堡,KFC老北京鸡肉卷,小食拼盘,香辣鸡翅,KFC芋缘花淇淋,葡式蛋挞,芋缘花淇淋,KFC香辣（劲脆）鸡腿堡,吮指原味鸡,可乐,单人餐,蛋挞,双人餐,汉堡",肯德基(杭州庆丰店),"120.135940,30.274043",[],[],[],,,TRUE,TRUE,FALSE,FALSE,餐饮服务;快餐厅;肯德基,餐饮服务,快餐厅,"['蔬菜沙拉', '醇香土豆泥', '薯条', '玉米沙拉', '红豆派', '鸡米花', '肯大大鸡排', '海苔岩烧大鸡腿饭', '黄金鸡块', '伴柠伴桔鲜果茶', '现磨咖啡', '新奥尔良烤鸡腿堡', 'KFC老北京鸡肉卷', '小食拼盘', '香辣鸡翅', 'KFC芋缘花淇淋', '葡式蛋挞', '芋缘花淇淋', 'KFC香辣（劲脆）鸡腿堡', '吮指原味鸡', '可乐', '单人餐', '蛋挞', '双人餐', '汉堡']"
B0FFI0VFCR,[],小吃快餐,[],[],餐饮服务;快餐厅;肯德基,[],[],050301,0,[],滨江区,[],021-59097778,B0FFHI9J3D,江南大道与火炬大道交叉口滨盛路3867号,[],浙江省,diner,杭州市,202,"肯大大鸡排,黄金鸡块,蔬菜沙拉,醇香土豆泥,薯条,小食拼盘,海苔岩烧大鸡腿饭,KFC老北京鸡肉卷,玉米沙拉,红豆派,鸡米花,香辣鸡翅,伴柠伴桔鲜果茶,现磨咖啡,新奥尔良烤鸡腿堡,KFC芋缘花淇淋,葡式蛋挞,芋缘花淇淋,KFC香辣（劲脆）鸡腿堡,吮指原味鸡,可乐,双人餐,汉堡,蛋挞",肯德基(杭州滨江宝龙店),"120.167652,30.187504",[],[],[],,,TRUE,TRUE,FALSE,FALSE,餐饮服务;快餐厅;肯德基,餐饮服务,快餐厅,"['肯大大鸡排', '黄金鸡块', '蔬菜沙拉', '醇香土豆泥', '薯条', '小食拼盘', '海苔岩烧大鸡腿饭', 'KFC老北京鸡肉卷', '玉米沙拉', '红豆派', '鸡米花', '香辣鸡翅', '伴柠伴桔鲜果茶', '现磨咖啡', '新奥尔良烤鸡腿堡', 'KFC芋缘花淇淋', '葡式蛋挞', '芋缘花淇淋', 'KFC香辣（劲脆）鸡腿堡', '吮指原味鸡', '可乐', '双人餐', '汉堡', '蛋挞']"
[],[],西式快餐,[],[],餐饮服务;快餐厅;快餐厅,[],[],050300,0,[],拱墅区,[],4001597597,B0H1MDYCB3,文一路18-22号华润万家一层,[],浙江省,diner,杭州市,[],"经典意式肉酱比萨,金枪鱼海鲜荟萃比萨,黑松露风味菌菇鸡肉比萨,苏丹王榴莲多多给荔比萨,嫩滋肋眼牛排,芝士焗烤嫩汁三文鱼,香甜双虾菠萝比萨,英式惠灵顿菲力牛排比萨,可可熔岩芝士流心卷边,经典大阪烧风味海陆比萨,西西里风情尊牛多多笋鲜比萨,可可火山饼底,苏丹王榴莲红毛丹比萨,美式豪情牛肉培根菠萝比萨,金尊猫山王榴莲多多比萨,照烧风味牛肉土豆比萨,意大利雪球芝士多肉多芝比萨,新加坡砂煲风味腊肠鸡肉比萨,呼伦贝尔羔羊排,马德里风情牛腩大虾比萨,托斯卡纳风情芝浓三文鱼比萨,冬日暖饮,火山饼底,双人餐",达美乐比萨(文一路店),"120.147521,30.290276",[],[],[],,,TRUE,TRUE,FALSE,FALSE,餐饮服务;快餐厅;快餐厅,餐饮服务,快餐厅,"['经典意式肉酱比萨', '金枪鱼海鲜荟萃比萨', '黑松露风味菌菇鸡肉比萨', '苏丹王榴莲多多给荔比萨', '嫩滋肋眼牛排', '芝士焗烤嫩汁三文鱼', '香甜双虾菠萝比萨', '英式惠灵顿菲力牛排比萨', '可可熔岩芝士流心卷边', '经典大阪烧风味海陆比萨', '西西里风情尊牛多多笋鲜比萨', '可可火山饼底', '苏丹王榴莲红毛丹比萨', '美式豪情牛肉培根菠萝比萨', '金尊猫山王榴莲多多比萨', '照烧风味牛肉土豆比萨', '意大利雪球芝士多肉多芝比萨', '新加坡砂煲风味腊肠鸡肉比萨', '呼伦贝尔羔羊排', '马德里风情牛腩大虾比萨', '托斯卡纳风情芝浓三文鱼比萨', '冬日暖饮', '火山饼底', '双人餐']"
B0FFI0VFCR,[],小吃快餐,[],[],餐饮服务;快餐厅;必胜客,[],[],050303,0,[],滨江区,[],021-59097777,B0FFMG3TNU,滨盛路3867号宝龙城1楼近1号门,[],浙江省,diner,杭州市,202,"必胜硬核肉多多比萨,法式红酒厚切慢煮牛肋排,炙烤西冷牛排能量碗,黄金六两松板肉比萨,海鲜至尊比萨,金枕榴莲多多比萨,披萨,汉堡",必胜客(杭州滨江宝龙店),"120.168210,30.186934",[],[],[],,,TRUE,TRUE,FALSE,FALSE,餐饮服务;快餐厅;必胜客,餐饮服务,快餐厅,"['必胜硬核肉多多比萨', '法式红酒厚切慢煮牛肋排', '炙烤西冷牛排能量碗', '黄金六两松板肉比萨', '海鲜至尊比萨', '金枕榴莲多多比萨', '披萨', '汉堡']"
B023B14VVX,[],西式快餐,[],[],餐饮服务;快餐厅;麦当劳,[],[],050302,0,[],萧山区,[],0571-82683329,B023B175UR,金城路333号加州阳光·开元广场F1层1010(南3门附近),[],浙江省,diner,杭州市,201,"大脆鸡扒麦满分组合,人气美味尽享套餐,麦当劳超值嗨餐,（2-3人餐）,原味板烧鸡腿麦满分组合,板烧美味三件套,麦辣美味三件套,巨无霸汉堡,家有金桶（脆鸡版）,可乐鸡翅,家有金桶（汉堡版）,麦辣鸡腿堡,安格斯系列,薯条,汉堡",麦当劳(加州阳光·开元广场店),"120.250591,30.182522",[],[],[],,,TRUE,TRUE,FALSE,FALSE,餐饮服务;快餐厅;麦当劳,餐饮服务,快餐厅,"['大脆鸡扒麦满分组合', '人气美味尽享套餐', '麦当劳超值嗨餐', '（2-3人餐）', '原味板烧鸡腿麦满分组合', '板烧美味三件套', '麦辣美味三件套', '巨无霸汉堡', '家有金桶（脆鸡版）', '可乐鸡翅', '家有金桶（汉堡版）', '麦辣鸡腿堡', '安格斯系列', '薯条', '汉堡']"
B023B1CARD,[],小吃快餐,[],[],餐饮服务;快餐厅;快餐厅,[],[],050300,0,[],滨江区,[],0571-88530777;18106933260,B0FFKTRVAD,江南大道3774号元天科技大楼B座1楼,[],浙江省,diner,杭州市,202,"牛肉,冒菜",本分冒菜(元天科技店),"120.161793,30.185559",[],[],[],,,TRUE,TRUE,FALSE,FALSE,餐饮服务;快餐厅;快餐厅,餐饮服务,快餐厅,"['牛肉', '冒菜']"
[],[],小吃快餐,[],[],餐饮服务;快餐厅;快餐厅,[],[],050300,0,[],西湖区,[],18257196119,B0KUNAL1UZ,翠苑街道黄姑山路1号104-106,[],浙江省,diner,杭州市,[],"南田招牌满贯过桥米线,牛肉,米线,米粉",南田云米·传统菊花过桥米线,"120.133637,30.272623",[],[],[],,,TRUE,TRUE,FALSE,FALSE,餐饮服务;快餐厅;快餐厅,餐饮服务,快餐厅,"['南田招牌满贯过桥米线', '牛肉', '米线', '米粉']"
